question_number,question,answer_A,answer_B,answer_C,answer_D,correct_answer,difficulty_level,subject
1,Which keyword is used to define a function in Python?,function,func,define,def,D,easy,Programming
2,Which data type is immutable in Python?,dict,set,tuple,list,C,easy,Programming
3,What is the output of bool([]) in Python?,True,Error,None,False,D,easy,Programming
4,Which built-in function returns the number of items in an iterable?,count(),size(),len(),length(),C,easy,Programming
5,How do you start a single-line comment in Python?,//,/*,--,#,D,easy,Programming
6,Which operator is used for exponentiation in Python?,^,exp(),^^,**,D,easy,Programming
7,What does the range(5) function generate in Python 3?,Integers from 0 to 5,Integers from 1 to 5,Integers from 0 to 4,Integers from 1 to 4,C,easy,Programming
8,Which collection type does not allow duplicate elements in Python?,list,string,set,tuple,C,easy,Programming
9,Which method is used to remove and return the last item of a list in Python?,pop(),delete(),remove(),discard(),A,easy,Programming
10,What is the file extension for compiled Python bytecode files?,.pyd,.pyt,.pyc,.pyo,C,medium,Programming
11,Which function is used to convert an object into its string representation for debugging?,eval(),str(),print(),repr(),D,medium,Programming
12,What is the primary purpose of the __init__ method in a Python class?,To define class-level static constants,To destroy unused class instances,To allocate heap memory for the class,To initialize newly created object attributes,D,easy,Programming
13,Which Python module provides support for regular expressions?,string,regex,re,pyregex,C,easy,Programming
14,"In Python, which keyword is used to handle exceptions?",handle,rescue,catch,except,D,easy,Programming
15,Which clause in a Python try block is executed regardless of whether an exception occurred?,finally,else,always,except,A,easy,Programming
16,What does PEP stand for in the Python community?,Python Environment Platform,Python Enhancement Proposal,Python Enterprise Package,Python Execution Protocol,B,medium,Programming
17,Which built-in module is used for generating pseudo-random numbers in Python?,rand,urandom,math.random,random,D,easy,Programming
18,What is the time complexity of looking up a key in a standard Python dictionary on average?,O(n),O(n^2),O(1),O(log n),C,medium,Programming
19,Which statement creates an empty dictionary in Python?,(),[],set(),{},D,easy,Programming
20,What does the 'is' operator compare in Python?,Memory identity of two objects,Equality of values of two objects,Data types of two objects,Hash values of two objects,A,medium,Programming
21,Which mechanism in Python allows a function to return an iterator that yields one value at a time?,Generator,Closure,Lambda,Decorator,A,medium,Programming
22,What keyword turns a normal function into a generator in Python?,yield,emit,produce,return,A,easy,Programming
23,What is the Global Interpreter Lock (GIL) in CPython?,A garbage collector mechanism that deallocates cyclic references,A compiler optimization that pre-compiles loops into C,A security feature that isolates virtual environments,A mutex that prevents multiple native threads from executing Python bytecodes simultaneously,D,hard,Programming
24,Which magic method is called when an object is called as a function in Python?,__run__,__execute__,__call__,__invoke__,C,hard,Programming
25,Which standard decorator prevents a method from modifying class or instance state?,@property,@staticmethod,@classmethod,@abstractmethod,B,medium,Programming
26,What is the purpose of the super() function in Python?,To instantiate a root object in memory,To grant elevated administrative privileges,To call methods of the superclass / parent class,To create a singleton instance,C,medium,Programming
27,Which module in Python is used for serialization and deserialization of objects?,dump,marshal,serialize,pickle,D,medium,Programming
28,What will type(lambda x: x + 1) return in Python?,<class 'lambda'>,<class 'method'>,<class 'function'>,<class 'expression'>,C,medium,Programming
29,"What is the output of 3 * [1, 2] in Python?",TypeError,"[[1, 2], [1, 2], [1, 2]]","[1, 2, 1, 2, 1, 2]","[3, 6]",C,medium,Programming
30,Which data structure does the collections.deque class implement in Python?,Double-ended queue,Dynamic hash map,Priority min-heap,Balanced AVL tree,A,medium,Programming
31,In Python (Variant 2): Which keyword is used to define a function in Python?,function,def,define,func,B,easy,Programming
32,In Python (Variant 2): Which data type is immutable in Python?,tuple,dict,set,list,A,easy,Programming
33,In Python (Variant 2): What is the output of bool([]) in Python?,False,True,None,Error,A,easy,Programming
34,In Python (Variant 2): Which built-in function returns the number of items in an iterable?,count(),length(),len(),size(),C,easy,Programming
35,In Python (Variant 2): How do you start a single-line comment in Python?,//,/*,#,--,C,easy,Programming
36,In Python (Variant 2): Which operator is used for exponentiation in Python?,^,^^,exp(),**,D,easy,Programming
37,In Python (Variant 2): What does the range(5) function generate in Python 3?,Integers from 1 to 5,Integers from 0 to 4,Integers from 0 to 5,Integers from 1 to 4,B,easy,Programming
38,In Python (Variant 2): Which collection type does not allow duplicate elements in Python?,set,tuple,list,string,A,easy,Programming
39,In Python (Variant 2): Which method is used to remove and return the last item of a list in Python?,remove(),pop(),discard(),delete(),B,easy,Programming
40,In Python (Variant 2): What is the file extension for compiled Python bytecode files?,.pyt,.pyo,.pyd,.pyc,D,medium,Programming
41,In Python (Variant 2): Which function is used to convert an object into its string representation for debugging?,print(),str(),repr(),eval(),C,medium,Programming
42,In Python (Variant 2): What is the primary purpose of the __init__ method in a Python class?,To destroy unused class instances,To allocate heap memory for the class,To initialize newly created object attributes,To define class-level static constants,C,easy,Programming
43,In Python (Variant 2): Which Python module provides support for regular expressions?,string,regex,pyregex,re,D,easy,Programming
44,"In Python (Variant 2): In Python, which keyword is used to handle exceptions?",rescue,except,handle,catch,B,easy,Programming
45,In Python (Variant 2): Which clause in a Python try block is executed regardless of whether an exception occurred?,else,finally,always,except,B,easy,Programming
46,In Python (Variant 2): What does PEP stand for in the Python community?,Python Enterprise Package,Python Enhancement Proposal,Python Environment Platform,Python Execution Protocol,B,medium,Programming
47,In Python (Variant 2): Which built-in module is used for generating pseudo-random numbers in Python?,urandom,rand,math.random,random,D,easy,Programming
48,In Python (Variant 2): What is the time complexity of looking up a key in a standard Python dictionary on average?,O(n),O(log n),O(1),O(n^2),C,medium,Programming
49,In Python (Variant 2): Which statement creates an empty dictionary in Python?,(),{},set(),[],B,easy,Programming
50,In Python (Variant 2): What does the 'is' operator compare in Python?,Equality of values of two objects,Data types of two objects,Hash values of two objects,Memory identity of two objects,D,medium,Programming
51,In Python (Variant 2): Which mechanism in Python allows a function to return an iterator that yields one value at a time?,Lambda,Decorator,Closure,Generator,D,medium,Programming
52,In Python (Variant 2): What keyword turns a normal function into a generator in Python?,return,emit,produce,yield,D,easy,Programming
53,In Python (Variant 2): What is the Global Interpreter Lock (GIL) in CPython?,A mutex that prevents multiple native threads from executing Python bytecodes simultaneously,A compiler optimization that pre-compiles loops into C,A security feature that isolates virtual environments,A garbage collector mechanism that deallocates cyclic references,A,hard,Programming
54,In Python (Variant 2): Which magic method is called when an object is called as a function in Python?,__call__,__run__,__execute__,__invoke__,A,hard,Programming
55,In Python (Variant 2): Which standard decorator prevents a method from modifying class or instance state?,@abstractmethod,@staticmethod,@property,@classmethod,B,medium,Programming
56,In Python (Variant 2): What is the purpose of the super() function in Python?,To call methods of the superclass / parent class,To grant elevated administrative privileges,To instantiate a root object in memory,To create a singleton instance,A,medium,Programming
57,In Python (Variant 2): Which module in Python is used for serialization and deserialization of objects?,pickle,serialize,marshal,dump,A,medium,Programming
58,In Python (Variant 2): What will type(lambda x: x + 1) return in Python?,<class 'lambda'>,<class 'expression'>,<class 'method'>,<class 'function'>,D,medium,Programming
59,"In Python (Variant 2): What is the output of 3 * [1, 2] in Python?","[3, 6]",TypeError,"[[1, 2], [1, 2], [1, 2]]","[1, 2, 1, 2, 1, 2]",D,medium,Programming
60,In Python (Variant 3): Which data structure does the collections.deque class implement in Python?,Balanced AVL tree,Double-ended queue,Priority min-heap,Dynamic hash map,B,medium,Programming
61,In Python (Variant 3): Which keyword is used to define a function in Python?,func,function,define,def,D,easy,Programming
62,In Python (Variant 3): Which data type is immutable in Python?,dict,set,tuple,list,C,easy,Programming
63,In Python (Variant 3): What is the output of bool([]) in Python?,True,Error,False,None,C,easy,Programming
64,In Python (Variant 3): Which built-in function returns the number of items in an iterable?,len(),count(),length(),size(),A,easy,Programming
65,In Python (Variant 3): How do you start a single-line comment in Python?,--,#,/*,//,B,easy,Programming
66,In Python (Variant 3): Which operator is used for exponentiation in Python?,^^,^,**,exp(),C,easy,Programming
67,In Python (Variant 3): What does the range(5) function generate in Python 3?,Integers from 1 to 5,Integers from 0 to 5,Integers from 0 to 4,Integers from 1 to 4,C,easy,Programming
68,In Python (Variant 3): Which collection type does not allow duplicate elements in Python?,string,list,tuple,set,D,easy,Programming
69,In Python (Variant 3): Which method is used to remove and return the last item of a list in Python?,pop(),discard(),remove(),delete(),A,easy,Programming
70,In Python (Variant 3): What is the file extension for compiled Python bytecode files?,.pyo,.pyc,.pyd,.pyt,B,medium,Programming
71,In Python (Variant 3): Which function is used to convert an object into its string representation for debugging?,eval(),str(),print(),repr(),D,medium,Programming
72,In Python (Variant 3): What is the primary purpose of the __init__ method in a Python class?,To allocate heap memory for the class,To define class-level static constants,To initialize newly created object attributes,To destroy unused class instances,C,easy,Programming
73,In Python (Variant 3): Which Python module provides support for regular expressions?,pyregex,string,re,regex,C,easy,Programming
74,"In Python (Variant 3): In Python, which keyword is used to handle exceptions?",handle,except,rescue,catch,B,easy,Programming
75,In Python (Variant 3): Which clause in a Python try block is executed regardless of whether an exception occurred?,always,finally,else,except,B,easy,Programming
76,In Python (Variant 3): What does PEP stand for in the Python community?,Python Enterprise Package,Python Environment Platform,Python Execution Protocol,Python Enhancement Proposal,D,medium,Programming
77,In Python (Variant 3): Which built-in module is used for generating pseudo-random numbers in Python?,rand,urandom,math.random,random,D,easy,Programming
78,In Python (Variant 3): What is the time complexity of looking up a key in a standard Python dictionary on average?,O(n),O(log n),O(n^2),O(1),D,medium,Programming
79,In Python (Variant 3): Which statement creates an empty dictionary in Python?,{},[],set(),(),A,easy,Programming
80,In Python (Variant 3): What does the 'is' operator compare in Python?,Data types of two objects,Memory identity of two objects,Hash values of two objects,Equality of values of two objects,B,medium,Programming
81,In Python (Variant 3): Which mechanism in Python allows a function to return an iterator that yields one value at a time?,Closure,Generator,Lambda,Decorator,B,medium,Programming
82,In Python (Variant 3): What keyword turns a normal function into a generator in Python?,yield,produce,return,emit,A,easy,Programming
83,In Python (Variant 3): What is the Global Interpreter Lock (GIL) in CPython?,A mutex that prevents multiple native threads from executing Python bytecodes simultaneously,A compiler optimization that pre-compiles loops into C,A garbage collector mechanism that deallocates cyclic references,A security feature that isolates virtual environments,A,hard,Programming
84,In Python (Variant 3): Which magic method is called when an object is called as a function in Python?,__run__,__execute__,__call__,__invoke__,C,hard,Programming
85,In Python (Variant 3): Which standard decorator prevents a method from modifying class or instance state?,@abstractmethod,@property,@staticmethod,@classmethod,C,medium,Programming
86,In Python (Variant 3): What is the purpose of the super() function in Python?,To instantiate a root object in memory,To grant elevated administrative privileges,To call methods of the superclass / parent class,To create a singleton instance,C,medium,Programming
87,In Python (Variant 3): Which module in Python is used for serialization and deserialization of objects?,serialize,pickle,marshal,dump,B,medium,Programming
88,In Python (Variant 3): What will type(lambda x: x + 1) return in Python?,<class 'lambda'>,<class 'method'>,<class 'expression'>,<class 'function'>,D,medium,Programming
89,"In Python (Variant 3): What is the output of 3 * [1, 2] in Python?",TypeError,"[3, 6]","[1, 2, 1, 2, 1, 2]","[[1, 2], [1, 2], [1, 2]]",C,medium,Programming
90,In Python (Variant 4): Which data structure does the collections.deque class implement in Python?,Priority min-heap,Double-ended queue,Balanced AVL tree,Dynamic hash map,B,medium,Programming
91,In Python (Variant 4): Which keyword is used to define a function in Python?,define,def,function,func,B,easy,Programming
92,In Python (Variant 4): Which data type is immutable in Python?,dict,set,list,tuple,D,easy,Programming
93,In Python (Variant 4): What is the output of bool([]) in Python?,Error,True,False,None,C,easy,Programming
94,In Python (Variant 4): Which built-in function returns the number of items in an iterable?,len(),size(),length(),count(),A,easy,Programming
95,In Python (Variant 4): How do you start a single-line comment in Python?,#,--,/*,//,A,easy,Programming
96,In Python (Variant 4): Which operator is used for exponentiation in Python?,^^,**,^,exp(),B,easy,Programming
97,In Python (Variant 4): What does the range(5) function generate in Python 3?,Integers from 0 to 5,Integers from 1 to 4,Integers from 1 to 5,Integers from 0 to 4,D,easy,Programming
98,In Python (Variant 4): Which collection type does not allow duplicate elements in Python?,list,string,tuple,set,D,easy,Programming
99,In Python (Variant 4): Which method is used to remove and return the last item of a list in Python?,discard(),remove(),pop(),delete(),C,easy,Programming
100,In Python (Variant 4): What is the file extension for compiled Python bytecode files?,.pyd,.pyo,.pyt,.pyc,D,medium,Programming
101,In Python (Variant 4): Which function is used to convert an object into its string representation for debugging?,print(),str(),repr(),eval(),C,medium,Programming
102,In Python (Variant 4): What is the primary purpose of the __init__ method in a Python class?,To allocate heap memory for the class,To initialize newly created object attributes,To define class-level static constants,To destroy unused class instances,B,easy,Programming
103,In Python (Variant 4): Which Python module provides support for regular expressions?,regex,re,string,pyregex,B,easy,Programming
104,"In Python (Variant 4): In Python, which keyword is used to handle exceptions?",handle,except,rescue,catch,B,easy,Programming
105,In Python (Variant 4): Which clause in a Python try block is executed regardless of whether an exception occurred?,else,always,except,finally,D,easy,Programming
106,In Python (Variant 4): What does PEP stand for in the Python community?,Python Environment Platform,Python Enhancement Proposal,Python Execution Protocol,Python Enterprise Package,B,medium,Programming
107,In Python (Variant 4): Which built-in module is used for generating pseudo-random numbers in Python?,urandom,rand,random,math.random,C,easy,Programming
108,In Python (Variant 4): What is the time complexity of looking up a key in a standard Python dictionary on average?,O(log n),O(1),O(n),O(n^2),B,medium,Programming
109,In Python (Variant 4): Which statement creates an empty dictionary in Python?,(),set(),[],{},D,easy,Programming
110,In Python (Variant 4): What does the 'is' operator compare in Python?,Equality of values of two objects,Hash values of two objects,Memory identity of two objects,Data types of two objects,C,medium,Programming
111,In Python (Variant 4): Which mechanism in Python allows a function to return an iterator that yields one value at a time?,Lambda,Decorator,Generator,Closure,C,medium,Programming
112,In Python (Variant 4): What keyword turns a normal function into a generator in Python?,yield,emit,produce,return,A,easy,Programming
113,In Python (Variant 4): What is the Global Interpreter Lock (GIL) in CPython?,A garbage collector mechanism that deallocates cyclic references,A mutex that prevents multiple native threads from executing Python bytecodes simultaneously,A security feature that isolates virtual environments,A compiler optimization that pre-compiles loops into C,B,hard,Programming
114,In Python (Variant 4): Which magic method is called when an object is called as a function in Python?,__invoke__,__run__,__execute__,__call__,D,hard,Programming
115,In Python (Variant 4): Which standard decorator prevents a method from modifying class or instance state?,@property,@abstractmethod,@classmethod,@staticmethod,D,medium,Programming
116,In Python (Variant 4): What is the purpose of the super() function in Python?,To instantiate a root object in memory,To create a singleton instance,To call methods of the superclass / parent class,To grant elevated administrative privileges,C,medium,Programming
117,In Python (Variant 4): Which module in Python is used for serialization and deserialization of objects?,dump,pickle,serialize,marshal,B,medium,Programming
118,In Python (Variant 4): What will type(lambda x: x + 1) return in Python?,<class 'lambda'>,<class 'method'>,<class 'function'>,<class 'expression'>,C,medium,Programming
119,"In Python (Variant 4): What is the output of 3 * [1, 2] in Python?",TypeError,"[3, 6]","[[1, 2], [1, 2], [1, 2]]","[1, 2, 1, 2, 1, 2]",D,medium,Programming
120,In Python (Variant 5): Which data structure does the collections.deque class implement in Python?,Balanced AVL tree,Priority min-heap,Double-ended queue,Dynamic hash map,C,medium,Programming
121,In Python (Variant 5): Which keyword is used to define a function in Python?,function,def,define,func,B,easy,Programming
122,In Python (Variant 5): Which data type is immutable in Python?,tuple,dict,set,list,A,easy,Programming
123,In Python (Variant 5): What is the output of bool([]) in Python?,True,False,None,Error,B,easy,Programming
124,In Python (Variant 5): Which built-in function returns the number of items in an iterable?,count(),length(),len(),size(),C,easy,Programming
125,In Python (Variant 5): How do you start a single-line comment in Python?,/*,//,#,--,C,easy,Programming
126,In Python (Variant 5): Which operator is used for exponentiation in Python?,^^,exp(),**,^,C,easy,Programming
127,In Python (Variant 5): What does the range(5) function generate in Python 3?,Integers from 1 to 4,Integers from 0 to 4,Integers from 1 to 5,Integers from 0 to 5,B,easy,Programming
128,In Python (Variant 5): Which collection type does not allow duplicate elements in Python?,string,tuple,set,list,C,easy,Programming
129,In Python (Variant 5): Which method is used to remove and return the last item of a list in Python?,pop(),delete(),remove(),discard(),A,easy,Programming
130,In Python (Variant 5): What is the file extension for compiled Python bytecode files?,.pyt,.pyd,.pyo,.pyc,D,medium,Programming
131,In Python (Variant 5): Which function is used to convert an object into its string representation for debugging?,repr(),str(),eval(),print(),A,medium,Programming
132,In Python (Variant 5): What is the primary purpose of the __init__ method in a Python class?,To destroy unused class instances,To allocate heap memory for the class,To define class-level static constants,To initialize newly created object attributes,D,easy,Programming
133,In Python (Variant 5): Which Python module provides support for regular expressions?,re,string,pyregex,regex,A,easy,Programming
134,"In Python (Variant 5): In Python, which keyword is used to handle exceptions?",handle,catch,rescue,except,D,easy,Programming
135,In Python (Variant 5): Which clause in a Python try block is executed regardless of whether an exception occurred?,finally,else,always,except,A,easy,Programming
136,In Python (Variant 5): What does PEP stand for in the Python community?,Python Execution Protocol,Python Enhancement Proposal,Python Enterprise Package,Python Environment Platform,B,medium,Programming
137,In Python (Variant 5): Which built-in module is used for generating pseudo-random numbers in Python?,rand,random,math.random,urandom,B,easy,Programming
138,In Python (Variant 5): What is the time complexity of looking up a key in a standard Python dictionary on average?,O(n^2),O(n),O(1),O(log n),C,medium,Programming
139,In Python (Variant 5): Which statement creates an empty dictionary in Python?,set(),(),[],{},D,easy,Programming
140,In Python (Variant 5): What does the 'is' operator compare in Python?,Hash values of two objects,Memory identity of two objects,Equality of values of two objects,Data types of two objects,B,medium,Programming
141,In Python (Variant 5): Which mechanism in Python allows a function to return an iterator that yields one value at a time?,Generator,Decorator,Lambda,Closure,A,medium,Programming
142,In Python (Variant 5): What keyword turns a normal function into a generator in Python?,emit,return,produce,yield,D,easy,Programming
143,In Python (Variant 5): What is the Global Interpreter Lock (GIL) in CPython?,A mutex that prevents multiple native threads from executing Python bytecodes simultaneously,A garbage collector mechanism that deallocates cyclic references,A compiler optimization that pre-compiles loops into C,A security feature that isolates virtual environments,A,hard,Programming
144,In Python (Variant 5): Which magic method is called when an object is called as a function in Python?,__call__,__execute__,__invoke__,__run__,A,hard,Programming
145,In Python (Variant 5): Which standard decorator prevents a method from modifying class or instance state?,@property,@abstractmethod,@staticmethod,@classmethod,C,medium,Programming
146,In Python (Variant 5): What is the purpose of the super() function in Python?,To instantiate a root object in memory,To call methods of the superclass / parent class,To create a singleton instance,To grant elevated administrative privileges,B,medium,Programming
147,In Python (Variant 5): Which module in Python is used for serialization and deserialization of objects?,dump,pickle,serialize,marshal,B,medium,Programming
148,In Python (Variant 5): What will type(lambda x: x + 1) return in Python?,<class 'method'>,<class 'function'>,<class 'lambda'>,<class 'expression'>,B,medium,Programming
149,"In Python (Variant 5): What is the output of 3 * [1, 2] in Python?","[1, 2, 1, 2, 1, 2]","[[1, 2], [1, 2], [1, 2]]","[3, 6]",TypeError,A,medium,Programming
150,In Python (Variant 6): Which data structure does the collections.deque class implement in Python?,Double-ended queue,Priority min-heap,Dynamic hash map,Balanced AVL tree,A,medium,Programming
151,In Python (Variant 6): Which keyword is used to define a function in Python?,def,define,function,func,A,easy,Programming
152,In Python (Variant 6): Which data type is immutable in Python?,dict,tuple,set,list,B,easy,Programming
153,In Python (Variant 6): What is the output of bool([]) in Python?,False,True,Error,None,A,easy,Programming
154,In Python (Variant 6): Which built-in function returns the number of items in an iterable?,size(),count(),length(),len(),D,easy,Programming
155,In Python (Variant 6): How do you start a single-line comment in Python?,--,/*,#,//,C,easy,Programming
156,In Python (Variant 6): Which operator is used for exponentiation in Python?,^,^^,exp(),**,D,easy,Programming
157,In Python (Variant 6): What does the range(5) function generate in Python 3?,Integers from 1 to 5,Integers from 0 to 4,Integers from 0 to 5,Integers from 1 to 4,B,easy,Programming
158,In Python (Variant 6): Which collection type does not allow duplicate elements in Python?,tuple,set,list,string,B,easy,Programming
159,In Python (Variant 6): Which method is used to remove and return the last item of a list in Python?,pop(),delete(),remove(),discard(),A,easy,Programming
160,In Python (Variant 6): What is the file extension for compiled Python bytecode files?,.pyt,.pyd,.pyc,.pyo,C,medium,Programming
161,In Python (Variant 6): Which function is used to convert an object into its string representation for debugging?,eval(),print(),str(),repr(),D,medium,Programming
162,In Python (Variant 6): What is the primary purpose of the __init__ method in a Python class?,To initialize newly created object attributes,To define class-level static constants,To destroy unused class instances,To allocate heap memory for the class,A,easy,Programming
163,In Python (Variant 6): Which Python module provides support for regular expressions?,regex,string,pyregex,re,D,easy,Programming
164,"In Python (Variant 6): In Python, which keyword is used to handle exceptions?",handle,rescue,catch,except,D,easy,Programming
165,In Python (Variant 6): Which clause in a Python try block is executed regardless of whether an exception occurred?,finally,else,except,always,A,easy,Programming
166,In Python (Variant 6): What does PEP stand for in the Python community?,Python Enhancement Proposal,Python Execution Protocol,Python Enterprise Package,Python Environment Platform,A,medium,Programming
167,In Python (Variant 6): Which built-in module is used for generating pseudo-random numbers in Python?,math.random,rand,random,urandom,C,easy,Programming
168,In Python (Variant 6): What is the time complexity of looking up a key in a standard Python dictionary on average?,O(log n),O(1),O(n),O(n^2),B,medium,Programming
169,In Python (Variant 6): Which statement creates an empty dictionary in Python?,{},set(),(),[],A,easy,Programming
170,In Python (Variant 6): What does the 'is' operator compare in Python?,Memory identity of two objects,Data types of two objects,Hash values of two objects,Equality of values of two objects,A,medium,Programming
171,In Python (Variant 6): Which mechanism in Python allows a function to return an iterator that yields one value at a time?,Lambda,Decorator,Closure,Generator,D,medium,Programming
172,In Python (Variant 6): What keyword turns a normal function into a generator in Python?,yield,produce,emit,return,A,easy,Programming
173,In Python (Variant 6): What is the Global Interpreter Lock (GIL) in CPython?,A garbage collector mechanism that deallocates cyclic references,A mutex that prevents multiple native threads from executing Python bytecodes simultaneously,A compiler optimization that pre-compiles loops into C,A security feature that isolates virtual environments,B,hard,Programming
174,In Python (Variant 6): Which magic method is called when an object is called as a function in Python?,__execute__,__run__,__call__,__invoke__,C,hard,Programming
175,In Python (Variant 6): Which standard decorator prevents a method from modifying class or instance state?,@classmethod,@staticmethod,@property,@abstractmethod,B,medium,Programming
176,In Python (Variant 6): What is the purpose of the super() function in Python?,To create a singleton instance,To grant elevated administrative privileges,To call methods of the superclass / parent class,To instantiate a root object in memory,C,medium,Programming
177,In Python (Variant 6): Which module in Python is used for serialization and deserialization of objects?,pickle,marshal,serialize,dump,A,medium,Programming
178,In Python (Variant 6): What will type(lambda x: x + 1) return in Python?,<class 'lambda'>,<class 'expression'>,<class 'function'>,<class 'method'>,C,medium,Programming
179,"In Python (Variant 6): What is the output of 3 * [1, 2] in Python?","[3, 6]","[1, 2, 1, 2, 1, 2]","[[1, 2], [1, 2], [1, 2]]",TypeError,B,medium,Programming
180,In Python (Variant 7): Which data structure does the collections.deque class implement in Python?,Priority min-heap,Double-ended queue,Dynamic hash map,Balanced AVL tree,B,medium,Programming
181,In Python (Variant 7): Which keyword is used to define a function in Python?,def,define,func,function,A,easy,Programming
182,In Python (Variant 7): Which data type is immutable in Python?,list,tuple,set,dict,B,easy,Programming
183,In Python (Variant 7): What is the output of bool([]) in Python?,None,True,False,Error,C,easy,Programming
184,In Python (Variant 7): Which built-in function returns the number of items in an iterable?,size(),len(),count(),length(),B,easy,Programming
185,In Python (Variant 7): How do you start a single-line comment in Python?,#,/*,//,--,A,easy,Programming
186,In Python (Variant 7): Which operator is used for exponentiation in Python?,^^,**,exp(),^,B,easy,Programming
187,In Python (Variant 7): What does the range(5) function generate in Python 3?,Integers from 0 to 5,Integers from 1 to 4,Integers from 1 to 5,Integers from 0 to 4,D,easy,Programming
188,In Python (Variant 7): Which collection type does not allow duplicate elements in Python?,string,list,tuple,set,D,easy,Programming
189,In Python (Variant 7): Which method is used to remove and return the last item of a list in Python?,delete(),pop(),discard(),remove(),B,easy,Programming
190,In Python (Variant 7): What is the file extension for compiled Python bytecode files?,.pyt,.pyd,.pyo,.pyc,D,medium,Programming
191,In Python (Variant 7): Which function is used to convert an object into its string representation for debugging?,print(),str(),repr(),eval(),C,medium,Programming
192,In Python (Variant 7): What is the primary purpose of the __init__ method in a Python class?,To initialize newly created object attributes,To define class-level static constants,To allocate heap memory for the class,To destroy unused class instances,A,easy,Programming
193,In Python (Variant 7): Which Python module provides support for regular expressions?,re,string,regex,pyregex,A,easy,Programming
194,"In Python (Variant 7): In Python, which keyword is used to handle exceptions?",handle,rescue,catch,except,D,easy,Programming
195,In Python (Variant 7): Which clause in a Python try block is executed regardless of whether an exception occurred?,except,always,else,finally,D,easy,Programming
196,In Python (Variant 7): What does PEP stand for in the Python community?,Python Execution Protocol,Python Environment Platform,Python Enterprise Package,Python Enhancement Proposal,D,medium,Programming
197,In Python (Variant 7): Which built-in module is used for generating pseudo-random numbers in Python?,rand,math.random,urandom,random,D,easy,Programming
198,In Python (Variant 7): What is the time complexity of looking up a key in a standard Python dictionary on average?,O(n),O(n^2),O(log n),O(1),D,medium,Programming
199,In Python (Variant 7): Which statement creates an empty dictionary in Python?,[],(),{},set(),C,easy,Programming
200,In Python (Variant 7): What does the 'is' operator compare in Python?,Equality of values of two objects,Hash values of two objects,Data types of two objects,Memory identity of two objects,D,medium,Programming
201,In Python (Variant 7): Which mechanism in Python allows a function to return an iterator that yields one value at a time?,Generator,Decorator,Closure,Lambda,A,medium,Programming
202,In Python (Variant 7): What keyword turns a normal function into a generator in Python?,return,emit,yield,produce,C,easy,Programming
203,In Python (Variant 7): What is the Global Interpreter Lock (GIL) in CPython?,A security feature that isolates virtual environments,A mutex that prevents multiple native threads from executing Python bytecodes simultaneously,A compiler optimization that pre-compiles loops into C,A garbage collector mechanism that deallocates cyclic references,B,hard,Programming
204,In Python (Variant 7): Which magic method is called when an object is called as a function in Python?,__execute__,__run__,__invoke__,__call__,D,hard,Programming
205,In Python (Variant 7): Which standard decorator prevents a method from modifying class or instance state?,@classmethod,@staticmethod,@property,@abstractmethod,B,medium,Programming
206,In Python (Variant 7): What is the purpose of the super() function in Python?,To instantiate a root object in memory,To grant elevated administrative privileges,To create a singleton instance,To call methods of the superclass / parent class,D,medium,Programming
207,In Python (Variant 7): Which module in Python is used for serialization and deserialization of objects?,dump,serialize,marshal,pickle,D,medium,Programming
208,In Python (Variant 7): What will type(lambda x: x + 1) return in Python?,<class 'lambda'>,<class 'method'>,<class 'expression'>,<class 'function'>,D,medium,Programming
209,"In Python (Variant 7): What is the output of 3 * [1, 2] in Python?","[1, 2, 1, 2, 1, 2]","[[1, 2], [1, 2], [1, 2]]",TypeError,"[3, 6]",A,medium,Programming
210,In Python (Variant 8): Which data structure does the collections.deque class implement in Python?,Balanced AVL tree,Dynamic hash map,Double-ended queue,Priority min-heap,C,medium,Programming
211,In Python (Variant 8): Which keyword is used to define a function in Python?,define,function,func,def,D,easy,Programming
212,In Python (Variant 8): Which data type is immutable in Python?,dict,set,list,tuple,D,easy,Programming
213,In Python (Variant 8): What is the output of bool([]) in Python?,True,False,None,Error,B,easy,Programming
214,In Python (Variant 8): Which built-in function returns the number of items in an iterable?,size(),count(),len(),length(),C,easy,Programming
215,In Python (Variant 8): How do you start a single-line comment in Python?,#,/*,//,--,A,easy,Programming
216,In Python (Variant 8): Which operator is used for exponentiation in Python?,exp(),**,^,^^,B,easy,Programming
217,In Python (Variant 8): What does the range(5) function generate in Python 3?,Integers from 1 to 4,Integers from 0 to 5,Integers from 1 to 5,Integers from 0 to 4,D,easy,Programming
218,In Python (Variant 8): Which collection type does not allow duplicate elements in Python?,set,tuple,string,list,A,easy,Programming
219,In Python (Variant 8): Which method is used to remove and return the last item of a list in Python?,discard(),remove(),pop(),delete(),C,easy,Programming
220,In Python (Variant 8): What is the file extension for compiled Python bytecode files?,.pyt,.pyo,.pyc,.pyd,C,medium,Programming
221,What is the worst-case time complexity of QuickSort?,O(n^2),O(n),O(log n),O(n log n),A,medium,Programming
222,What is the average-case time complexity of MergeSort?,O(n log n),O(log n),O(n^2),O(n),A,easy,Programming
223,What is the best-case time complexity of BubbleSort on an already sorted array?,O(n log n),O(1),O(n^2),O(n),D,easy,Programming
224,Which sorting algorithm has a worst-case time complexity of O(n log n) and sorts in-place?,QuickSort,MergeSort,InsertionSort,HeapSort,D,medium,Programming
225,"Which data structure operates on a Last-In, First-Out (LIFO) principle?",Queue,Stack,Priority Queue,Deque,B,easy,Programming
226,"Which data structure operates on a First-In, First-Out (FIFO) principle?",Queue,Stack,Binary Heap,Tree,A,easy,Programming
227,What is the worst-case time complexity of searching in a balanced Binary Search Tree (AVL tree)?,O(n),O(n log n),O(log n),O(1),C,medium,Programming
228,What is the worst-case time complexity of searching in a standard degenerate Binary Search Tree?,O(n log n),O(log n),O(n),O(1),C,medium,Programming
229,Which algorithm is used to find the shortest path in a weighted graph with non-negative edge weights?,Dijkstra's Algorithm,Floyd-Warshall Algorithm,Kruskal's Algorithm,Bellman-Ford Algorithm,A,medium,Programming
230,Which algorithm is used to find shortest paths in a graph containing negative edge weights?,Bellman-Ford Algorithm,Dijkstra's Algorithm,Prim's Algorithm,Breadth-First Search,A,hard,Programming
231,Which greedy algorithm is used to find the Minimum Spanning Tree of an edge-weighted undirected graph?,Kruskal's Algorithm,Dijkstra's Algorithm,Topological Sort,Tarjan's Algorithm,A,medium,Programming
232,What data structure is typically used to implement Breadth-First Search (BFS)?,Queue,Stack,Hash Table,Binary Heap,A,easy,Programming
233,What data structure is typically used to implement Depth-First Search (DFS) iteratively?,Stack,Fibonacci Heap,Queue,Circular Buffer,A,easy,Programming
234,What is the average time complexity of insertion in a hash table with good hashing?,O(n log n),O(log n),O(1),O(n),C,easy,Programming
235,What technique resolves collisions by maintaining a linked list at each bucket in a hash table?,Open Addressing,Quadratic Probing,Separate Chaining,Linear Probing,C,medium,Programming
236,What is the space complexity of an adjacency matrix representation of a graph with V vertices?,O(E^2),O(V),O(V^2),O(V + E),C,medium,Programming
237,What is the time complexity of the Floyd-Warshall all-pairs shortest path algorithm?,O(V^3),O(V^2 log V),O(E log V),O(V * E),A,hard,Programming
238,Which design paradigm solves a problem by breaking it into overlapping subproblems and storing results?,Greedy Algorithm,Divide and Conquer,Backtracking,Dynamic Programming,D,medium,Programming
239,What is the time complexity of computing the n-th Fibonacci number using memoized dynamic programming?,O(n^2),O(n),O(log n),O(2^n),B,medium,Programming
240,What is the maximum number of nodes at level L in a binary tree (root at level 0)?,2^(L-1),L^2,2^L,2^(L+1),C,medium,Programming
241,Which tree traversal visits the root node before visiting its left and right subtrees?,In-order traversal,Level-order traversal,Pre-order traversal,Post-order traversal,C,easy,Programming
242,Which tree traversal yields elements of a Binary Search Tree in non-decreasing sorted order?,Pre-order traversal,In-order traversal,Eulerian traversal,Post-order traversal,B,easy,Programming
243,What is the minimum height of a binary tree with n nodes?,n / 2,sqrt(n),floor(log2(n)),log10(n),C,medium,Programming
244,What data structure is used to implement a Priority Queue with logarithmic insertion and deletion?,Binary Heap,Hash Map,Linked List,Dynamic Array,A,medium,Programming
245,What is the worst-case time complexity of Linear Search in an unsorted array of size n?,O(1),O(n),O(log n),O(n log n),B,easy,Programming
246,What is the time complexity of Binary Search in a sorted array of size n?,O(n^2),O(1),O(n),O(log n),D,easy,Programming
247,"In a min-heap, where is the minimum element always located?",At the rightmost leaf,At the leftmost leaf,At a random internal node,At the root,D,easy,Programming
248,Which algorithm detects cycles in a directed graph using in-degree counting?,Kruskal's Algorithm,Prim's Algorithm,Kahn's Algorithm (Topological Sort),Floyd's Cycle Algorithm,C,hard,Programming
249,What is the worst-case time complexity of building a heap from an array of n elements (Heapify)?,O(n^2),O(log n),O(n),O(n log n),C,hard,Programming
250,What algorithmic technique is utilized in the N-Queens problem to prune invalid states?,Dynamic Programming,Greedy Search,Branch and Bound,Backtracking,D,medium,Programming
251,Algorithm Analysis #2: What is the worst-case time complexity of QuickSort?,O(n log n),O(n^2),O(n),O(log n),B,medium,Programming
252,Algorithm Analysis #2: What is the average-case time complexity of MergeSort?,O(n log n),O(n),O(n^2),O(log n),A,easy,Programming
253,Algorithm Analysis #2: What is the best-case time complexity of BubbleSort on an already sorted array?,O(n),O(n log n),O(1),O(n^2),A,easy,Programming
254,Algorithm Analysis #2: Which sorting algorithm has a worst-case time complexity of O(n log n) and sorts in-place?,MergeSort,HeapSort,InsertionSort,QuickSort,B,medium,Programming
255,"Algorithm Analysis #2: Which data structure operates on a Last-In, First-Out (LIFO) principle?",Queue,Priority Queue,Deque,Stack,D,easy,Programming
256,"Algorithm Analysis #2: Which data structure operates on a First-In, First-Out (FIFO) principle?",Stack,Queue,Tree,Binary Heap,B,easy,Programming
257,Algorithm Analysis #2: What is the worst-case time complexity of searching in a balanced Binary Search Tree (AVL tree)?,O(1),O(n log n),O(log n),O(n),C,medium,Programming
258,Algorithm Analysis #2: What is the worst-case time complexity of searching in a standard degenerate Binary Search Tree?,O(log n),O(1),O(n log n),O(n),D,medium,Programming
259,Algorithm Analysis #2: Which algorithm is used to find the shortest path in a weighted graph with non-negative edge weights?,Dijkstra's Algorithm,Floyd-Warshall Algorithm,Bellman-Ford Algorithm,Kruskal's Algorithm,A,medium,Programming
260,Algorithm Analysis #2: Which algorithm is used to find shortest paths in a graph containing negative edge weights?,Dijkstra's Algorithm,Breadth-First Search,Bellman-Ford Algorithm,Prim's Algorithm,C,hard,Programming
261,Algorithm Analysis #2: Which greedy algorithm is used to find the Minimum Spanning Tree of an edge-weighted undirected graph?,Kruskal's Algorithm,Dijkstra's Algorithm,Tarjan's Algorithm,Topological Sort,A,medium,Programming
262,Algorithm Analysis #2: What data structure is typically used to implement Breadth-First Search (BFS)?,Stack,Binary Heap,Queue,Hash Table,C,easy,Programming
263,Algorithm Analysis #2: What data structure is typically used to implement Depth-First Search (DFS) iteratively?,Queue,Stack,Fibonacci Heap,Circular Buffer,B,easy,Programming
264,Algorithm Analysis #2: What is the average time complexity of insertion in a hash table with good hashing?,O(n),O(log n),O(1),O(n log n),C,easy,Programming
265,Algorithm Analysis #2: What technique resolves collisions by maintaining a linked list at each bucket in a hash table?,Linear Probing,Separate Chaining,Quadratic Probing,Open Addressing,B,medium,Programming
266,Algorithm Analysis #2: What is the space complexity of an adjacency matrix representation of a graph with V vertices?,O(V + E),O(E^2),O(V),O(V^2),D,medium,Programming
267,Algorithm Analysis #2: What is the time complexity of the Floyd-Warshall all-pairs shortest path algorithm?,O(V^3),O(V^2 log V),O(E log V),O(V * E),A,hard,Programming
268,Algorithm Analysis #2: Which design paradigm solves a problem by breaking it into overlapping subproblems and storing results?,Greedy Algorithm,Divide and Conquer,Dynamic Programming,Backtracking,C,medium,Programming
269,Algorithm Analysis #2: What is the time complexity of computing the n-th Fibonacci number using memoized dynamic programming?,O(n),O(2^n),O(log n),O(n^2),A,medium,Programming
270,Algorithm Analysis #2: What is the maximum number of nodes at level L in a binary tree (root at level 0)?,2^L,2^(L-1),L^2,2^(L+1),A,medium,Programming
271,Algorithm Analysis #2: Which tree traversal visits the root node before visiting its left and right subtrees?,In-order traversal,Post-order traversal,Pre-order traversal,Level-order traversal,C,easy,Programming
272,Algorithm Analysis #2: Which tree traversal yields elements of a Binary Search Tree in non-decreasing sorted order?,In-order traversal,Pre-order traversal,Post-order traversal,Eulerian traversal,A,easy,Programming
273,Algorithm Analysis #2: What is the minimum height of a binary tree with n nodes?,n / 2,log10(n),floor(log2(n)),sqrt(n),C,medium,Programming
274,Algorithm Analysis #2: What data structure is used to implement a Priority Queue with logarithmic insertion and deletion?,Hash Map,Binary Heap,Dynamic Array,Linked List,B,medium,Programming
275,Algorithm Analysis #2: What is the worst-case time complexity of Linear Search in an unsorted array of size n?,O(log n),O(n),O(n log n),O(1),B,easy,Programming
276,Algorithm Analysis #2: What is the time complexity of Binary Search in a sorted array of size n?,O(log n),O(1),O(n^2),O(n),A,easy,Programming
277,"Algorithm Analysis #2: In a min-heap, where is the minimum element always located?",At a random internal node,At the leftmost leaf,At the root,At the rightmost leaf,C,easy,Programming
278,Algorithm Analysis #2: Which algorithm detects cycles in a directed graph using in-degree counting?,Prim's Algorithm,Kruskal's Algorithm,Kahn's Algorithm (Topological Sort),Floyd's Cycle Algorithm,C,hard,Programming
279,Algorithm Analysis #2: What is the worst-case time complexity of building a heap from an array of n elements (Heapify)?,O(n),O(log n),O(n log n),O(n^2),A,hard,Programming
280,Algorithm Analysis #3: What algorithmic technique is utilized in the N-Queens problem to prune invalid states?,Dynamic Programming,Backtracking,Branch and Bound,Greedy Search,B,medium,Programming
281,Algorithm Analysis #3: What is the worst-case time complexity of QuickSort?,O(n^2),O(n),O(log n),O(n log n),A,medium,Programming
282,Algorithm Analysis #3: What is the average-case time complexity of MergeSort?,O(n log n),O(n),O(n^2),O(log n),A,easy,Programming
283,Algorithm Analysis #3: What is the best-case time complexity of BubbleSort on an already sorted array?,O(n^2),O(1),O(n log n),O(n),D,easy,Programming
284,Algorithm Analysis #3: Which sorting algorithm has a worst-case time complexity of O(n log n) and sorts in-place?,HeapSort,InsertionSort,MergeSort,QuickSort,A,medium,Programming
285,"Algorithm Analysis #3: Which data structure operates on a Last-In, First-Out (LIFO) principle?",Priority Queue,Deque,Queue,Stack,D,easy,Programming
286,"Algorithm Analysis #3: Which data structure operates on a First-In, First-Out (FIFO) principle?",Binary Heap,Queue,Stack,Tree,B,easy,Programming
287,Algorithm Analysis #3: What is the worst-case time complexity of searching in a balanced Binary Search Tree (AVL tree)?,O(log n),O(1),O(n log n),O(n),A,medium,Programming
288,Algorithm Analysis #3: What is the worst-case time complexity of searching in a standard degenerate Binary Search Tree?,O(n),O(log n),O(1),O(n log n),A,medium,Programming
289,Algorithm Analysis #3: Which algorithm is used to find the shortest path in a weighted graph with non-negative edge weights?,Floyd-Warshall Algorithm,Bellman-Ford Algorithm,Kruskal's Algorithm,Dijkstra's Algorithm,D,medium,Programming
290,Algorithm Analysis #3: Which algorithm is used to find shortest paths in a graph containing negative edge weights?,Bellman-Ford Algorithm,Prim's Algorithm,Breadth-First Search,Dijkstra's Algorithm,A,hard,Programming
291,Algorithm Analysis #3: Which greedy algorithm is used to find the Minimum Spanning Tree of an edge-weighted undirected graph?,Dijkstra's Algorithm,Topological Sort,Kruskal's Algorithm,Tarjan's Algorithm,C,medium,Programming
292,Algorithm Analysis #3: What data structure is typically used to implement Breadth-First Search (BFS)?,Hash Table,Queue,Binary Heap,Stack,B,easy,Programming
293,Algorithm Analysis #3: What data structure is typically used to implement Depth-First Search (DFS) iteratively?,Queue,Stack,Fibonacci Heap,Circular Buffer,B,easy,Programming
294,Algorithm Analysis #3: What is the average time complexity of insertion in a hash table with good hashing?,O(n),O(log n),O(1),O(n log n),C,easy,Programming
295,Algorithm Analysis #3: What technique resolves collisions by maintaining a linked list at each bucket in a hash table?,Linear Probing,Quadratic Probing,Open Addressing,Separate Chaining,D,medium,Programming
296,Algorithm Analysis #3: What is the space complexity of an adjacency matrix representation of a graph with V vertices?,O(V^2),O(E^2),O(V),O(V + E),A,medium,Programming
297,Algorithm Analysis #3: What is the time complexity of the Floyd-Warshall all-pairs shortest path algorithm?,O(V^3),O(E log V),O(V^2 log V),O(V * E),A,hard,Programming
298,Algorithm Analysis #3: Which design paradigm solves a problem by breaking it into overlapping subproblems and storing results?,Greedy Algorithm,Divide and Conquer,Dynamic Programming,Backtracking,C,medium,Programming
299,Algorithm Analysis #3: What is the time complexity of computing the n-th Fibonacci number using memoized dynamic programming?,O(n^2),O(n),O(log n),O(2^n),B,medium,Programming
300,Algorithm Analysis #3: What is the maximum number of nodes at level L in a binary tree (root at level 0)?,2^(L+1),L^2,2^L,2^(L-1),C,medium,Programming
301,Algorithm Analysis #3: Which tree traversal visits the root node before visiting its left and right subtrees?,Pre-order traversal,Post-order traversal,In-order traversal,Level-order traversal,A,easy,Programming
302,Algorithm Analysis #3: Which tree traversal yields elements of a Binary Search Tree in non-decreasing sorted order?,Eulerian traversal,Post-order traversal,Pre-order traversal,In-order traversal,D,easy,Programming
303,Algorithm Analysis #3: What is the minimum height of a binary tree with n nodes?,sqrt(n),n / 2,floor(log2(n)),log10(n),C,medium,Programming
304,Algorithm Analysis #3: What data structure is used to implement a Priority Queue with logarithmic insertion and deletion?,Binary Heap,Dynamic Array,Linked List,Hash Map,A,medium,Programming
305,Algorithm Analysis #3: What is the worst-case time complexity of Linear Search in an unsorted array of size n?,O(n),O(1),O(log n),O(n log n),A,easy,Programming
306,Algorithm Analysis #3: What is the time complexity of Binary Search in a sorted array of size n?,O(n^2),O(log n),O(1),O(n),B,easy,Programming
307,"Algorithm Analysis #3: In a min-heap, where is the minimum element always located?",At the rightmost leaf,At the leftmost leaf,At the root,At a random internal node,C,easy,Programming
308,Algorithm Analysis #3: Which algorithm detects cycles in a directed graph using in-degree counting?,Floyd's Cycle Algorithm,Prim's Algorithm,Kruskal's Algorithm,Kahn's Algorithm (Topological Sort),D,hard,Programming
309,Algorithm Analysis #3: What is the worst-case time complexity of building a heap from an array of n elements (Heapify)?,O(n^2),O(n),O(n log n),O(log n),B,hard,Programming
310,Algorithm Analysis #4: What algorithmic technique is utilized in the N-Queens problem to prune invalid states?,Dynamic Programming,Greedy Search,Backtracking,Branch and Bound,C,medium,Programming
311,Algorithm Analysis #4: What is the worst-case time complexity of QuickSort?,O(log n),O(n log n),O(n^2),O(n),C,medium,Programming
312,Algorithm Analysis #4: What is the average-case time complexity of MergeSort?,O(log n),O(n^2),O(n),O(n log n),D,easy,Programming
313,Algorithm Analysis #4: What is the best-case time complexity of BubbleSort on an already sorted array?,O(n log n),O(1),O(n^2),O(n),D,easy,Programming
314,Algorithm Analysis #4: Which sorting algorithm has a worst-case time complexity of O(n log n) and sorts in-place?,MergeSort,HeapSort,QuickSort,InsertionSort,B,medium,Programming
315,"Algorithm Analysis #4: Which data structure operates on a Last-In, First-Out (LIFO) principle?",Deque,Priority Queue,Queue,Stack,D,easy,Programming
316,"Algorithm Analysis #4: Which data structure operates on a First-In, First-Out (FIFO) principle?",Queue,Stack,Tree,Binary Heap,A,easy,Programming
317,Algorithm Analysis #4: What is the worst-case time complexity of searching in a balanced Binary Search Tree (AVL tree)?,O(1),O(n log n),O(n),O(log n),D,medium,Programming
318,Algorithm Analysis #4: What is the worst-case time complexity of searching in a standard degenerate Binary Search Tree?,O(n),O(log n),O(n log n),O(1),A,medium,Programming
319,Algorithm Analysis #4: Which algorithm is used to find the shortest path in a weighted graph with non-negative edge weights?,Bellman-Ford Algorithm,Kruskal's Algorithm,Floyd-Warshall Algorithm,Dijkstra's Algorithm,D,medium,Programming
320,Algorithm Analysis #4: Which algorithm is used to find shortest paths in a graph containing negative edge weights?,Bellman-Ford Algorithm,Breadth-First Search,Prim's Algorithm,Dijkstra's Algorithm,A,hard,Programming
321,Algorithm Analysis #4: Which greedy algorithm is used to find the Minimum Spanning Tree of an edge-weighted undirected graph?,Tarjan's Algorithm,Kruskal's Algorithm,Topological Sort,Dijkstra's Algorithm,B,medium,Programming
322,Algorithm Analysis #4: What data structure is typically used to implement Breadth-First Search (BFS)?,Stack,Binary Heap,Queue,Hash Table,C,easy,Programming
323,Algorithm Analysis #4: What data structure is typically used to implement Depth-First Search (DFS) iteratively?,Circular Buffer,Queue,Stack,Fibonacci Heap,C,easy,Programming
324,Algorithm Analysis #4: What is the average time complexity of insertion in a hash table with good hashing?,O(log n),O(n),O(n log n),O(1),D,easy,Programming
325,Algorithm Analysis #4: What technique resolves collisions by maintaining a linked list at each bucket in a hash table?,Quadratic Probing,Linear Probing,Open Addressing,Separate Chaining,D,medium,Programming
326,Algorithm Analysis #4: What is the space complexity of an adjacency matrix representation of a graph with V vertices?,O(V),O(V^2),O(V + E),O(E^2),B,medium,Programming
327,Algorithm Analysis #4: What is the time complexity of the Floyd-Warshall all-pairs shortest path algorithm?,O(V^3),O(E log V),O(V * E),O(V^2 log V),A,hard,Programming
328,Algorithm Analysis #4: Which design paradigm solves a problem by breaking it into overlapping subproblems and storing results?,Backtracking,Greedy Algorithm,Dynamic Programming,Divide and Conquer,C,medium,Programming
329,Algorithm Analysis #4: What is the time complexity of computing the n-th Fibonacci number using memoized dynamic programming?,O(log n),O(2^n),O(n^2),O(n),D,medium,Programming
330,Algorithm Analysis #4: What is the maximum number of nodes at level L in a binary tree (root at level 0)?,2^(L+1),2^L,L^2,2^(L-1),B,medium,Programming
331,Algorithm Analysis #4: Which tree traversal visits the root node before visiting its left and right subtrees?,Pre-order traversal,Post-order traversal,Level-order traversal,In-order traversal,A,easy,Programming
332,Algorithm Analysis #4: Which tree traversal yields elements of a Binary Search Tree in non-decreasing sorted order?,Post-order traversal,In-order traversal,Pre-order traversal,Eulerian traversal,B,easy,Programming
333,Algorithm Analysis #4: What is the minimum height of a binary tree with n nodes?,sqrt(n),floor(log2(n)),n / 2,log10(n),B,medium,Programming
334,Algorithm Analysis #4: What data structure is used to implement a Priority Queue with logarithmic insertion and deletion?,Hash Map,Dynamic Array,Linked List,Binary Heap,D,medium,Programming
335,Algorithm Analysis #4: What is the worst-case time complexity of Linear Search in an unsorted array of size n?,O(n),O(log n),O(n log n),O(1),A,easy,Programming
336,Algorithm Analysis #4: What is the time complexity of Binary Search in a sorted array of size n?,O(log n),O(n^2),O(n),O(1),A,easy,Programming
337,"Algorithm Analysis #4: In a min-heap, where is the minimum element always located?",At the root,At the rightmost leaf,At a random internal node,At the leftmost leaf,A,easy,Programming
338,Algorithm Analysis #4: Which algorithm detects cycles in a directed graph using in-degree counting?,Prim's Algorithm,Kruskal's Algorithm,Floyd's Cycle Algorithm,Kahn's Algorithm (Topological Sort),D,hard,Programming
339,Algorithm Analysis #4: What is the worst-case time complexity of building a heap from an array of n elements (Heapify)?,O(n),O(n log n),O(log n),O(n^2),A,hard,Programming
340,Algorithm Analysis #5: What algorithmic technique is utilized in the N-Queens problem to prune invalid states?,Branch and Bound,Dynamic Programming,Backtracking,Greedy Search,C,medium,Programming
341,Algorithm Analysis #5: What is the worst-case time complexity of QuickSort?,O(n log n),O(log n),O(n^2),O(n),C,medium,Programming
342,Algorithm Analysis #5: What is the average-case time complexity of MergeSort?,O(n),O(n log n),O(n^2),O(log n),B,easy,Programming
343,Algorithm Analysis #5: What is the best-case time complexity of BubbleSort on an already sorted array?,O(n log n),O(1),O(n),O(n^2),C,easy,Programming
344,Algorithm Analysis #5: Which sorting algorithm has a worst-case time complexity of O(n log n) and sorts in-place?,MergeSort,HeapSort,InsertionSort,QuickSort,B,medium,Programming
345,"Algorithm Analysis #5: Which data structure operates on a Last-In, First-Out (LIFO) principle?",Queue,Deque,Priority Queue,Stack,D,easy,Programming
346,"Algorithm Analysis #5: Which data structure operates on a First-In, First-Out (FIFO) principle?",Tree,Queue,Stack,Binary Heap,B,easy,Programming
347,Algorithm Analysis #5: What is the worst-case time complexity of searching in a balanced Binary Search Tree (AVL tree)?,O(n),O(log n),O(1),O(n log n),B,medium,Programming
348,Algorithm Analysis #5: What is the worst-case time complexity of searching in a standard degenerate Binary Search Tree?,O(n log n),O(1),O(log n),O(n),D,medium,Programming
349,Algorithm Analysis #5: Which algorithm is used to find the shortest path in a weighted graph with non-negative edge weights?,Bellman-Ford Algorithm,Floyd-Warshall Algorithm,Dijkstra's Algorithm,Kruskal's Algorithm,C,medium,Programming
350,Algorithm Analysis #5: Which algorithm is used to find shortest paths in a graph containing negative edge weights?,Bellman-Ford Algorithm,Breadth-First Search,Prim's Algorithm,Dijkstra's Algorithm,A,hard,Programming
351,Algorithm Analysis #5: Which greedy algorithm is used to find the Minimum Spanning Tree of an edge-weighted undirected graph?,Tarjan's Algorithm,Dijkstra's Algorithm,Kruskal's Algorithm,Topological Sort,C,medium,Programming
352,Algorithm Analysis #5: What data structure is typically used to implement Breadth-First Search (BFS)?,Queue,Binary Heap,Stack,Hash Table,A,easy,Programming
353,Algorithm Analysis #5: What data structure is typically used to implement Depth-First Search (DFS) iteratively?,Circular Buffer,Fibonacci Heap,Queue,Stack,D,easy,Programming
354,Algorithm Analysis #5: What is the average time complexity of insertion in a hash table with good hashing?,O(log n),O(n log n),O(1),O(n),C,easy,Programming
355,Algorithm Analysis #5: What technique resolves collisions by maintaining a linked list at each bucket in a hash table?,Quadratic Probing,Open Addressing,Separate Chaining,Linear Probing,C,medium,Programming
356,Algorithm Analysis #5: What is the space complexity of an adjacency matrix representation of a graph with V vertices?,O(E^2),O(V),O(V + E),O(V^2),D,medium,Programming
357,Algorithm Analysis #5: What is the time complexity of the Floyd-Warshall all-pairs shortest path algorithm?,O(V^3),O(V * E),O(V^2 log V),O(E log V),A,hard,Programming
358,Algorithm Analysis #5: Which design paradigm solves a problem by breaking it into overlapping subproblems and storing results?,Dynamic Programming,Divide and Conquer,Greedy Algorithm,Backtracking,A,medium,Programming
359,Algorithm Analysis #5: What is the time complexity of computing the n-th Fibonacci number using memoized dynamic programming?,O(2^n),O(log n),O(n^2),O(n),D,medium,Programming
360,Algorithm Analysis #5: What is the maximum number of nodes at level L in a binary tree (root at level 0)?,2^(L+1),2^(L-1),2^L,L^2,C,medium,Programming
361,Algorithm Analysis #5: Which tree traversal visits the root node before visiting its left and right subtrees?,Level-order traversal,Pre-order traversal,Post-order traversal,In-order traversal,B,easy,Programming
362,Algorithm Analysis #5: Which tree traversal yields elements of a Binary Search Tree in non-decreasing sorted order?,In-order traversal,Pre-order traversal,Post-order traversal,Eulerian traversal,A,easy,Programming
363,Algorithm Analysis #5: What is the minimum height of a binary tree with n nodes?,n / 2,sqrt(n),floor(log2(n)),log10(n),C,medium,Programming
364,Algorithm Analysis #5: What data structure is used to implement a Priority Queue with logarithmic insertion and deletion?,Dynamic Array,Linked List,Hash Map,Binary Heap,D,medium,Programming
365,Algorithm Analysis #5: What is the worst-case time complexity of Linear Search in an unsorted array of size n?,O(log n),O(1),O(n),O(n log n),C,easy,Programming
366,Algorithm Analysis #5: What is the time complexity of Binary Search in a sorted array of size n?,O(n^2),O(log n),O(1),O(n),B,easy,Programming
367,"Algorithm Analysis #5: In a min-heap, where is the minimum element always located?",At the root,At the rightmost leaf,At the leftmost leaf,At a random internal node,A,easy,Programming
368,Algorithm Analysis #5: Which algorithm detects cycles in a directed graph using in-degree counting?,Kruskal's Algorithm,Kahn's Algorithm (Topological Sort),Prim's Algorithm,Floyd's Cycle Algorithm,B,hard,Programming
369,Algorithm Analysis #5: What is the worst-case time complexity of building a heap from an array of n elements (Heapify)?,O(n log n),O(n),O(n^2),O(log n),B,hard,Programming
370,Algorithm Analysis #6: What algorithmic technique is utilized in the N-Queens problem to prune invalid states?,Backtracking,Dynamic Programming,Greedy Search,Branch and Bound,A,medium,Programming
371,Algorithm Analysis #6: What is the worst-case time complexity of QuickSort?,O(log n),O(n log n),O(n^2),O(n),C,medium,Programming
372,Algorithm Analysis #6: What is the average-case time complexity of MergeSort?,O(n log n),O(n),O(log n),O(n^2),A,easy,Programming
373,Algorithm Analysis #6: What is the best-case time complexity of BubbleSort on an already sorted array?,O(n^2),O(n),O(1),O(n log n),B,easy,Programming
374,Algorithm Analysis #6: Which sorting algorithm has a worst-case time complexity of O(n log n) and sorts in-place?,HeapSort,MergeSort,InsertionSort,QuickSort,A,medium,Programming
375,"Algorithm Analysis #6: Which data structure operates on a Last-In, First-Out (LIFO) principle?",Deque,Priority Queue,Queue,Stack,D,easy,Programming
376,"Algorithm Analysis #6: Which data structure operates on a First-In, First-Out (FIFO) principle?",Binary Heap,Tree,Queue,Stack,C,easy,Programming
377,Algorithm Analysis #6: What is the worst-case time complexity of searching in a balanced Binary Search Tree (AVL tree)?,O(n),O(1),O(n log n),O(log n),D,medium,Programming
378,Algorithm Analysis #6: What is the worst-case time complexity of searching in a standard degenerate Binary Search Tree?,O(1),O(log n),O(n log n),O(n),D,medium,Programming
379,Algorithm Analysis #6: Which algorithm is used to find the shortest path in a weighted graph with non-negative edge weights?,Kruskal's Algorithm,Floyd-Warshall Algorithm,Dijkstra's Algorithm,Bellman-Ford Algorithm,C,medium,Programming
380,Algorithm Analysis #6: Which algorithm is used to find shortest paths in a graph containing negative edge weights?,Dijkstra's Algorithm,Breadth-First Search,Prim's Algorithm,Bellman-Ford Algorithm,D,hard,Programming
381,Algorithm Analysis #6: Which greedy algorithm is used to find the Minimum Spanning Tree of an edge-weighted undirected graph?,Topological Sort,Tarjan's Algorithm,Kruskal's Algorithm,Dijkstra's Algorithm,C,medium,Programming
382,Algorithm Analysis #6: What data structure is typically used to implement Breadth-First Search (BFS)?,Hash Table,Queue,Binary Heap,Stack,B,easy,Programming
383,Algorithm Analysis #6: What data structure is typically used to implement Depth-First Search (DFS) iteratively?,Queue,Fibonacci Heap,Stack,Circular Buffer,C,easy,Programming
384,Algorithm Analysis #6: What is the average time complexity of insertion in a hash table with good hashing?,O(n),O(n log n),O(1),O(log n),C,easy,Programming
385,Algorithm Analysis #6: What technique resolves collisions by maintaining a linked list at each bucket in a hash table?,Open Addressing,Linear Probing,Quadratic Probing,Separate Chaining,D,medium,Programming
386,Algorithm Analysis #6: What is the space complexity of an adjacency matrix representation of a graph with V vertices?,O(V),O(V + E),O(V^2),O(E^2),C,medium,Programming
387,Algorithm Analysis #6: What is the time complexity of the Floyd-Warshall all-pairs shortest path algorithm?,O(V * E),O(V^2 log V),O(E log V),O(V^3),D,hard,Programming
388,Algorithm Analysis #6: Which design paradigm solves a problem by breaking it into overlapping subproblems and storing results?,Greedy Algorithm,Divide and Conquer,Backtracking,Dynamic Programming,D,medium,Programming
389,Algorithm Analysis #6: What is the time complexity of computing the n-th Fibonacci number using memoized dynamic programming?,O(2^n),O(log n),O(n^2),O(n),D,medium,Programming
390,Algorithm Analysis #6: What is the maximum number of nodes at level L in a binary tree (root at level 0)?,2^L,2^(L+1),2^(L-1),L^2,A,medium,Programming
391,Algorithm Analysis #6: Which tree traversal visits the root node before visiting its left and right subtrees?,Post-order traversal,Level-order traversal,In-order traversal,Pre-order traversal,D,easy,Programming
392,Algorithm Analysis #6: Which tree traversal yields elements of a Binary Search Tree in non-decreasing sorted order?,Eulerian traversal,Pre-order traversal,Post-order traversal,In-order traversal,D,easy,Programming
393,Algorithm Analysis #6: What is the minimum height of a binary tree with n nodes?,n / 2,floor(log2(n)),sqrt(n),log10(n),B,medium,Programming
394,Algorithm Analysis #6: What data structure is used to implement a Priority Queue with logarithmic insertion and deletion?,Hash Map,Dynamic Array,Linked List,Binary Heap,D,medium,Programming
395,Algorithm Analysis #6: What is the worst-case time complexity of Linear Search in an unsorted array of size n?,O(log n),O(n),O(1),O(n log n),B,easy,Programming
396,Algorithm Analysis #6: What is the time complexity of Binary Search in a sorted array of size n?,O(log n),O(n),O(1),O(n^2),A,easy,Programming
397,"Algorithm Analysis #6: In a min-heap, where is the minimum element always located?",At the rightmost leaf,At the leftmost leaf,At a random internal node,At the root,D,easy,Programming
398,Algorithm Analysis #6: Which algorithm detects cycles in a directed graph using in-degree counting?,Floyd's Cycle Algorithm,Prim's Algorithm,Kahn's Algorithm (Topological Sort),Kruskal's Algorithm,C,hard,Programming
399,Algorithm Analysis #6: What is the worst-case time complexity of building a heap from an array of n elements (Heapify)?,O(n),O(n log n),O(log n),O(n^2),A,hard,Programming
400,Algorithm Analysis #7: What algorithmic technique is utilized in the N-Queens problem to prune invalid states?,Backtracking,Dynamic Programming,Greedy Search,Branch and Bound,A,medium,Programming
401,Algorithm Analysis #7: What is the worst-case time complexity of QuickSort?,O(n^2),O(n log n),O(n),O(log n),A,medium,Programming
402,Algorithm Analysis #7: What is the average-case time complexity of MergeSort?,O(n^2),O(log n),O(n),O(n log n),D,easy,Programming
403,Algorithm Analysis #7: What is the best-case time complexity of BubbleSort on an already sorted array?,O(n),O(n^2),O(1),O(n log n),A,easy,Programming
404,Algorithm Analysis #7: Which sorting algorithm has a worst-case time complexity of O(n log n) and sorts in-place?,HeapSort,QuickSort,InsertionSort,MergeSort,A,medium,Programming
405,"Algorithm Analysis #7: Which data structure operates on a Last-In, First-Out (LIFO) principle?",Stack,Priority Queue,Queue,Deque,A,easy,Programming
406,"Algorithm Analysis #7: Which data structure operates on a First-In, First-Out (FIFO) principle?",Tree,Binary Heap,Stack,Queue,D,easy,Programming
407,Algorithm Analysis #7: What is the worst-case time complexity of searching in a balanced Binary Search Tree (AVL tree)?,O(log n),O(n),O(1),O(n log n),A,medium,Programming
408,Algorithm Analysis #7: What is the worst-case time complexity of searching in a standard degenerate Binary Search Tree?,O(n log n),O(log n),O(n),O(1),C,medium,Programming
409,Algorithm Analysis #7: Which algorithm is used to find the shortest path in a weighted graph with non-negative edge weights?,Bellman-Ford Algorithm,Floyd-Warshall Algorithm,Kruskal's Algorithm,Dijkstra's Algorithm,D,medium,Programming
410,Algorithm Analysis #7: Which algorithm is used to find shortest paths in a graph containing negative edge weights?,Prim's Algorithm,Breadth-First Search,Dijkstra's Algorithm,Bellman-Ford Algorithm,D,hard,Programming
411,Algorithm Analysis #7: Which greedy algorithm is used to find the Minimum Spanning Tree of an edge-weighted undirected graph?,Dijkstra's Algorithm,Tarjan's Algorithm,Kruskal's Algorithm,Topological Sort,C,medium,Programming
412,Algorithm Analysis #7: What data structure is typically used to implement Breadth-First Search (BFS)?,Stack,Queue,Hash Table,Binary Heap,B,easy,Programming
413,Algorithm Analysis #7: What data structure is typically used to implement Depth-First Search (DFS) iteratively?,Stack,Circular Buffer,Queue,Fibonacci Heap,A,easy,Programming
414,Algorithm Analysis #7: What is the average time complexity of insertion in a hash table with good hashing?,O(n log n),O(log n),O(n),O(1),D,easy,Programming
415,Algorithm Analysis #7: What technique resolves collisions by maintaining a linked list at each bucket in a hash table?,Open Addressing,Quadratic Probing,Separate Chaining,Linear Probing,C,medium,Programming
416,Algorithm Analysis #7: What is the space complexity of an adjacency matrix representation of a graph with V vertices?,O(V^2),O(V),O(E^2),O(V + E),A,medium,Programming
417,Algorithm Analysis #7: What is the time complexity of the Floyd-Warshall all-pairs shortest path algorithm?,O(V * E),O(E log V),O(V^3),O(V^2 log V),C,hard,Programming
418,Algorithm Analysis #7: Which design paradigm solves a problem by breaking it into overlapping subproblems and storing results?,Backtracking,Divide and Conquer,Dynamic Programming,Greedy Algorithm,C,medium,Programming
419,Algorithm Analysis #7: What is the time complexity of computing the n-th Fibonacci number using memoized dynamic programming?,O(n^2),O(n),O(log n),O(2^n),B,medium,Programming
420,Algorithm Analysis #7: What is the maximum number of nodes at level L in a binary tree (root at level 0)?,2^(L-1),L^2,2^L,2^(L+1),C,medium,Programming
421,Algorithm Analysis #7: Which tree traversal visits the root node before visiting its left and right subtrees?,Pre-order traversal,In-order traversal,Level-order traversal,Post-order traversal,A,easy,Programming
422,Algorithm Analysis #7: Which tree traversal yields elements of a Binary Search Tree in non-decreasing sorted order?,Eulerian traversal,In-order traversal,Pre-order traversal,Post-order traversal,B,easy,Programming
423,Algorithm Analysis #7: What is the minimum height of a binary tree with n nodes?,sqrt(n),log10(n),floor(log2(n)),n / 2,C,medium,Programming
424,Algorithm Analysis #7: What data structure is used to implement a Priority Queue with logarithmic insertion and deletion?,Linked List,Dynamic Array,Hash Map,Binary Heap,D,medium,Programming
425,Algorithm Analysis #7: What is the worst-case time complexity of Linear Search in an unsorted array of size n?,O(log n),O(n log n),O(1),O(n),D,easy,Programming
426,Algorithm Analysis #7: What is the time complexity of Binary Search in a sorted array of size n?,O(log n),O(1),O(n),O(n^2),A,easy,Programming
427,"Algorithm Analysis #7: In a min-heap, where is the minimum element always located?",At a random internal node,At the leftmost leaf,At the root,At the rightmost leaf,C,easy,Programming
428,Algorithm Analysis #7: Which algorithm detects cycles in a directed graph using in-degree counting?,Kahn's Algorithm (Topological Sort),Kruskal's Algorithm,Floyd's Cycle Algorithm,Prim's Algorithm,A,hard,Programming
429,Algorithm Analysis #7: What is the worst-case time complexity of building a heap from an array of n elements (Heapify)?,O(n log n),O(n^2),O(log n),O(n),D,hard,Programming
430,Algorithm Analysis #8: What algorithmic technique is utilized in the N-Queens problem to prune invalid states?,Branch and Bound,Backtracking,Greedy Search,Dynamic Programming,B,medium,Programming
431,Algorithm Analysis #8: What is the worst-case time complexity of QuickSort?,O(log n),O(n),O(n log n),O(n^2),D,medium,Programming
432,Algorithm Analysis #8: What is the average-case time complexity of MergeSort?,O(n log n),O(n),O(n^2),O(log n),A,easy,Programming
433,Algorithm Analysis #8: What is the best-case time complexity of BubbleSort on an already sorted array?,O(n^2),O(n),O(n log n),O(1),B,easy,Programming
434,Algorithm Analysis #8: Which sorting algorithm has a worst-case time complexity of O(n log n) and sorts in-place?,InsertionSort,QuickSort,MergeSort,HeapSort,D,medium,Programming
435,"Algorithm Analysis #8: Which data structure operates on a Last-In, First-Out (LIFO) principle?",Deque,Priority Queue,Queue,Stack,D,easy,Programming
436,"Algorithm Analysis #8: Which data structure operates on a First-In, First-Out (FIFO) principle?",Stack,Tree,Queue,Binary Heap,C,easy,Programming
437,Algorithm Analysis #8: What is the worst-case time complexity of searching in a balanced Binary Search Tree (AVL tree)?,O(n),O(log n),O(n log n),O(1),B,medium,Programming
438,Algorithm Analysis #8: What is the worst-case time complexity of searching in a standard degenerate Binary Search Tree?,O(1),O(log n),O(n log n),O(n),D,medium,Programming
439,Algorithm Analysis #8: Which algorithm is used to find the shortest path in a weighted graph with non-negative edge weights?,Floyd-Warshall Algorithm,Kruskal's Algorithm,Dijkstra's Algorithm,Bellman-Ford Algorithm,C,medium,Programming
440,Algorithm Analysis #8: Which algorithm is used to find shortest paths in a graph containing negative edge weights?,Breadth-First Search,Bellman-Ford Algorithm,Dijkstra's Algorithm,Prim's Algorithm,B,hard,Programming
441,Algorithm Analysis #8: Which greedy algorithm is used to find the Minimum Spanning Tree of an edge-weighted undirected graph?,Tarjan's Algorithm,Topological Sort,Dijkstra's Algorithm,Kruskal's Algorithm,D,medium,Programming
442,Algorithm Analysis #8: What data structure is typically used to implement Breadth-First Search (BFS)?,Binary Heap,Hash Table,Queue,Stack,C,easy,Programming
443,Algorithm Analysis #8: What data structure is typically used to implement Depth-First Search (DFS) iteratively?,Stack,Fibonacci Heap,Circular Buffer,Queue,A,easy,Programming
444,Algorithm Analysis #8: What is the average time complexity of insertion in a hash table with good hashing?,O(log n),O(n log n),O(n),O(1),D,easy,Programming
445,Algorithm Analysis #8: What technique resolves collisions by maintaining a linked list at each bucket in a hash table?,Linear Probing,Open Addressing,Separate Chaining,Quadratic Probing,C,medium,Programming
446,Algorithm Analysis #8: What is the space complexity of an adjacency matrix representation of a graph with V vertices?,O(V),O(E^2),O(V + E),O(V^2),D,medium,Programming
447,Algorithm Analysis #8: What is the time complexity of the Floyd-Warshall all-pairs shortest path algorithm?,O(V^3),O(V^2 log V),O(V * E),O(E log V),A,hard,Programming
448,Algorithm Analysis #8: Which design paradigm solves a problem by breaking it into overlapping subproblems and storing results?,Backtracking,Divide and Conquer,Dynamic Programming,Greedy Algorithm,C,medium,Programming
449,Algorithm Analysis #8: What is the time complexity of computing the n-th Fibonacci number using memoized dynamic programming?,O(n^2),O(log n),O(2^n),O(n),D,medium,Programming
450,Algorithm Analysis #8: What is the maximum number of nodes at level L in a binary tree (root at level 0)?,2^L,2^(L-1),2^(L+1),L^2,A,medium,Programming
451,Algorithm Analysis #8: Which tree traversal visits the root node before visiting its left and right subtrees?,Post-order traversal,Level-order traversal,In-order traversal,Pre-order traversal,D,easy,Programming
452,Algorithm Analysis #8: Which tree traversal yields elements of a Binary Search Tree in non-decreasing sorted order?,In-order traversal,Post-order traversal,Eulerian traversal,Pre-order traversal,A,easy,Programming
453,Algorithm Analysis #8: What is the minimum height of a binary tree with n nodes?,log10(n),sqrt(n),n / 2,floor(log2(n)),D,medium,Programming
454,Algorithm Analysis #8: What data structure is used to implement a Priority Queue with logarithmic insertion and deletion?,Hash Map,Linked List,Binary Heap,Dynamic Array,C,medium,Programming
455,Algorithm Analysis #8: What is the worst-case time complexity of Linear Search in an unsorted array of size n?,O(n log n),O(1),O(n),O(log n),C,easy,Programming
456,Algorithm Analysis #8: What is the time complexity of Binary Search in a sorted array of size n?,O(log n),O(1),O(n^2),O(n),A,easy,Programming
457,"Algorithm Analysis #8: In a min-heap, where is the minimum element always located?",At a random internal node,At the rightmost leaf,At the root,At the leftmost leaf,C,easy,Programming
458,Algorithm Analysis #8: Which algorithm detects cycles in a directed graph using in-degree counting?,Prim's Algorithm,Kahn's Algorithm (Topological Sort),Floyd's Cycle Algorithm,Kruskal's Algorithm,B,hard,Programming
459,Algorithm Analysis #8: What is the worst-case time complexity of building a heap from an array of n elements (Heapify)?,O(log n),O(n),O(n^2),O(n log n),B,hard,Programming
460,Algorithm Analysis #9: What algorithmic technique is utilized in the N-Queens problem to prune invalid states?,Greedy Search,Dynamic Programming,Branch and Bound,Backtracking,D,medium,Programming
461,Algorithm Analysis #9: What is the worst-case time complexity of QuickSort?,O(n^2),O(n log n),O(n),O(log n),A,medium,Programming
462,Algorithm Analysis #9: What is the average-case time complexity of MergeSort?,O(n log n),O(n^2),O(log n),O(n),A,easy,Programming
463,Algorithm Analysis #9: What is the best-case time complexity of BubbleSort on an already sorted array?,O(n^2),O(n),O(1),O(n log n),B,easy,Programming
464,Algorithm Analysis #9: Which sorting algorithm has a worst-case time complexity of O(n log n) and sorts in-place?,HeapSort,QuickSort,MergeSort,InsertionSort,A,medium,Programming
465,"Algorithm Analysis #9: Which data structure operates on a Last-In, First-Out (LIFO) principle?",Queue,Stack,Deque,Priority Queue,B,easy,Programming
466,"Algorithm Analysis #9: Which data structure operates on a First-In, First-Out (FIFO) principle?",Stack,Queue,Tree,Binary Heap,B,easy,Programming
467,Algorithm Analysis #9: What is the worst-case time complexity of searching in a balanced Binary Search Tree (AVL tree)?,O(log n),O(1),O(n),O(n log n),A,medium,Programming
468,Algorithm Analysis #9: What is the worst-case time complexity of searching in a standard degenerate Binary Search Tree?,O(1),O(log n),O(n log n),O(n),D,medium,Programming
469,Algorithm Analysis #9: Which algorithm is used to find the shortest path in a weighted graph with non-negative edge weights?,Bellman-Ford Algorithm,Kruskal's Algorithm,Dijkstra's Algorithm,Floyd-Warshall Algorithm,C,medium,Programming
470,Algorithm Analysis #9: Which algorithm is used to find shortest paths in a graph containing negative edge weights?,Prim's Algorithm,Bellman-Ford Algorithm,Dijkstra's Algorithm,Breadth-First Search,B,hard,Programming
471,Algorithm Analysis #9: Which greedy algorithm is used to find the Minimum Spanning Tree of an edge-weighted undirected graph?,Dijkstra's Algorithm,Kruskal's Algorithm,Topological Sort,Tarjan's Algorithm,B,medium,Programming
472,Algorithm Analysis #9: What data structure is typically used to implement Breadth-First Search (BFS)?,Queue,Stack,Hash Table,Binary Heap,A,easy,Programming
473,Algorithm Analysis #9: What data structure is typically used to implement Depth-First Search (DFS) iteratively?,Circular Buffer,Fibonacci Heap,Stack,Queue,C,easy,Programming
474,Algorithm Analysis #9: What is the average time complexity of insertion in a hash table with good hashing?,O(log n),O(n log n),O(n),O(1),D,easy,Programming
475,Algorithm Analysis #9: What technique resolves collisions by maintaining a linked list at each bucket in a hash table?,Quadratic Probing,Linear Probing,Separate Chaining,Open Addressing,C,medium,Programming
476,Algorithm Analysis #9: What is the space complexity of an adjacency matrix representation of a graph with V vertices?,O(E^2),O(V^2),O(V + E),O(V),B,medium,Programming
477,Algorithm Analysis #9: What is the time complexity of the Floyd-Warshall all-pairs shortest path algorithm?,O(V^3),O(E log V),O(V^2 log V),O(V * E),A,hard,Programming
478,Algorithm Analysis #9: Which design paradigm solves a problem by breaking it into overlapping subproblems and storing results?,Dynamic Programming,Greedy Algorithm,Divide and Conquer,Backtracking,A,medium,Programming
479,Algorithm Analysis #9: What is the time complexity of computing the n-th Fibonacci number using memoized dynamic programming?,O(log n),O(2^n),O(n^2),O(n),D,medium,Programming
480,Algorithm Analysis #9: What is the maximum number of nodes at level L in a binary tree (root at level 0)?,2^(L+1),L^2,2^(L-1),2^L,D,medium,Programming
481,Algorithm Analysis #9: Which tree traversal visits the root node before visiting its left and right subtrees?,Pre-order traversal,Post-order traversal,In-order traversal,Level-order traversal,A,easy,Programming
482,Algorithm Analysis #9: Which tree traversal yields elements of a Binary Search Tree in non-decreasing sorted order?,Post-order traversal,In-order traversal,Eulerian traversal,Pre-order traversal,B,easy,Programming
483,Algorithm Analysis #9: What is the minimum height of a binary tree with n nodes?,floor(log2(n)),sqrt(n),log10(n),n / 2,A,medium,Programming
484,Algorithm Analysis #9: What data structure is used to implement a Priority Queue with logarithmic insertion and deletion?,Linked List,Dynamic Array,Binary Heap,Hash Map,C,medium,Programming
485,Algorithm Analysis #9: What is the worst-case time complexity of Linear Search in an unsorted array of size n?,O(n),O(log n),O(n log n),O(1),A,easy,Programming
486,Algorithm Analysis #9: What is the time complexity of Binary Search in a sorted array of size n?,O(n),O(n^2),O(log n),O(1),C,easy,Programming
487,"Algorithm Analysis #9: In a min-heap, where is the minimum element always located?",At the root,At the leftmost leaf,At the rightmost leaf,At a random internal node,A,easy,Programming
488,Algorithm Analysis #9: Which algorithm detects cycles in a directed graph using in-degree counting?,Floyd's Cycle Algorithm,Prim's Algorithm,Kruskal's Algorithm,Kahn's Algorithm (Topological Sort),D,hard,Programming
489,Algorithm Analysis #9: What is the worst-case time complexity of building a heap from an array of n elements (Heapify)?,O(n^2),O(log n),O(n),O(n log n),C,hard,Programming
490,Algorithm Analysis #10: What algorithmic technique is utilized in the N-Queens problem to prune invalid states?,Dynamic Programming,Greedy Search,Backtracking,Branch and Bound,C,medium,Programming
491,Algorithm Analysis #10: What is the worst-case time complexity of QuickSort?,O(log n),O(n),O(n^2),O(n log n),C,medium,Programming
492,Algorithm Analysis #10: What is the average-case time complexity of MergeSort?,O(n^2),O(log n),O(n log n),O(n),C,easy,Programming
493,Algorithm Analysis #10: What is the best-case time complexity of BubbleSort on an already sorted array?,O(n log n),O(n),O(1),O(n^2),B,easy,Programming
494,Algorithm Analysis #10: Which sorting algorithm has a worst-case time complexity of O(n log n) and sorts in-place?,MergeSort,QuickSort,HeapSort,InsertionSort,C,medium,Programming
495,"Algorithm Analysis #10: Which data structure operates on a Last-In, First-Out (LIFO) principle?",Deque,Stack,Priority Queue,Queue,B,easy,Programming
496,"Algorithm Analysis #10: Which data structure operates on a First-In, First-Out (FIFO) principle?",Binary Heap,Stack,Queue,Tree,C,easy,Programming
497,Algorithm Analysis #10: What is the worst-case time complexity of searching in a balanced Binary Search Tree (AVL tree)?,O(n),O(log n),O(1),O(n log n),B,medium,Programming
498,Algorithm Analysis #10: What is the worst-case time complexity of searching in a standard degenerate Binary Search Tree?,O(n),O(log n),O(1),O(n log n),A,medium,Programming
499,Algorithm Analysis #10: Which algorithm is used to find the shortest path in a weighted graph with non-negative edge weights?,Bellman-Ford Algorithm,Floyd-Warshall Algorithm,Dijkstra's Algorithm,Kruskal's Algorithm,C,medium,Programming
500,Algorithm Analysis #10: Which algorithm is used to find shortest paths in a graph containing negative edge weights?,Breadth-First Search,Bellman-Ford Algorithm,Dijkstra's Algorithm,Prim's Algorithm,B,hard,Programming
501,What does SQL stand for?,Structured Query Language,Standard Question Language,Simple Query Layout,Sequential Query Library,A,easy,Programming
502,Which SQL clause is used to filter records based on a specified condition?,WHERE,ORDER BY,GROUP BY,SELECT,A,easy,Programming
503,Which SQL clause is used to filter groups created by the GROUP BY clause?,WHERE,FILTER,HAVING,LIMIT,C,medium,Programming
504,Which command is a Data Definition Language (DDL) command in SQL?,INSERT,CREATE,UPDATE,SELECT,B,easy,Programming
505,Which command is a Data Manipulation Language (DML) command in SQL?,DROP,INSERT,ALTER,TRUNCATE,B,easy,Programming
506,Which property of ACID ensures that all operations within a database transaction complete or none do?,Isolation,Durability,Consistency,Atomicity,D,medium,Programming
507,Which ACID property ensures that transactions are executed independently without interference?,Isolation,Consistency,Atomicity,Durability,A,medium,Programming
508,Which ACID property ensures that committed transaction updates persist even in the event of a system crash?,Consistency,Durability,Isolation,Atomicity,B,medium,Programming
509,What is a table called in the formal relational data model?,Relation,Attribute,Domain,Tuple,A,easy,Programming
510,What is a row called in the formal relational data model?,Attribute,Cardinality,Relation,Tuple,D,easy,Programming
511,What is a column called in the formal relational data model?,Attribute,Tuple,Degree,Schema,A,easy,Programming
512,What does 1NF (First Normal Form) require in a relational table?,No transitive dependencies,"All attributes must hold atomic, indivisible values",All non-prime attributes must be mutually independent,No partial dependencies on composite keys,B,medium,Programming
513,What does 2NF (Second Normal Form) require in addition to 1NF?,Elimination of transitive dependencies,Every determinant must be a candidate key,No partial dependency of non-prime attributes on candidate keys,No multi-valued dependencies,C,medium,Programming
514,What does 3NF (Third Normal Form) primarily eliminate in addition to 2NF?,Join dependencies,Partial dependencies,Transitive dependencies,Multi-valued dependencies,C,medium,Programming
515,A relational schema is in Boyce-Codd Normal Form (BCNF) if for every functional dependency X -> Y:,Y is a subset of X only,X is a candidate key and Y is atomic,X is a superkey,Y is a prime attribute,C,hard,Programming
516,Which type of index determines the physical storage order of data records in a database table?,Hash index,Clustered index,Non-clustered index,Secondary index,B,medium,Programming
517,How many clustered indexes can a single database table have?,As many as desired,Exactly one,Up to two,One per foreign key,B,easy,Programming
518,Which SQL JOIN returns all rows from the left table and matched rows from the right table?,INNER JOIN,RIGHT JOIN,CROSS JOIN,LEFT JOIN,D,easy,Programming
519,Which SQL command deletes all rows from a table quickly without logging individual row deletions?,DROP,REMOVE,TRUNCATE,DELETE,C,medium,Programming
520,"Which transaction isolation level prevents dirty reads, non-repeatable reads, and phantom reads?",Read Committed,Read Uncommitted,Repeatable Read,Serializable,D,hard,Programming
521,What is a Foreign Key in a relational database?,A unique identifier within the same table,An index that accelerates full-text search,An attribute that links to the Primary Key of another table,An encrypted key for secure access,C,easy,Programming
522,What is a phantom read in relational database transaction management?,A transaction queries a range of rows and sees new rows inserted by another committed transaction,A transaction rereads data and finds that existing values were modified,A transaction loses write locks due to deadlock timeout,A transaction reads uncommitted changes that are subsequently rolled back,A,hard,Programming
523,Which relational algebra operation selects columns from a relation?,Cartesian Product (×),Select (σ),Join (⨝),Project (π),D,medium,Programming
524,Which relational algebra operation filters rows that satisfy a predicate?,Project (π),Intersection (∩),Union (∪),Select (σ),D,medium,Programming
525,What is a candidate key in relational database theory?,A minimal superkey capable of uniquely identifying every tuple,A foreign key referencing a composite index,A calculated column based on a stored procedure,Any attribute that allows null values,A,medium,Programming
526,Database Systems #2: What does SQL stand for?,Simple Query Layout,Standard Question Language,Sequential Query Library,Structured Query Language,D,easy,Programming
527,Database Systems #2: Which SQL clause is used to filter records based on a specified condition?,WHERE,SELECT,ORDER BY,GROUP BY,A,easy,Programming
528,Database Systems #2: Which SQL clause is used to filter groups created by the GROUP BY clause?,LIMIT,HAVING,FILTER,WHERE,B,medium,Programming
529,Database Systems #2: Which command is a Data Definition Language (DDL) command in SQL?,SELECT,UPDATE,CREATE,INSERT,C,easy,Programming
530,Database Systems #2: Which command is a Data Manipulation Language (DML) command in SQL?,DROP,INSERT,ALTER,TRUNCATE,B,easy,Programming
531,Database Systems #2: Which property of ACID ensures that all operations within a database transaction complete or none do?,Atomicity,Isolation,Consistency,Durability,A,medium,Programming
532,Database Systems #2: Which ACID property ensures that transactions are executed independently without interference?,Consistency,Atomicity,Durability,Isolation,D,medium,Programming
533,Database Systems #2: Which ACID property ensures that committed transaction updates persist even in the event of a system crash?,Atomicity,Isolation,Durability,Consistency,C,medium,Programming
534,Database Systems #2: What is a table called in the formal relational data model?,Tuple,Domain,Relation,Attribute,C,easy,Programming
535,Database Systems #2: What is a row called in the formal relational data model?,Tuple,Relation,Cardinality,Attribute,A,easy,Programming
536,Database Systems #2: What is a column called in the formal relational data model?,Attribute,Schema,Degree,Tuple,A,easy,Programming
537,Database Systems #2: What does 1NF (First Normal Form) require in a relational table?,No partial dependencies on composite keys,"All attributes must hold atomic, indivisible values",No transitive dependencies,All non-prime attributes must be mutually independent,B,medium,Programming
538,Database Systems #2: What does 2NF (Second Normal Form) require in addition to 1NF?,No multi-valued dependencies,Every determinant must be a candidate key,No partial dependency of non-prime attributes on candidate keys,Elimination of transitive dependencies,C,medium,Programming
539,Database Systems #2: What does 3NF (Third Normal Form) primarily eliminate in addition to 2NF?,Multi-valued dependencies,Join dependencies,Partial dependencies,Transitive dependencies,D,medium,Programming
540,Database Systems #2: A relational schema is in Boyce-Codd Normal Form (BCNF) if for every functional dependency X -> Y:,Y is a prime attribute,X is a candidate key and Y is atomic,Y is a subset of X only,X is a superkey,D,hard,Programming
541,Database Systems #2: Which type of index determines the physical storage order of data records in a database table?,Clustered index,Hash index,Non-clustered index,Secondary index,A,medium,Programming
542,Database Systems #2: How many clustered indexes can a single database table have?,As many as desired,Exactly one,Up to two,One per foreign key,B,easy,Programming
543,Database Systems #2: Which SQL JOIN returns all rows from the left table and matched rows from the right table?,LEFT JOIN,INNER JOIN,CROSS JOIN,RIGHT JOIN,A,easy,Programming
544,Database Systems #2: Which SQL command deletes all rows from a table quickly without logging individual row deletions?,REMOVE,DELETE,DROP,TRUNCATE,D,medium,Programming
545,"Database Systems #2: Which transaction isolation level prevents dirty reads, non-repeatable reads, and phantom reads?",Read Uncommitted,Repeatable Read,Serializable,Read Committed,C,hard,Programming
546,Database Systems #2: What is a Foreign Key in a relational database?,An attribute that links to the Primary Key of another table,An encrypted key for secure access,A unique identifier within the same table,An index that accelerates full-text search,A,easy,Programming
547,Database Systems #2: What is a phantom read in relational database transaction management?,A transaction rereads data and finds that existing values were modified,A transaction queries a range of rows and sees new rows inserted by another committed transaction,A transaction reads uncommitted changes that are subsequently rolled back,A transaction loses write locks due to deadlock timeout,B,hard,Programming
548,Database Systems #2: Which relational algebra operation selects columns from a relation?,Project (π),Select (σ),Cartesian Product (×),Join (⨝),A,medium,Programming
549,Database Systems #2: Which relational algebra operation filters rows that satisfy a predicate?,Select (σ),Project (π),Intersection (∩),Union (∪),A,medium,Programming
550,Database Systems #3: What is a candidate key in relational database theory?,A calculated column based on a stored procedure,Any attribute that allows null values,A foreign key referencing a composite index,A minimal superkey capable of uniquely identifying every tuple,D,medium,Programming
551,Database Systems #3: What does SQL stand for?,Sequential Query Library,Simple Query Layout,Standard Question Language,Structured Query Language,D,easy,Programming
552,Database Systems #3: Which SQL clause is used to filter records based on a specified condition?,SELECT,WHERE,GROUP BY,ORDER BY,B,easy,Programming
553,Database Systems #3: Which SQL clause is used to filter groups created by the GROUP BY clause?,LIMIT,FILTER,WHERE,HAVING,D,medium,Programming
554,Database Systems #3: Which command is a Data Definition Language (DDL) command in SQL?,CREATE,UPDATE,SELECT,INSERT,A,easy,Programming
555,Database Systems #3: Which command is a Data Manipulation Language (DML) command in SQL?,INSERT,TRUNCATE,DROP,ALTER,A,easy,Programming
556,Database Systems #3: Which property of ACID ensures that all operations within a database transaction complete or none do?,Durability,Atomicity,Consistency,Isolation,B,medium,Programming
557,Database Systems #3: Which ACID property ensures that transactions are executed independently without interference?,Isolation,Durability,Atomicity,Consistency,A,medium,Programming
558,Database Systems #3: Which ACID property ensures that committed transaction updates persist even in the event of a system crash?,Atomicity,Durability,Isolation,Consistency,B,medium,Programming
559,Database Systems #3: What is a table called in the formal relational data model?,Domain,Tuple,Attribute,Relation,D,easy,Programming
560,Database Systems #3: What is a row called in the formal relational data model?,Relation,Tuple,Cardinality,Attribute,B,easy,Programming
561,Database Systems #3: What is a column called in the formal relational data model?,Degree,Tuple,Schema,Attribute,D,easy,Programming
562,Database Systems #3: What does 1NF (First Normal Form) require in a relational table?,No partial dependencies on composite keys,No transitive dependencies,All non-prime attributes must be mutually independent,"All attributes must hold atomic, indivisible values",D,medium,Programming
563,Database Systems #3: What does 2NF (Second Normal Form) require in addition to 1NF?,No partial dependency of non-prime attributes on candidate keys,Every determinant must be a candidate key,No multi-valued dependencies,Elimination of transitive dependencies,A,medium,Programming
564,Database Systems #3: What does 3NF (Third Normal Form) primarily eliminate in addition to 2NF?,Join dependencies,Transitive dependencies,Partial dependencies,Multi-valued dependencies,B,medium,Programming
565,Database Systems #3: A relational schema is in Boyce-Codd Normal Form (BCNF) if for every functional dependency X -> Y:,X is a superkey,Y is a subset of X only,X is a candidate key and Y is atomic,Y is a prime attribute,A,hard,Programming
566,Database Systems #3: Which type of index determines the physical storage order of data records in a database table?,Clustered index,Hash index,Non-clustered index,Secondary index,A,medium,Programming
567,Database Systems #3: How many clustered indexes can a single database table have?,Up to two,One per foreign key,As many as desired,Exactly one,D,easy,Programming
568,Database Systems #3: Which SQL JOIN returns all rows from the left table and matched rows from the right table?,LEFT JOIN,CROSS JOIN,RIGHT JOIN,INNER JOIN,A,easy,Programming
569,Database Systems #3: Which SQL command deletes all rows from a table quickly without logging individual row deletions?,DELETE,REMOVE,TRUNCATE,DROP,C,medium,Programming
570,"Database Systems #3: Which transaction isolation level prevents dirty reads, non-repeatable reads, and phantom reads?",Repeatable Read,Read Uncommitted,Read Committed,Serializable,D,hard,Programming
571,Database Systems #3: What is a Foreign Key in a relational database?,An attribute that links to the Primary Key of another table,A unique identifier within the same table,An encrypted key for secure access,An index that accelerates full-text search,A,easy,Programming
572,Database Systems #3: What is a phantom read in relational database transaction management?,A transaction loses write locks due to deadlock timeout,A transaction rereads data and finds that existing values were modified,A transaction reads uncommitted changes that are subsequently rolled back,A transaction queries a range of rows and sees new rows inserted by another committed transaction,D,hard,Programming
573,Database Systems #3: Which relational algebra operation selects columns from a relation?,Cartesian Product (×),Select (σ),Project (π),Join (⨝),C,medium,Programming
574,Database Systems #3: Which relational algebra operation filters rows that satisfy a predicate?,Project (π),Union (∪),Select (σ),Intersection (∩),C,medium,Programming
575,Database Systems #4: What is a candidate key in relational database theory?,A foreign key referencing a composite index,A calculated column based on a stored procedure,A minimal superkey capable of uniquely identifying every tuple,Any attribute that allows null values,C,medium,Programming
576,Database Systems #4: What does SQL stand for?,Structured Query Language,Simple Query Layout,Sequential Query Library,Standard Question Language,A,easy,Programming
577,Database Systems #4: Which SQL clause is used to filter records based on a specified condition?,SELECT,GROUP BY,ORDER BY,WHERE,D,easy,Programming
578,Database Systems #4: Which SQL clause is used to filter groups created by the GROUP BY clause?,WHERE,HAVING,LIMIT,FILTER,B,medium,Programming
579,Database Systems #4: Which command is a Data Definition Language (DDL) command in SQL?,UPDATE,CREATE,SELECT,INSERT,B,easy,Programming
580,Database Systems #4: Which command is a Data Manipulation Language (DML) command in SQL?,DROP,INSERT,TRUNCATE,ALTER,B,easy,Programming
581,Database Systems #4: Which property of ACID ensures that all operations within a database transaction complete or none do?,Consistency,Isolation,Durability,Atomicity,D,medium,Programming
582,Database Systems #4: Which ACID property ensures that transactions are executed independently without interference?,Consistency,Isolation,Atomicity,Durability,B,medium,Programming
583,Database Systems #4: Which ACID property ensures that committed transaction updates persist even in the event of a system crash?,Durability,Atomicity,Isolation,Consistency,A,medium,Programming
584,Database Systems #4: What is a table called in the formal relational data model?,Tuple,Relation,Attribute,Domain,B,easy,Programming
585,Database Systems #4: What is a row called in the formal relational data model?,Attribute,Relation,Cardinality,Tuple,D,easy,Programming
586,Database Systems #4: What is a column called in the formal relational data model?,Attribute,Tuple,Degree,Schema,A,easy,Programming
587,Database Systems #4: What does 1NF (First Normal Form) require in a relational table?,No transitive dependencies,"All attributes must hold atomic, indivisible values",No partial dependencies on composite keys,All non-prime attributes must be mutually independent,B,medium,Programming
588,Database Systems #4: What does 2NF (Second Normal Form) require in addition to 1NF?,No multi-valued dependencies,No partial dependency of non-prime attributes on candidate keys,Every determinant must be a candidate key,Elimination of transitive dependencies,B,medium,Programming
589,Database Systems #4: What does 3NF (Third Normal Form) primarily eliminate in addition to 2NF?,Transitive dependencies,Multi-valued dependencies,Partial dependencies,Join dependencies,A,medium,Programming
590,Database Systems #4: A relational schema is in Boyce-Codd Normal Form (BCNF) if for every functional dependency X -> Y:,Y is a subset of X only,X is a superkey,X is a candidate key and Y is atomic,Y is a prime attribute,B,hard,Programming
591,Database Systems #4: Which type of index determines the physical storage order of data records in a database table?,Secondary index,Clustered index,Hash index,Non-clustered index,B,medium,Programming
592,Database Systems #4: How many clustered indexes can a single database table have?,Up to two,One per foreign key,As many as desired,Exactly one,D,easy,Programming
593,Database Systems #4: Which SQL JOIN returns all rows from the left table and matched rows from the right table?,RIGHT JOIN,CROSS JOIN,LEFT JOIN,INNER JOIN,C,easy,Programming
594,Database Systems #4: Which SQL command deletes all rows from a table quickly without logging individual row deletions?,DELETE,TRUNCATE,REMOVE,DROP,B,medium,Programming
595,"Database Systems #4: Which transaction isolation level prevents dirty reads, non-repeatable reads, and phantom reads?",Serializable,Repeatable Read,Read Uncommitted,Read Committed,A,hard,Programming
596,Database Systems #4: What is a Foreign Key in a relational database?,An encrypted key for secure access,An index that accelerates full-text search,A unique identifier within the same table,An attribute that links to the Primary Key of another table,D,easy,Programming
597,Database Systems #4: What is a phantom read in relational database transaction management?,A transaction loses write locks due to deadlock timeout,A transaction reads uncommitted changes that are subsequently rolled back,A transaction queries a range of rows and sees new rows inserted by another committed transaction,A transaction rereads data and finds that existing values were modified,C,hard,Programming
598,Database Systems #4: Which relational algebra operation selects columns from a relation?,Select (σ),Join (⨝),Cartesian Product (×),Project (π),D,medium,Programming
599,Database Systems #4: Which relational algebra operation filters rows that satisfy a predicate?,Union (∪),Intersection (∩),Select (σ),Project (π),C,medium,Programming
600,Database Systems #5: What is a candidate key in relational database theory?,Any attribute that allows null values,A foreign key referencing a composite index,A calculated column based on a stored procedure,A minimal superkey capable of uniquely identifying every tuple,D,medium,Programming
601,Database Systems #5: What does SQL stand for?,Simple Query Layout,Standard Question Language,Sequential Query Library,Structured Query Language,D,easy,Programming
602,Database Systems #5: Which SQL clause is used to filter records based on a specified condition?,WHERE,SELECT,ORDER BY,GROUP BY,A,easy,Programming
603,Database Systems #5: Which SQL clause is used to filter groups created by the GROUP BY clause?,LIMIT,FILTER,WHERE,HAVING,D,medium,Programming
604,Database Systems #5: Which command is a Data Definition Language (DDL) command in SQL?,UPDATE,CREATE,SELECT,INSERT,B,easy,Programming
605,Database Systems #5: Which command is a Data Manipulation Language (DML) command in SQL?,INSERT,DROP,ALTER,TRUNCATE,A,easy,Programming
606,Database Systems #5: Which property of ACID ensures that all operations within a database transaction complete or none do?,Consistency,Durability,Isolation,Atomicity,D,medium,Programming
607,Database Systems #5: Which ACID property ensures that transactions are executed independently without interference?,Isolation,Consistency,Atomicity,Durability,A,medium,Programming
608,Database Systems #5: Which ACID property ensures that committed transaction updates persist even in the event of a system crash?,Consistency,Durability,Atomicity,Isolation,B,medium,Programming
609,Database Systems #5: What is a table called in the formal relational data model?,Tuple,Relation,Domain,Attribute,B,easy,Programming
610,Database Systems #5: What is a row called in the formal relational data model?,Tuple,Relation,Cardinality,Attribute,A,easy,Programming
611,Database Systems #5: What is a column called in the formal relational data model?,Schema,Attribute,Tuple,Degree,B,easy,Programming
612,Database Systems #5: What does 1NF (First Normal Form) require in a relational table?,No partial dependencies on composite keys,"All attributes must hold atomic, indivisible values",All non-prime attributes must be mutually independent,No transitive dependencies,B,medium,Programming
613,Database Systems #5: What does 2NF (Second Normal Form) require in addition to 1NF?,Every determinant must be a candidate key,Elimination of transitive dependencies,No partial dependency of non-prime attributes on candidate keys,No multi-valued dependencies,C,medium,Programming
614,Database Systems #5: What does 3NF (Third Normal Form) primarily eliminate in addition to 2NF?,Join dependencies,Multi-valued dependencies,Partial dependencies,Transitive dependencies,D,medium,Programming
615,Database Systems #5: A relational schema is in Boyce-Codd Normal Form (BCNF) if for every functional dependency X -> Y:,Y is a subset of X only,X is a candidate key and Y is atomic,X is a superkey,Y is a prime attribute,C,hard,Programming
616,Database Systems #5: Which type of index determines the physical storage order of data records in a database table?,Hash index,Secondary index,Non-clustered index,Clustered index,D,medium,Programming
617,Database Systems #5: How many clustered indexes can a single database table have?,Up to two,As many as desired,Exactly one,One per foreign key,C,easy,Programming
618,Database Systems #5: Which SQL JOIN returns all rows from the left table and matched rows from the right table?,LEFT JOIN,RIGHT JOIN,CROSS JOIN,INNER JOIN,A,easy,Programming
619,Database Systems #5: Which SQL command deletes all rows from a table quickly without logging individual row deletions?,DROP,REMOVE,TRUNCATE,DELETE,C,medium,Programming
620,"Database Systems #5: Which transaction isolation level prevents dirty reads, non-repeatable reads, and phantom reads?",Serializable,Read Committed,Repeatable Read,Read Uncommitted,A,hard,Programming
621,Database Systems #5: What is a Foreign Key in a relational database?,A unique identifier within the same table,An encrypted key for secure access,An attribute that links to the Primary Key of another table,An index that accelerates full-text search,C,easy,Programming
622,Database Systems #5: What is a phantom read in relational database transaction management?,A transaction queries a range of rows and sees new rows inserted by another committed transaction,A transaction reads uncommitted changes that are subsequently rolled back,A transaction rereads data and finds that existing values were modified,A transaction loses write locks due to deadlock timeout,A,hard,Programming
623,Database Systems #5: Which relational algebra operation selects columns from a relation?,Cartesian Product (×),Join (⨝),Project (π),Select (σ),C,medium,Programming
624,Database Systems #5: Which relational algebra operation filters rows that satisfy a predicate?,Union (∪),Project (π),Intersection (∩),Select (σ),D,medium,Programming
625,Database Systems #6: What is a candidate key in relational database theory?,A minimal superkey capable of uniquely identifying every tuple,Any attribute that allows null values,A foreign key referencing a composite index,A calculated column based on a stored procedure,A,medium,Programming
626,Database Systems #6: What does SQL stand for?,Standard Question Language,Structured Query Language,Simple Query Layout,Sequential Query Library,B,easy,Programming
627,Database Systems #6: Which SQL clause is used to filter records based on a specified condition?,ORDER BY,SELECT,GROUP BY,WHERE,D,easy,Programming
628,Database Systems #6: Which SQL clause is used to filter groups created by the GROUP BY clause?,HAVING,WHERE,LIMIT,FILTER,A,medium,Programming
629,Database Systems #6: Which command is a Data Definition Language (DDL) command in SQL?,INSERT,CREATE,SELECT,UPDATE,B,easy,Programming
630,Database Systems #6: Which command is a Data Manipulation Language (DML) command in SQL?,ALTER,DROP,INSERT,TRUNCATE,C,easy,Programming
631,Database Systems #6: Which property of ACID ensures that all operations within a database transaction complete or none do?,Atomicity,Consistency,Durability,Isolation,A,medium,Programming
632,Database Systems #6: Which ACID property ensures that transactions are executed independently without interference?,Atomicity,Consistency,Durability,Isolation,D,medium,Programming
633,Database Systems #6: Which ACID property ensures that committed transaction updates persist even in the event of a system crash?,Atomicity,Durability,Isolation,Consistency,B,medium,Programming
634,Database Systems #6: What is a table called in the formal relational data model?,Attribute,Domain,Relation,Tuple,C,easy,Programming
635,Database Systems #6: What is a row called in the formal relational data model?,Tuple,Cardinality,Relation,Attribute,A,easy,Programming
636,Database Systems #6: What is a column called in the formal relational data model?,Degree,Schema,Attribute,Tuple,C,easy,Programming
637,Database Systems #6: What does 1NF (First Normal Form) require in a relational table?,No partial dependencies on composite keys,No transitive dependencies,All non-prime attributes must be mutually independent,"All attributes must hold atomic, indivisible values",D,medium,Programming
638,Database Systems #6: What does 2NF (Second Normal Form) require in addition to 1NF?,No partial dependency of non-prime attributes on candidate keys,Every determinant must be a candidate key,No multi-valued dependencies,Elimination of transitive dependencies,A,medium,Programming
639,Database Systems #6: What does 3NF (Third Normal Form) primarily eliminate in addition to 2NF?,Transitive dependencies,Partial dependencies,Multi-valued dependencies,Join dependencies,A,medium,Programming
640,Database Systems #6: A relational schema is in Boyce-Codd Normal Form (BCNF) if for every functional dependency X -> Y:,Y is a subset of X only,X is a superkey,X is a candidate key and Y is atomic,Y is a prime attribute,B,hard,Programming
641,Database Systems #6: Which type of index determines the physical storage order of data records in a database table?,Clustered index,Non-clustered index,Hash index,Secondary index,A,medium,Programming
642,Database Systems #6: How many clustered indexes can a single database table have?,Exactly one,As many as desired,One per foreign key,Up to two,A,easy,Programming
643,Database Systems #6: Which SQL JOIN returns all rows from the left table and matched rows from the right table?,LEFT JOIN,RIGHT JOIN,CROSS JOIN,INNER JOIN,A,easy,Programming
644,Database Systems #6: Which SQL command deletes all rows from a table quickly without logging individual row deletions?,REMOVE,TRUNCATE,DELETE,DROP,B,medium,Programming
645,"Database Systems #6: Which transaction isolation level prevents dirty reads, non-repeatable reads, and phantom reads?",Read Uncommitted,Serializable,Repeatable Read,Read Committed,B,hard,Programming
646,Database Systems #6: What is a Foreign Key in a relational database?,An attribute that links to the Primary Key of another table,A unique identifier within the same table,An encrypted key for secure access,An index that accelerates full-text search,A,easy,Programming
647,Database Systems #6: What is a phantom read in relational database transaction management?,A transaction loses write locks due to deadlock timeout,A transaction reads uncommitted changes that are subsequently rolled back,A transaction rereads data and finds that existing values were modified,A transaction queries a range of rows and sees new rows inserted by another committed transaction,D,hard,Programming
648,Database Systems #6: Which relational algebra operation selects columns from a relation?,Select (σ),Project (π),Join (⨝),Cartesian Product (×),B,medium,Programming
649,Database Systems #6: Which relational algebra operation filters rows that satisfy a predicate?,Intersection (∩),Project (π),Union (∪),Select (σ),D,medium,Programming
650,Database Systems #7: What is a candidate key in relational database theory?,A minimal superkey capable of uniquely identifying every tuple,A calculated column based on a stored procedure,A foreign key referencing a composite index,Any attribute that allows null values,A,medium,Programming
651,Database Systems #7: What does SQL stand for?,Simple Query Layout,Structured Query Language,Sequential Query Library,Standard Question Language,B,easy,Programming
652,Database Systems #7: Which SQL clause is used to filter records based on a specified condition?,GROUP BY,SELECT,ORDER BY,WHERE,D,easy,Programming
653,Database Systems #7: Which SQL clause is used to filter groups created by the GROUP BY clause?,FILTER,LIMIT,HAVING,WHERE,C,medium,Programming
654,Database Systems #7: Which command is a Data Definition Language (DDL) command in SQL?,UPDATE,CREATE,SELECT,INSERT,B,easy,Programming
655,Database Systems #7: Which command is a Data Manipulation Language (DML) command in SQL?,ALTER,INSERT,DROP,TRUNCATE,B,easy,Programming
656,Database Systems #7: Which property of ACID ensures that all operations within a database transaction complete or none do?,Atomicity,Consistency,Isolation,Durability,A,medium,Programming
657,Database Systems #7: Which ACID property ensures that transactions are executed independently without interference?,Durability,Atomicity,Consistency,Isolation,D,medium,Programming
658,Database Systems #7: Which ACID property ensures that committed transaction updates persist even in the event of a system crash?,Durability,Isolation,Consistency,Atomicity,A,medium,Programming
659,Database Systems #7: What is a table called in the formal relational data model?,Relation,Tuple,Attribute,Domain,A,easy,Programming
660,Database Systems #7: What is a row called in the formal relational data model?,Cardinality,Relation,Tuple,Attribute,C,easy,Programming
661,Database Systems #7: What is a column called in the formal relational data model?,Attribute,Tuple,Schema,Degree,A,easy,Programming
662,Database Systems #7: What does 1NF (First Normal Form) require in a relational table?,"All attributes must hold atomic, indivisible values",No partial dependencies on composite keys,All non-prime attributes must be mutually independent,No transitive dependencies,A,medium,Programming
663,Database Systems #7: What does 2NF (Second Normal Form) require in addition to 1NF?,No multi-valued dependencies,Every determinant must be a candidate key,No partial dependency of non-prime attributes on candidate keys,Elimination of transitive dependencies,C,medium,Programming
664,Database Systems #7: What does 3NF (Third Normal Form) primarily eliminate in addition to 2NF?,Join dependencies,Partial dependencies,Transitive dependencies,Multi-valued dependencies,C,medium,Programming
665,Database Systems #7: A relational schema is in Boyce-Codd Normal Form (BCNF) if for every functional dependency X -> Y:,Y is a prime attribute,X is a superkey,Y is a subset of X only,X is a candidate key and Y is atomic,B,hard,Programming
666,Database Systems #7: Which type of index determines the physical storage order of data records in a database table?,Clustered index,Secondary index,Non-clustered index,Hash index,A,medium,Programming
667,Database Systems #7: How many clustered indexes can a single database table have?,Exactly one,Up to two,One per foreign key,As many as desired,A,easy,Programming
668,Database Systems #7: Which SQL JOIN returns all rows from the left table and matched rows from the right table?,CROSS JOIN,RIGHT JOIN,LEFT JOIN,INNER JOIN,C,easy,Programming
669,Database Systems #7: Which SQL command deletes all rows from a table quickly without logging individual row deletions?,DROP,TRUNCATE,DELETE,REMOVE,B,medium,Programming
670,"Database Systems #7: Which transaction isolation level prevents dirty reads, non-repeatable reads, and phantom reads?",Read Uncommitted,Repeatable Read,Serializable,Read Committed,C,hard,Programming
671,Database Systems #7: What is a Foreign Key in a relational database?,An index that accelerates full-text search,An encrypted key for secure access,A unique identifier within the same table,An attribute that links to the Primary Key of another table,D,easy,Programming
672,Database Systems #7: What is a phantom read in relational database transaction management?,A transaction queries a range of rows and sees new rows inserted by another committed transaction,A transaction reads uncommitted changes that are subsequently rolled back,A transaction loses write locks due to deadlock timeout,A transaction rereads data and finds that existing values were modified,A,hard,Programming
673,Database Systems #7: Which relational algebra operation selects columns from a relation?,Cartesian Product (×),Join (⨝),Project (π),Select (σ),C,medium,Programming
674,Database Systems #7: Which relational algebra operation filters rows that satisfy a predicate?,Project (π),Intersection (∩),Select (σ),Union (∪),C,medium,Programming
675,Database Systems #8: What is a candidate key in relational database theory?,A calculated column based on a stored procedure,A foreign key referencing a composite index,A minimal superkey capable of uniquely identifying every tuple,Any attribute that allows null values,C,medium,Programming
676,Database Systems #8: What does SQL stand for?,Simple Query Layout,Structured Query Language,Sequential Query Library,Standard Question Language,B,easy,Programming
677,Database Systems #8: Which SQL clause is used to filter records based on a specified condition?,ORDER BY,GROUP BY,SELECT,WHERE,D,easy,Programming
678,Database Systems #8: Which SQL clause is used to filter groups created by the GROUP BY clause?,HAVING,WHERE,LIMIT,FILTER,A,medium,Programming
679,Database Systems #8: Which command is a Data Definition Language (DDL) command in SQL?,SELECT,UPDATE,INSERT,CREATE,D,easy,Programming
680,Database Systems #8: Which command is a Data Manipulation Language (DML) command in SQL?,ALTER,TRUNCATE,DROP,INSERT,D,easy,Programming
681,Database Systems #8: Which property of ACID ensures that all operations within a database transaction complete or none do?,Atomicity,Consistency,Isolation,Durability,A,medium,Programming
682,Database Systems #8: Which ACID property ensures that transactions are executed independently without interference?,Durability,Isolation,Consistency,Atomicity,B,medium,Programming
683,Database Systems #8: Which ACID property ensures that committed transaction updates persist even in the event of a system crash?,Durability,Isolation,Atomicity,Consistency,A,medium,Programming
684,Database Systems #8: What is a table called in the formal relational data model?,Tuple,Attribute,Domain,Relation,D,easy,Programming
685,Database Systems #8: What is a row called in the formal relational data model?,Attribute,Relation,Cardinality,Tuple,D,easy,Programming
686,Database Systems #8: What is a column called in the formal relational data model?,Degree,Schema,Attribute,Tuple,C,easy,Programming
687,Database Systems #8: What does 1NF (First Normal Form) require in a relational table?,No transitive dependencies,No partial dependencies on composite keys,"All attributes must hold atomic, indivisible values",All non-prime attributes must be mutually independent,C,medium,Programming
688,Database Systems #8: What does 2NF (Second Normal Form) require in addition to 1NF?,No multi-valued dependencies,Elimination of transitive dependencies,Every determinant must be a candidate key,No partial dependency of non-prime attributes on candidate keys,D,medium,Programming
689,Database Systems #8: What does 3NF (Third Normal Form) primarily eliminate in addition to 2NF?,Join dependencies,Multi-valued dependencies,Partial dependencies,Transitive dependencies,D,medium,Programming
690,Database Systems #8: A relational schema is in Boyce-Codd Normal Form (BCNF) if for every functional dependency X -> Y:,X is a superkey,Y is a prime attribute,X is a candidate key and Y is atomic,Y is a subset of X only,A,hard,Programming
691,Database Systems #8: Which type of index determines the physical storage order of data records in a database table?,Clustered index,Hash index,Secondary index,Non-clustered index,A,medium,Programming
692,Database Systems #8: How many clustered indexes can a single database table have?,Up to two,One per foreign key,Exactly one,As many as desired,C,easy,Programming
693,Database Systems #8: Which SQL JOIN returns all rows from the left table and matched rows from the right table?,CROSS JOIN,RIGHT JOIN,LEFT JOIN,INNER JOIN,C,easy,Programming
694,Database Systems #8: Which SQL command deletes all rows from a table quickly without logging individual row deletions?,DELETE,TRUNCATE,REMOVE,DROP,B,medium,Programming
695,"Database Systems #8: Which transaction isolation level prevents dirty reads, non-repeatable reads, and phantom reads?",Read Uncommitted,Repeatable Read,Read Committed,Serializable,D,hard,Programming
696,Database Systems #8: What is a Foreign Key in a relational database?,A unique identifier within the same table,An attribute that links to the Primary Key of another table,An index that accelerates full-text search,An encrypted key for secure access,B,easy,Programming
697,Database Systems #8: What is a phantom read in relational database transaction management?,A transaction queries a range of rows and sees new rows inserted by another committed transaction,A transaction loses write locks due to deadlock timeout,A transaction rereads data and finds that existing values were modified,A transaction reads uncommitted changes that are subsequently rolled back,A,hard,Programming
698,Database Systems #8: Which relational algebra operation selects columns from a relation?,Project (π),Select (σ),Cartesian Product (×),Join (⨝),A,medium,Programming
699,Database Systems #8: Which relational algebra operation filters rows that satisfy a predicate?,Union (∪),Intersection (∩),Project (π),Select (σ),D,medium,Programming
700,Database Systems #9: What is a candidate key in relational database theory?,A foreign key referencing a composite index,A calculated column based on a stored procedure,A minimal superkey capable of uniquely identifying every tuple,Any attribute that allows null values,C,medium,Programming
701,What is the program in execution called in an operating system?,Thread,Processor,Process,Scheduler,C,easy,Programming
702,What data structure holds information about a specific process in an operating system?,Interrupt Vector Table,Process Control Block (PCB),File Allocation Table (FAT),Page Directory,B,easy,Programming
703,Which CPU scheduling algorithm gives each process a small fixed unit of CPU time (time quantum)?,Round Robin (RR),Shortest Job First (SJF),"First-Come, First-Served (FCFS)",Priority Scheduling,A,easy,Programming
704,Which of the following is NOT one of Coffman's four necessary conditions for deadlock?,Mutual exclusion,Preemptive allocation,Circular wait,Hold and wait,B,medium,Programming
705,What state does a process transition to when it is waiting for an I/O operation to complete?,Waiting / Blocked state,Ready state,Terminated state,Running state,A,easy,Programming
706,What is a race condition in concurrent programming?,When two processes continuously yield CPU time to each other,When CPU cache coherence protocols cause memory bus saturation,When multiple threads access shared data concurrently and the outcome depends on execution timing,When a high-priority process permanently starves low-priority processes,C,medium,Programming
707,What synchronization primitive consists of an integer variable accessed via wait() and signal()?,Condition variable,Semaphore,Spinlock,Message queue,B,medium,Programming
708,What is the phenomenon where the operating system spends more time paging than executing instructions?,Thrashing,Fragmentation,Segmentation,Starvation,A,medium,Programming
709,Which page replacement algorithm replaces the page that will not be used for the longest period in the future?,Second Chance Algorithm,Least Recently Used (LRU),"First-In, First-Out (FIFO)",Optimal Page Replacement (OPT),D,medium,Programming
710,What is the purpose of the Translation Lookaside Buffer (TLB) in virtual memory systems?,To store dirty cache lines prior to disk write-back,To cache recent virtual-to-physical address translations for faster access,To schedule memory bus access across multi-core processors,To manage page swapping between RAM and swap space,B,hard,Programming
711,How many layers are in the standard OSI model?,5,6,7,4,C,easy,Programming
712,"Which OSI layer is responsible for end-to-end reliable transmission, error recovery, and flow control?",Transport Layer,Data Link Layer,Session Layer,Network Layer,A,easy,Programming
713,Which OSI layer is responsible for logical IP addressing and routing packets across networks?,Network Layer,Transport Layer,Data Link Layer,Physical Layer,A,easy,Programming
714,What is the standard length of an IPv4 address?,16 bits,128 bits,32 bits,64 bits,C,easy,Programming
715,What is the standard length of an IPv6 address?,128 bits,32 bits,64 bits,256 bits,A,easy,Programming
716,Which protocol resolves an IP address to a physical MAC address in a local network?,DNS (Domain Name System),ICMP (Internet Control Message Protocol),DHCP (Dynamic Host Configuration Protocol),ARP (Address Resolution Protocol),D,medium,Programming
717,"Which transport protocol is connection-oriented, provides reliability, and guarantees in-order delivery?",UDP,ICMP,IP,TCP,D,easy,Programming
718,"Which transport protocol is connectionless, lightweight, and suitable for real-time video streaming?",FTP,HTTP,UDP,TCP,C,easy,Programming
719,What standard port is used by default for encrypted HTTPS web traffic?,80,8080,443,22,C,easy,Programming
720,What standard port is used by default for SSH (Secure Shell) remote login?,23,21,22,25,C,easy,Programming
721,What is the purpose of the 3-way handshake in TCP?,To encrypt the transmission payload with AES,To negotiate the DNS server IP address,To authenticate user credentials securely,To establish a synchronized connection before transferring data,D,medium,Programming
722,Which HTTP response status code signifies '404'?,Forbidden,Not Found,Unauthorized,Bad Request,B,easy,Programming
723,Which HTTP status code indicates that a server successfully processed a request and created a resource?,201 Created,200 OK,204 No Content,202 Accepted,A,medium,Programming
724,Which protocol is used by the ping utility to test network reachability?,SNMP,ARP,IGMP,ICMP,D,medium,Programming
725,What is the primary role of DHCP in computer networks?,To translate human-readable domain names to IP addresses,To synchronize system clocks across network hosts,To filter malicious network packets at the perimeter,To automatically assign dynamic IP addresses to devices on a network,D,easy,Programming
726,Systems & Networking #2: What is the program in execution called in an operating system?,Scheduler,Thread,Processor,Process,D,easy,Programming
727,Systems & Networking #2: What data structure holds information about a specific process in an operating system?,File Allocation Table (FAT),Process Control Block (PCB),Interrupt Vector Table,Page Directory,B,easy,Programming
728,Systems & Networking #2: Which CPU scheduling algorithm gives each process a small fixed unit of CPU time (time quantum)?,Shortest Job First (SJF),"First-Come, First-Served (FCFS)",Priority Scheduling,Round Robin (RR),D,easy,Programming
729,Systems & Networking #2: Which of the following is NOT one of Coffman's four necessary conditions for deadlock?,Circular wait,Hold and wait,Mutual exclusion,Preemptive allocation,D,medium,Programming
730,Systems & Networking #2: What state does a process transition to when it is waiting for an I/O operation to complete?,Running state,Terminated state,Waiting / Blocked state,Ready state,C,easy,Programming
731,Systems & Networking #2: What is a race condition in concurrent programming?,When multiple threads access shared data concurrently and the outcome depends on execution timing,When two processes continuously yield CPU time to each other,When a high-priority process permanently starves low-priority processes,When CPU cache coherence protocols cause memory bus saturation,A,medium,Programming
732,Systems & Networking #2: What synchronization primitive consists of an integer variable accessed via wait() and signal()?,Condition variable,Semaphore,Spinlock,Message queue,B,medium,Programming
733,Systems & Networking #2: What is the phenomenon where the operating system spends more time paging than executing instructions?,Thrashing,Starvation,Segmentation,Fragmentation,A,medium,Programming
734,Systems & Networking #2: Which page replacement algorithm replaces the page that will not be used for the longest period in the future?,"First-In, First-Out (FIFO)",Least Recently Used (LRU),Second Chance Algorithm,Optimal Page Replacement (OPT),D,medium,Programming
735,Systems & Networking #2: What is the purpose of the Translation Lookaside Buffer (TLB) in virtual memory systems?,To schedule memory bus access across multi-core processors,To cache recent virtual-to-physical address translations for faster access,To manage page swapping between RAM and swap space,To store dirty cache lines prior to disk write-back,B,hard,Programming
736,Systems & Networking #2: How many layers are in the standard OSI model?,5,4,6,7,D,easy,Programming
737,"Systems & Networking #2: Which OSI layer is responsible for end-to-end reliable transmission, error recovery, and flow control?",Transport Layer,Network Layer,Data Link Layer,Session Layer,A,easy,Programming
738,Systems & Networking #2: Which OSI layer is responsible for logical IP addressing and routing packets across networks?,Transport Layer,Data Link Layer,Network Layer,Physical Layer,C,easy,Programming
739,Systems & Networking #2: What is the standard length of an IPv4 address?,128 bits,32 bits,64 bits,16 bits,B,easy,Programming
740,Systems & Networking #2: What is the standard length of an IPv6 address?,32 bits,256 bits,128 bits,64 bits,C,easy,Programming
741,Systems & Networking #2: Which protocol resolves an IP address to a physical MAC address in a local network?,ICMP (Internet Control Message Protocol),DNS (Domain Name System),DHCP (Dynamic Host Configuration Protocol),ARP (Address Resolution Protocol),D,medium,Programming
742,"Systems & Networking #2: Which transport protocol is connection-oriented, provides reliability, and guarantees in-order delivery?",UDP,IP,ICMP,TCP,D,easy,Programming
743,"Systems & Networking #2: Which transport protocol is connectionless, lightweight, and suitable for real-time video streaming?",TCP,FTP,HTTP,UDP,D,easy,Programming
744,Systems & Networking #2: What standard port is used by default for encrypted HTTPS web traffic?,80,443,8080,22,B,easy,Programming
745,Systems & Networking #2: What standard port is used by default for SSH (Secure Shell) remote login?,25,22,23,21,B,easy,Programming
746,Systems & Networking #2: What is the purpose of the 3-way handshake in TCP?,To encrypt the transmission payload with AES,To establish a synchronized connection before transferring data,To authenticate user credentials securely,To negotiate the DNS server IP address,B,medium,Programming
747,Systems & Networking #2: Which HTTP response status code signifies '404'?,Bad Request,Forbidden,Not Found,Unauthorized,C,easy,Programming
748,Systems & Networking #2: Which HTTP status code indicates that a server successfully processed a request and created a resource?,202 Accepted,200 OK,201 Created,204 No Content,C,medium,Programming
749,Systems & Networking #2: Which protocol is used by the ping utility to test network reachability?,SNMP,IGMP,ICMP,ARP,C,medium,Programming
750,Systems & Networking #3: What is the primary role of DHCP in computer networks?,To synchronize system clocks across network hosts,To automatically assign dynamic IP addresses to devices on a network,To filter malicious network packets at the perimeter,To translate human-readable domain names to IP addresses,B,easy,Programming
751,Systems & Networking #3: What is the program in execution called in an operating system?,Process,Scheduler,Thread,Processor,A,easy,Programming
752,Systems & Networking #3: What data structure holds information about a specific process in an operating system?,File Allocation Table (FAT),Interrupt Vector Table,Page Directory,Process Control Block (PCB),D,easy,Programming
753,Systems & Networking #3: Which CPU scheduling algorithm gives each process a small fixed unit of CPU time (time quantum)?,Round Robin (RR),"First-Come, First-Served (FCFS)",Shortest Job First (SJF),Priority Scheduling,A,easy,Programming
754,Systems & Networking #3: Which of the following is NOT one of Coffman's four necessary conditions for deadlock?,Circular wait,Hold and wait,Mutual exclusion,Preemptive allocation,D,medium,Programming
755,Systems & Networking #3: What state does a process transition to when it is waiting for an I/O operation to complete?,Waiting / Blocked state,Ready state,Terminated state,Running state,A,easy,Programming
756,Systems & Networking #3: What is a race condition in concurrent programming?,When CPU cache coherence protocols cause memory bus saturation,When a high-priority process permanently starves low-priority processes,When multiple threads access shared data concurrently and the outcome depends on execution timing,When two processes continuously yield CPU time to each other,C,medium,Programming
757,Systems & Networking #3: What synchronization primitive consists of an integer variable accessed via wait() and signal()?,Condition variable,Spinlock,Semaphore,Message queue,C,medium,Programming
758,Systems & Networking #3: What is the phenomenon where the operating system spends more time paging than executing instructions?,Segmentation,Starvation,Thrashing,Fragmentation,C,medium,Programming
759,Systems & Networking #3: Which page replacement algorithm replaces the page that will not be used for the longest period in the future?,"First-In, First-Out (FIFO)",Optimal Page Replacement (OPT),Second Chance Algorithm,Least Recently Used (LRU),B,medium,Programming
760,Systems & Networking #3: What is the purpose of the Translation Lookaside Buffer (TLB) in virtual memory systems?,To manage page swapping between RAM and swap space,To cache recent virtual-to-physical address translations for faster access,To store dirty cache lines prior to disk write-back,To schedule memory bus access across multi-core processors,B,hard,Programming
761,Systems & Networking #3: How many layers are in the standard OSI model?,5,4,7,6,C,easy,Programming
762,"Systems & Networking #3: Which OSI layer is responsible for end-to-end reliable transmission, error recovery, and flow control?",Data Link Layer,Transport Layer,Session Layer,Network Layer,B,easy,Programming
763,Systems & Networking #3: Which OSI layer is responsible for logical IP addressing and routing packets across networks?,Data Link Layer,Network Layer,Transport Layer,Physical Layer,B,easy,Programming
764,Systems & Networking #3: What is the standard length of an IPv4 address?,128 bits,16 bits,32 bits,64 bits,C,easy,Programming
765,Systems & Networking #3: What is the standard length of an IPv6 address?,32 bits,128 bits,64 bits,256 bits,B,easy,Programming
766,Systems & Networking #3: Which protocol resolves an IP address to a physical MAC address in a local network?,DNS (Domain Name System),DHCP (Dynamic Host Configuration Protocol),ICMP (Internet Control Message Protocol),ARP (Address Resolution Protocol),D,medium,Programming
767,"Systems & Networking #3: Which transport protocol is connection-oriented, provides reliability, and guarantees in-order delivery?",IP,UDP,TCP,ICMP,C,easy,Programming
768,"Systems & Networking #3: Which transport protocol is connectionless, lightweight, and suitable for real-time video streaming?",TCP,HTTP,UDP,FTP,C,easy,Programming
769,Systems & Networking #3: What standard port is used by default for encrypted HTTPS web traffic?,22,443,8080,80,B,easy,Programming
770,Systems & Networking #3: What standard port is used by default for SSH (Secure Shell) remote login?,21,23,22,25,C,easy,Programming
771,Systems & Networking #3: What is the purpose of the 3-way handshake in TCP?,To encrypt the transmission payload with AES,To authenticate user credentials securely,To establish a synchronized connection before transferring data,To negotiate the DNS server IP address,C,medium,Programming
772,Systems & Networking #3: Which HTTP response status code signifies '404'?,Not Found,Bad Request,Unauthorized,Forbidden,A,easy,Programming
773,Systems & Networking #3: Which HTTP status code indicates that a server successfully processed a request and created a resource?,201 Created,202 Accepted,200 OK,204 No Content,A,medium,Programming
774,Systems & Networking #3: Which protocol is used by the ping utility to test network reachability?,ICMP,IGMP,SNMP,ARP,A,medium,Programming
775,Systems & Networking #4: What is the primary role of DHCP in computer networks?,To filter malicious network packets at the perimeter,To translate human-readable domain names to IP addresses,To automatically assign dynamic IP addresses to devices on a network,To synchronize system clocks across network hosts,C,easy,Programming
776,Systems & Networking #4: What is the program in execution called in an operating system?,Processor,Thread,Process,Scheduler,C,easy,Programming
777,Systems & Networking #4: What data structure holds information about a specific process in an operating system?,Interrupt Vector Table,Process Control Block (PCB),File Allocation Table (FAT),Page Directory,B,easy,Programming
778,Systems & Networking #4: Which CPU scheduling algorithm gives each process a small fixed unit of CPU time (time quantum)?,Priority Scheduling,Round Robin (RR),Shortest Job First (SJF),"First-Come, First-Served (FCFS)",B,easy,Programming
779,Systems & Networking #4: Which of the following is NOT one of Coffman's four necessary conditions for deadlock?,Circular wait,Hold and wait,Mutual exclusion,Preemptive allocation,D,medium,Programming
780,Systems & Networking #4: What state does a process transition to when it is waiting for an I/O operation to complete?,Ready state,Terminated state,Waiting / Blocked state,Running state,C,easy,Programming
781,Systems & Networking #4: What is a race condition in concurrent programming?,When two processes continuously yield CPU time to each other,When a high-priority process permanently starves low-priority processes,When multiple threads access shared data concurrently and the outcome depends on execution timing,When CPU cache coherence protocols cause memory bus saturation,C,medium,Programming
782,Systems & Networking #4: What synchronization primitive consists of an integer variable accessed via wait() and signal()?,Semaphore,Condition variable,Message queue,Spinlock,A,medium,Programming
783,Systems & Networking #4: What is the phenomenon where the operating system spends more time paging than executing instructions?,Thrashing,Starvation,Fragmentation,Segmentation,A,medium,Programming
784,Systems & Networking #4: Which page replacement algorithm replaces the page that will not be used for the longest period in the future?,"First-In, First-Out (FIFO)",Least Recently Used (LRU),Optimal Page Replacement (OPT),Second Chance Algorithm,C,medium,Programming
785,Systems & Networking #4: What is the purpose of the Translation Lookaside Buffer (TLB) in virtual memory systems?,To manage page swapping between RAM and swap space,To schedule memory bus access across multi-core processors,To cache recent virtual-to-physical address translations for faster access,To store dirty cache lines prior to disk write-back,C,hard,Programming
786,Systems & Networking #4: How many layers are in the standard OSI model?,6,7,5,4,B,easy,Programming
787,"Systems & Networking #4: Which OSI layer is responsible for end-to-end reliable transmission, error recovery, and flow control?",Network Layer,Data Link Layer,Session Layer,Transport Layer,D,easy,Programming
788,Systems & Networking #4: Which OSI layer is responsible for logical IP addressing and routing packets across networks?,Data Link Layer,Physical Layer,Transport Layer,Network Layer,D,easy,Programming
789,Systems & Networking #4: What is the standard length of an IPv4 address?,16 bits,128 bits,32 bits,64 bits,C,easy,Programming
790,Systems & Networking #4: What is the standard length of an IPv6 address?,64 bits,32 bits,256 bits,128 bits,D,easy,Programming
791,Systems & Networking #4: Which protocol resolves an IP address to a physical MAC address in a local network?,ICMP (Internet Control Message Protocol),DNS (Domain Name System),ARP (Address Resolution Protocol),DHCP (Dynamic Host Configuration Protocol),C,medium,Programming
792,"Systems & Networking #4: Which transport protocol is connection-oriented, provides reliability, and guarantees in-order delivery?",UDP,IP,TCP,ICMP,C,easy,Programming
793,"Systems & Networking #4: Which transport protocol is connectionless, lightweight, and suitable for real-time video streaming?",TCP,FTP,UDP,HTTP,C,easy,Programming
794,Systems & Networking #4: What standard port is used by default for encrypted HTTPS web traffic?,443,80,22,8080,A,easy,Programming
795,Systems & Networking #4: What standard port is used by default for SSH (Secure Shell) remote login?,25,21,23,22,D,easy,Programming
796,Systems & Networking #4: What is the purpose of the 3-way handshake in TCP?,To negotiate the DNS server IP address,To encrypt the transmission payload with AES,To establish a synchronized connection before transferring data,To authenticate user credentials securely,C,medium,Programming
797,Systems & Networking #4: Which HTTP response status code signifies '404'?,Bad Request,Forbidden,Not Found,Unauthorized,C,easy,Programming
798,Systems & Networking #4: Which HTTP status code indicates that a server successfully processed a request and created a resource?,201 Created,202 Accepted,200 OK,204 No Content,A,medium,Programming
799,Systems & Networking #4: Which protocol is used by the ping utility to test network reachability?,ARP,IGMP,ICMP,SNMP,C,medium,Programming
800,Systems & Networking #5: What is the primary role of DHCP in computer networks?,To filter malicious network packets at the perimeter,To automatically assign dynamic IP addresses to devices on a network,To translate human-readable domain names to IP addresses,To synchronize system clocks across network hosts,B,easy,Programming
801,Systems & Networking #5: What is the program in execution called in an operating system?,Scheduler,Process,Processor,Thread,B,easy,Programming
802,Systems & Networking #5: What data structure holds information about a specific process in an operating system?,Page Directory,File Allocation Table (FAT),Interrupt Vector Table,Process Control Block (PCB),D,easy,Programming
803,Systems & Networking #5: Which CPU scheduling algorithm gives each process a small fixed unit of CPU time (time quantum)?,Round Robin (RR),Shortest Job First (SJF),"First-Come, First-Served (FCFS)",Priority Scheduling,A,easy,Programming
804,Systems & Networking #5: Which of the following is NOT one of Coffman's four necessary conditions for deadlock?,Mutual exclusion,Circular wait,Hold and wait,Preemptive allocation,D,medium,Programming
805,Systems & Networking #5: What state does a process transition to when it is waiting for an I/O operation to complete?,Running state,Terminated state,Waiting / Blocked state,Ready state,C,easy,Programming
806,Systems & Networking #5: What is a race condition in concurrent programming?,When multiple threads access shared data concurrently and the outcome depends on execution timing,When a high-priority process permanently starves low-priority processes,When CPU cache coherence protocols cause memory bus saturation,When two processes continuously yield CPU time to each other,A,medium,Programming
807,Systems & Networking #5: What synchronization primitive consists of an integer variable accessed via wait() and signal()?,Spinlock,Message queue,Condition variable,Semaphore,D,medium,Programming
808,Systems & Networking #5: What is the phenomenon where the operating system spends more time paging than executing instructions?,Segmentation,Starvation,Thrashing,Fragmentation,C,medium,Programming
809,Systems & Networking #5: Which page replacement algorithm replaces the page that will not be used for the longest period in the future?,Least Recently Used (LRU),Second Chance Algorithm,Optimal Page Replacement (OPT),"First-In, First-Out (FIFO)",C,medium,Programming
810,Systems & Networking #5: What is the purpose of the Translation Lookaside Buffer (TLB) in virtual memory systems?,To store dirty cache lines prior to disk write-back,To cache recent virtual-to-physical address translations for faster access,To schedule memory bus access across multi-core processors,To manage page swapping between RAM and swap space,B,hard,Programming
811,Systems & Networking #5: How many layers are in the standard OSI model?,5,7,6,4,B,easy,Programming
812,"Systems & Networking #5: Which OSI layer is responsible for end-to-end reliable transmission, error recovery, and flow control?",Session Layer,Transport Layer,Data Link Layer,Network Layer,B,easy,Programming
813,Systems & Networking #5: Which OSI layer is responsible for logical IP addressing and routing packets across networks?,Data Link Layer,Transport Layer,Network Layer,Physical Layer,C,easy,Programming
814,Systems & Networking #5: What is the standard length of an IPv4 address?,16 bits,32 bits,128 bits,64 bits,B,easy,Programming
815,Systems & Networking #5: What is the standard length of an IPv6 address?,128 bits,32 bits,64 bits,256 bits,A,easy,Programming
816,Systems & Networking #5: Which protocol resolves an IP address to a physical MAC address in a local network?,DNS (Domain Name System),ARP (Address Resolution Protocol),DHCP (Dynamic Host Configuration Protocol),ICMP (Internet Control Message Protocol),B,medium,Programming
817,"Systems & Networking #5: Which transport protocol is connection-oriented, provides reliability, and guarantees in-order delivery?",ICMP,UDP,IP,TCP,D,easy,Programming
818,"Systems & Networking #5: Which transport protocol is connectionless, lightweight, and suitable for real-time video streaming?",FTP,TCP,HTTP,UDP,D,easy,Programming
819,Systems & Networking #5: What standard port is used by default for encrypted HTTPS web traffic?,8080,22,443,80,C,easy,Programming
820,Systems & Networking #5: What standard port is used by default for SSH (Secure Shell) remote login?,23,22,21,25,B,easy,Programming
821,Systems & Networking #5: What is the purpose of the 3-way handshake in TCP?,To establish a synchronized connection before transferring data,To negotiate the DNS server IP address,To authenticate user credentials securely,To encrypt the transmission payload with AES,A,medium,Programming
822,Systems & Networking #5: Which HTTP response status code signifies '404'?,Not Found,Forbidden,Bad Request,Unauthorized,A,easy,Programming
823,Systems & Networking #5: Which HTTP status code indicates that a server successfully processed a request and created a resource?,204 No Content,200 OK,201 Created,202 Accepted,C,medium,Programming
824,Systems & Networking #5: Which protocol is used by the ping utility to test network reachability?,SNMP,IGMP,ARP,ICMP,D,medium,Programming
825,Systems & Networking #6: What is the primary role of DHCP in computer networks?,To synchronize system clocks across network hosts,To automatically assign dynamic IP addresses to devices on a network,To filter malicious network packets at the perimeter,To translate human-readable domain names to IP addresses,B,easy,Programming
826,Systems & Networking #6: What is the program in execution called in an operating system?,Scheduler,Processor,Thread,Process,D,easy,Programming
827,Systems & Networking #6: What data structure holds information about a specific process in an operating system?,File Allocation Table (FAT),Process Control Block (PCB),Page Directory,Interrupt Vector Table,B,easy,Programming
828,Systems & Networking #6: Which CPU scheduling algorithm gives each process a small fixed unit of CPU time (time quantum)?,Round Robin (RR),Shortest Job First (SJF),"First-Come, First-Served (FCFS)",Priority Scheduling,A,easy,Programming
829,Systems & Networking #6: Which of the following is NOT one of Coffman's four necessary conditions for deadlock?,Mutual exclusion,Hold and wait,Circular wait,Preemptive allocation,D,medium,Programming
830,Systems & Networking #6: What state does a process transition to when it is waiting for an I/O operation to complete?,Waiting / Blocked state,Terminated state,Ready state,Running state,A,easy,Programming
831,Systems & Networking #6: What is a race condition in concurrent programming?,When a high-priority process permanently starves low-priority processes,When two processes continuously yield CPU time to each other,When multiple threads access shared data concurrently and the outcome depends on execution timing,When CPU cache coherence protocols cause memory bus saturation,C,medium,Programming
832,Systems & Networking #6: What synchronization primitive consists of an integer variable accessed via wait() and signal()?,Condition variable,Spinlock,Message queue,Semaphore,D,medium,Programming
833,Systems & Networking #6: What is the phenomenon where the operating system spends more time paging than executing instructions?,Thrashing,Fragmentation,Segmentation,Starvation,A,medium,Programming
834,Systems & Networking #6: Which page replacement algorithm replaces the page that will not be used for the longest period in the future?,Least Recently Used (LRU),"First-In, First-Out (FIFO)",Second Chance Algorithm,Optimal Page Replacement (OPT),D,medium,Programming
835,Systems & Networking #6: What is the purpose of the Translation Lookaside Buffer (TLB) in virtual memory systems?,To store dirty cache lines prior to disk write-back,To cache recent virtual-to-physical address translations for faster access,To schedule memory bus access across multi-core processors,To manage page swapping between RAM and swap space,B,hard,Programming
836,Systems & Networking #6: How many layers are in the standard OSI model?,6,7,4,5,B,easy,Programming
837,"Systems & Networking #6: Which OSI layer is responsible for end-to-end reliable transmission, error recovery, and flow control?",Transport Layer,Session Layer,Network Layer,Data Link Layer,A,easy,Programming
838,Systems & Networking #6: Which OSI layer is responsible for logical IP addressing and routing packets across networks?,Transport Layer,Physical Layer,Data Link Layer,Network Layer,D,easy,Programming
839,Systems & Networking #6: What is the standard length of an IPv4 address?,32 bits,16 bits,128 bits,64 bits,A,easy,Programming
840,Systems & Networking #6: What is the standard length of an IPv6 address?,64 bits,256 bits,128 bits,32 bits,C,easy,Programming
841,Systems & Networking #6: Which protocol resolves an IP address to a physical MAC address in a local network?,ARP (Address Resolution Protocol),ICMP (Internet Control Message Protocol),DNS (Domain Name System),DHCP (Dynamic Host Configuration Protocol),A,medium,Programming
842,"Systems & Networking #6: Which transport protocol is connection-oriented, provides reliability, and guarantees in-order delivery?",ICMP,IP,TCP,UDP,C,easy,Programming
843,"Systems & Networking #6: Which transport protocol is connectionless, lightweight, and suitable for real-time video streaming?",UDP,FTP,TCP,HTTP,A,easy,Programming
844,Systems & Networking #6: What standard port is used by default for encrypted HTTPS web traffic?,22,443,80,8080,B,easy,Programming
845,Systems & Networking #6: What standard port is used by default for SSH (Secure Shell) remote login?,25,22,21,23,B,easy,Programming
846,Systems & Networking #6: What is the purpose of the 3-way handshake in TCP?,To authenticate user credentials securely,To establish a synchronized connection before transferring data,To encrypt the transmission payload with AES,To negotiate the DNS server IP address,B,medium,Programming
847,Systems & Networking #6: Which HTTP response status code signifies '404'?,Unauthorized,Forbidden,Not Found,Bad Request,C,easy,Programming
848,Systems & Networking #6: Which HTTP status code indicates that a server successfully processed a request and created a resource?,202 Accepted,200 OK,201 Created,204 No Content,C,medium,Programming
849,Systems & Networking #6: Which protocol is used by the ping utility to test network reachability?,ICMP,IGMP,SNMP,ARP,A,medium,Programming
850,Systems & Networking #7: What is the primary role of DHCP in computer networks?,To automatically assign dynamic IP addresses to devices on a network,To synchronize system clocks across network hosts,To translate human-readable domain names to IP addresses,To filter malicious network packets at the perimeter,A,easy,Programming
851,Systems & Networking #7: What is the program in execution called in an operating system?,Thread,Process,Scheduler,Processor,B,easy,Programming
852,Systems & Networking #7: What data structure holds information about a specific process in an operating system?,Interrupt Vector Table,Process Control Block (PCB),File Allocation Table (FAT),Page Directory,B,easy,Programming
853,Systems & Networking #7: Which CPU scheduling algorithm gives each process a small fixed unit of CPU time (time quantum)?,Shortest Job First (SJF),Round Robin (RR),"First-Come, First-Served (FCFS)",Priority Scheduling,B,easy,Programming
854,Systems & Networking #7: Which of the following is NOT one of Coffman's four necessary conditions for deadlock?,Preemptive allocation,Hold and wait,Mutual exclusion,Circular wait,A,medium,Programming
855,Systems & Networking #7: What state does a process transition to when it is waiting for an I/O operation to complete?,Ready state,Waiting / Blocked state,Running state,Terminated state,B,easy,Programming
856,Systems & Networking #7: What is a race condition in concurrent programming?,When multiple threads access shared data concurrently and the outcome depends on execution timing,When two processes continuously yield CPU time to each other,When a high-priority process permanently starves low-priority processes,When CPU cache coherence protocols cause memory bus saturation,A,medium,Programming
857,Systems & Networking #7: What synchronization primitive consists of an integer variable accessed via wait() and signal()?,Condition variable,Semaphore,Spinlock,Message queue,B,medium,Programming
858,Systems & Networking #7: What is the phenomenon where the operating system spends more time paging than executing instructions?,Starvation,Thrashing,Segmentation,Fragmentation,B,medium,Programming
859,Systems & Networking #7: Which page replacement algorithm replaces the page that will not be used for the longest period in the future?,Second Chance Algorithm,Least Recently Used (LRU),"First-In, First-Out (FIFO)",Optimal Page Replacement (OPT),D,medium,Programming
860,Systems & Networking #7: What is the purpose of the Translation Lookaside Buffer (TLB) in virtual memory systems?,To cache recent virtual-to-physical address translations for faster access,To manage page swapping between RAM and swap space,To schedule memory bus access across multi-core processors,To store dirty cache lines prior to disk write-back,A,hard,Programming
861,Systems & Networking #7: How many layers are in the standard OSI model?,6,5,4,7,D,easy,Programming
862,"Systems & Networking #7: Which OSI layer is responsible for end-to-end reliable transmission, error recovery, and flow control?",Transport Layer,Session Layer,Data Link Layer,Network Layer,A,easy,Programming
863,Systems & Networking #7: Which OSI layer is responsible for logical IP addressing and routing packets across networks?,Data Link Layer,Network Layer,Physical Layer,Transport Layer,B,easy,Programming
864,Systems & Networking #7: What is the standard length of an IPv4 address?,128 bits,32 bits,64 bits,16 bits,B,easy,Programming
865,Systems & Networking #7: What is the standard length of an IPv6 address?,128 bits,32 bits,64 bits,256 bits,A,easy,Programming
866,Systems & Networking #7: Which protocol resolves an IP address to a physical MAC address in a local network?,ARP (Address Resolution Protocol),DNS (Domain Name System),DHCP (Dynamic Host Configuration Protocol),ICMP (Internet Control Message Protocol),A,medium,Programming
867,"Systems & Networking #7: Which transport protocol is connection-oriented, provides reliability, and guarantees in-order delivery?",IP,ICMP,UDP,TCP,D,easy,Programming
868,"Systems & Networking #7: Which transport protocol is connectionless, lightweight, and suitable for real-time video streaming?",FTP,TCP,HTTP,UDP,D,easy,Programming
869,Systems & Networking #7: What standard port is used by default for encrypted HTTPS web traffic?,22,443,8080,80,B,easy,Programming
870,Systems & Networking #7: What standard port is used by default for SSH (Secure Shell) remote login?,22,23,21,25,A,easy,Programming
871,Systems & Networking #7: What is the purpose of the 3-way handshake in TCP?,To authenticate user credentials securely,To encrypt the transmission payload with AES,To negotiate the DNS server IP address,To establish a synchronized connection before transferring data,D,medium,Programming
872,Systems & Networking #7: Which HTTP response status code signifies '404'?,Unauthorized,Bad Request,Not Found,Forbidden,C,easy,Programming
873,Systems & Networking #7: Which HTTP status code indicates that a server successfully processed a request and created a resource?,201 Created,204 No Content,200 OK,202 Accepted,A,medium,Programming
874,Systems & Networking #7: Which protocol is used by the ping utility to test network reachability?,IGMP,ICMP,ARP,SNMP,B,medium,Programming
875,Systems & Networking #8: What is the primary role of DHCP in computer networks?,To synchronize system clocks across network hosts,To translate human-readable domain names to IP addresses,To automatically assign dynamic IP addresses to devices on a network,To filter malicious network packets at the perimeter,C,easy,Programming
876,Systems & Networking #8: What is the program in execution called in an operating system?,Processor,Scheduler,Thread,Process,D,easy,Programming
877,Systems & Networking #8: What data structure holds information about a specific process in an operating system?,File Allocation Table (FAT),Page Directory,Interrupt Vector Table,Process Control Block (PCB),D,easy,Programming
878,Systems & Networking #8: Which CPU scheduling algorithm gives each process a small fixed unit of CPU time (time quantum)?,Round Robin (RR),Priority Scheduling,"First-Come, First-Served (FCFS)",Shortest Job First (SJF),A,easy,Programming
879,Systems & Networking #8: Which of the following is NOT one of Coffman's four necessary conditions for deadlock?,Hold and wait,Mutual exclusion,Preemptive allocation,Circular wait,C,medium,Programming
880,Systems & Networking #8: What state does a process transition to when it is waiting for an I/O operation to complete?,Terminated state,Waiting / Blocked state,Ready state,Running state,B,easy,Programming
881,Systems & Networking #8: What is a race condition in concurrent programming?,When multiple threads access shared data concurrently and the outcome depends on execution timing,When a high-priority process permanently starves low-priority processes,When CPU cache coherence protocols cause memory bus saturation,When two processes continuously yield CPU time to each other,A,medium,Programming
882,Systems & Networking #8: What synchronization primitive consists of an integer variable accessed via wait() and signal()?,Message queue,Spinlock,Semaphore,Condition variable,C,medium,Programming
883,Systems & Networking #8: What is the phenomenon where the operating system spends more time paging than executing instructions?,Fragmentation,Starvation,Segmentation,Thrashing,D,medium,Programming
884,Systems & Networking #8: Which page replacement algorithm replaces the page that will not be used for the longest period in the future?,"First-In, First-Out (FIFO)",Second Chance Algorithm,Least Recently Used (LRU),Optimal Page Replacement (OPT),D,medium,Programming
885,Systems & Networking #8: What is the purpose of the Translation Lookaside Buffer (TLB) in virtual memory systems?,To schedule memory bus access across multi-core processors,To cache recent virtual-to-physical address translations for faster access,To manage page swapping between RAM and swap space,To store dirty cache lines prior to disk write-back,B,hard,Programming
886,Systems & Networking #8: How many layers are in the standard OSI model?,6,7,5,4,B,easy,Programming
887,"Systems & Networking #8: Which OSI layer is responsible for end-to-end reliable transmission, error recovery, and flow control?",Transport Layer,Network Layer,Session Layer,Data Link Layer,A,easy,Programming
888,Systems & Networking #8: Which OSI layer is responsible for logical IP addressing and routing packets across networks?,Data Link Layer,Transport Layer,Network Layer,Physical Layer,C,easy,Programming
889,Systems & Networking #8: What is the standard length of an IPv4 address?,128 bits,16 bits,32 bits,64 bits,C,easy,Programming
890,Systems & Networking #8: What is the standard length of an IPv6 address?,32 bits,64 bits,128 bits,256 bits,C,easy,Programming
891,Systems & Networking #8: Which protocol resolves an IP address to a physical MAC address in a local network?,ARP (Address Resolution Protocol),DNS (Domain Name System),DHCP (Dynamic Host Configuration Protocol),ICMP (Internet Control Message Protocol),A,medium,Programming
892,"Systems & Networking #8: Which transport protocol is connection-oriented, provides reliability, and guarantees in-order delivery?",UDP,IP,TCP,ICMP,C,easy,Programming
893,"Systems & Networking #8: Which transport protocol is connectionless, lightweight, and suitable for real-time video streaming?",FTP,UDP,HTTP,TCP,B,easy,Programming
894,Systems & Networking #8: What standard port is used by default for encrypted HTTPS web traffic?,80,22,8080,443,D,easy,Programming
895,Systems & Networking #8: What standard port is used by default for SSH (Secure Shell) remote login?,25,22,21,23,B,easy,Programming
896,Systems & Networking #8: What is the purpose of the 3-way handshake in TCP?,To encrypt the transmission payload with AES,To authenticate user credentials securely,To establish a synchronized connection before transferring data,To negotiate the DNS server IP address,C,medium,Programming
897,Systems & Networking #8: Which HTTP response status code signifies '404'?,Not Found,Unauthorized,Forbidden,Bad Request,A,easy,Programming
898,Systems & Networking #8: Which HTTP status code indicates that a server successfully processed a request and created a resource?,201 Created,200 OK,204 No Content,202 Accepted,A,medium,Programming
899,Systems & Networking #8: Which protocol is used by the ping utility to test network reachability?,SNMP,ARP,IGMP,ICMP,D,medium,Programming
900,Systems & Networking #9: What is the primary role of DHCP in computer networks?,To translate human-readable domain names to IP addresses,To automatically assign dynamic IP addresses to devices on a network,To filter malicious network packets at the perimeter,To synchronize system clocks across network hosts,B,easy,Programming
901,Which OOP principle refers to wrapping data and methods into a single unit and restricting direct access?,Inheritance,Encapsulation,Abstraction,Polymorphism,B,easy,Programming
902,Which OOP principle allows a subclass to provide a specific implementation of a method defined in its superclass?,Cohesion,Polymorphism,Coupling,Encapsulation,B,easy,Programming
903,"In the SOLID design principles, what does the 'S' stand for?",System Scalability Principle,Single Responsibility Principle,Synchronous Processing Principle,Substitutability Principle,B,medium,Programming
904,Which creational design pattern ensures that a class has only one instance and provides a global point of access to it?,Builder Pattern,Singleton Pattern,Prototype Pattern,Factory Method,B,easy,Programming
905,"Which design pattern defines a one-to-many dependency between objects so that when one object changes state, all dependents are notified?",Decorator Pattern,Observer Pattern,Strategy Pattern,Facade Pattern,B,medium,Programming
906,Which design pattern attaches additional responsibilities to an object dynamically without modifying its structure?,Proxy Pattern,Decorator Pattern,Adapter Pattern,Composite Pattern,B,medium,Programming
907,What type of security attack injects malicious SQL code into input fields to manipulate backend databases?,Cross-Site Scripting (XSS),SQL Injection (SQLi),Cross-Site Request Forgery (CSRF),Man-In-The-Middle (MITM),B,easy,Programming
908,What attack executes malicious scripts in the victim's browser by injecting code into a trusted website?,Cross-Site Scripting (XSS),Denial of Service (DoS),Buffer Overflow,SQL Injection,A,medium,Programming
909,What cryptographic mechanism uses a pair of keys (public and private) for encryption and decryption?,Stream Cipher Encryption,One-Time Pad,Asymmetric Encryption (Public-Key Cryptography),Symmetric Encryption,C,easy,Programming
910,Which cryptographic hash function produces a 256-bit digest?,MD5,SHA-256,SHA-1,DES,B,easy,Programming
911,What does the 'O' in SOLID design principles stand for?,One-to-One Association Principle,Object Composition Principle,Open/Closed Principle,Operational Stability Principle,C,medium,Programming
912,What does the 'L' in SOLID design principles stand for?,Loose Coupling Principle,Layered Architecture Principle,Liskov Substitution Principle,Linear Dependency Principle,C,medium,Programming
913,What software testing level tests individual functions or classes in isolation?,Unit Testing,System Testing,Integration Testing,Acceptance Testing,A,easy,Programming
914,"Which agile software development framework organizes work in short, fixed-length iterations called sprints?",Scrum,Waterfall,Cleanroom,V-Model,A,easy,Programming
915,"What architectural style uses stateless operations, standard HTTP methods, and URI-based resource identification?",SOAP,GraphQL,REST (Representational State Transfer),RPC,C,easy,Programming
916,"In version control with Git, which command creates and switches to a new branch simultaneously?",git switch -create <branch-name>,git branch -new <branch-name>,git merge -b <branch-name>,git checkout -b <branch-name>,D,easy,Programming
917,"In Git, which command stages modified files for the next commit?",git push,git commit,git stage,git add,D,easy,Programming
918,"What security protocol provides encrypted communication over computer networks, succeeding SSL?",PGP,SSH,TLS (Transport Layer Security),IPsec,C,medium,Programming
919,What is the primary vulnerability prevented by using parameterized database queries (Prepared Statements)?,Cross-Site Scripting (XSS),SQL Injection,Path Traversal,Insecure Deserialization,B,easy,Programming
920,What is the purpose of a JSON Web Token (JWT)?,To serialize abstract syntax trees in compilers,To encrypt database columns at rest,To compress large JSON payloads for network transport,"To transmit claims securely between parties as a compact, digitally signed JSON object",D,medium,Programming
921,Software Engineering #2: Which OOP principle refers to wrapping data and methods into a single unit and restricting direct access?,Abstraction,Inheritance,Polymorphism,Encapsulation,D,easy,Programming
922,Software Engineering #2: Which OOP principle allows a subclass to provide a specific implementation of a method defined in its superclass?,Cohesion,Polymorphism,Coupling,Encapsulation,B,easy,Programming
923,"Software Engineering #2: In the SOLID design principles, what does the 'S' stand for?",System Scalability Principle,Single Responsibility Principle,Synchronous Processing Principle,Substitutability Principle,B,medium,Programming
924,Software Engineering #2: Which creational design pattern ensures that a class has only one instance and provides a global point of access to it?,Singleton Pattern,Builder Pattern,Factory Method,Prototype Pattern,A,easy,Programming
925,"Software Engineering #2: Which design pattern defines a one-to-many dependency between objects so that when one object changes state, all dependents are notified?",Decorator Pattern,Facade Pattern,Strategy Pattern,Observer Pattern,D,medium,Programming
926,Software Engineering #2: Which design pattern attaches additional responsibilities to an object dynamically without modifying its structure?,Proxy Pattern,Composite Pattern,Decorator Pattern,Adapter Pattern,C,medium,Programming
927,Software Engineering #2: What type of security attack injects malicious SQL code into input fields to manipulate backend databases?,Cross-Site Scripting (XSS),Cross-Site Request Forgery (CSRF),SQL Injection (SQLi),Man-In-The-Middle (MITM),C,easy,Programming
928,Software Engineering #2: What attack executes malicious scripts in the victim's browser by injecting code into a trusted website?,Buffer Overflow,Denial of Service (DoS),Cross-Site Scripting (XSS),SQL Injection,C,medium,Programming
929,Software Engineering #2: What cryptographic mechanism uses a pair of keys (public and private) for encryption and decryption?,Asymmetric Encryption (Public-Key Cryptography),Symmetric Encryption,One-Time Pad,Stream Cipher Encryption,A,easy,Programming
930,Software Engineering #2: Which cryptographic hash function produces a 256-bit digest?,SHA-256,SHA-1,DES,MD5,A,easy,Programming
931,Software Engineering #2: What does the 'O' in SOLID design principles stand for?,Open/Closed Principle,Object Composition Principle,One-to-One Association Principle,Operational Stability Principle,A,medium,Programming
932,Software Engineering #2: What does the 'L' in SOLID design principles stand for?,Loose Coupling Principle,Linear Dependency Principle,Layered Architecture Principle,Liskov Substitution Principle,D,medium,Programming
933,Software Engineering #2: What software testing level tests individual functions or classes in isolation?,System Testing,Acceptance Testing,Integration Testing,Unit Testing,D,easy,Programming
934,"Software Engineering #2: Which agile software development framework organizes work in short, fixed-length iterations called sprints?",V-Model,Cleanroom,Scrum,Waterfall,C,easy,Programming
935,"Software Engineering #2: What architectural style uses stateless operations, standard HTTP methods, and URI-based resource identification?",RPC,SOAP,REST (Representational State Transfer),GraphQL,C,easy,Programming
936,"Software Engineering #2: In version control with Git, which command creates and switches to a new branch simultaneously?",git switch -create <branch-name>,git branch -new <branch-name>,git checkout -b <branch-name>,git merge -b <branch-name>,C,easy,Programming
937,"Software Engineering #2: In Git, which command stages modified files for the next commit?",git add,git push,git stage,git commit,A,easy,Programming
938,"Software Engineering #2: What security protocol provides encrypted communication over computer networks, succeeding SSL?",SSH,PGP,IPsec,TLS (Transport Layer Security),D,medium,Programming
939,Software Engineering #2: What is the primary vulnerability prevented by using parameterized database queries (Prepared Statements)?,SQL Injection,Cross-Site Scripting (XSS),Path Traversal,Insecure Deserialization,A,easy,Programming
940,Software Engineering #3: What is the purpose of a JSON Web Token (JWT)?,"To transmit claims securely between parties as a compact, digitally signed JSON object",To serialize abstract syntax trees in compilers,To compress large JSON payloads for network transport,To encrypt database columns at rest,A,medium,Programming
941,Software Engineering #3: Which OOP principle refers to wrapping data and methods into a single unit and restricting direct access?,Inheritance,Encapsulation,Abstraction,Polymorphism,B,easy,Programming
942,Software Engineering #3: Which OOP principle allows a subclass to provide a specific implementation of a method defined in its superclass?,Coupling,Encapsulation,Cohesion,Polymorphism,D,easy,Programming
943,"Software Engineering #3: In the SOLID design principles, what does the 'S' stand for?",Synchronous Processing Principle,Substitutability Principle,Single Responsibility Principle,System Scalability Principle,C,medium,Programming
944,Software Engineering #3: Which creational design pattern ensures that a class has only one instance and provides a global point of access to it?,Builder Pattern,Singleton Pattern,Prototype Pattern,Factory Method,B,easy,Programming
945,"Software Engineering #3: Which design pattern defines a one-to-many dependency between objects so that when one object changes state, all dependents are notified?",Observer Pattern,Decorator Pattern,Strategy Pattern,Facade Pattern,A,medium,Programming
946,Software Engineering #3: Which design pattern attaches additional responsibilities to an object dynamically without modifying its structure?,Composite Pattern,Decorator Pattern,Adapter Pattern,Proxy Pattern,B,medium,Programming
947,Software Engineering #3: What type of security attack injects malicious SQL code into input fields to manipulate backend databases?,Cross-Site Request Forgery (CSRF),SQL Injection (SQLi),Cross-Site Scripting (XSS),Man-In-The-Middle (MITM),B,easy,Programming
948,Software Engineering #3: What attack executes malicious scripts in the victim's browser by injecting code into a trusted website?,Denial of Service (DoS),SQL Injection,Buffer Overflow,Cross-Site Scripting (XSS),D,medium,Programming
949,Software Engineering #3: What cryptographic mechanism uses a pair of keys (public and private) for encryption and decryption?,Symmetric Encryption,Stream Cipher Encryption,One-Time Pad,Asymmetric Encryption (Public-Key Cryptography),D,easy,Programming
950,Software Engineering #3: Which cryptographic hash function produces a 256-bit digest?,SHA-1,SHA-256,MD5,DES,B,easy,Programming
951,Software Engineering #3: What does the 'O' in SOLID design principles stand for?,Object Composition Principle,Operational Stability Principle,Open/Closed Principle,One-to-One Association Principle,C,medium,Programming
952,Software Engineering #3: What does the 'L' in SOLID design principles stand for?,Layered Architecture Principle,Linear Dependency Principle,Liskov Substitution Principle,Loose Coupling Principle,C,medium,Programming
953,Software Engineering #3: What software testing level tests individual functions or classes in isolation?,Acceptance Testing,Integration Testing,System Testing,Unit Testing,D,easy,Programming
954,"Software Engineering #3: Which agile software development framework organizes work in short, fixed-length iterations called sprints?",V-Model,Waterfall,Scrum,Cleanroom,C,easy,Programming
955,"Software Engineering #3: What architectural style uses stateless operations, standard HTTP methods, and URI-based resource identification?",GraphQL,RPC,REST (Representational State Transfer),SOAP,C,easy,Programming
956,"Software Engineering #3: In version control with Git, which command creates and switches to a new branch simultaneously?",git branch -new <branch-name>,git checkout -b <branch-name>,git merge -b <branch-name>,git switch -create <branch-name>,B,easy,Programming
957,"Software Engineering #3: In Git, which command stages modified files for the next commit?",git stage,git add,git push,git commit,B,easy,Programming
958,"Software Engineering #3: What security protocol provides encrypted communication over computer networks, succeeding SSL?",SSH,IPsec,PGP,TLS (Transport Layer Security),D,medium,Programming
959,Software Engineering #3: What is the primary vulnerability prevented by using parameterized database queries (Prepared Statements)?,Cross-Site Scripting (XSS),Path Traversal,SQL Injection,Insecure Deserialization,C,easy,Programming
960,Software Engineering #4: What is the purpose of a JSON Web Token (JWT)?,"To transmit claims securely between parties as a compact, digitally signed JSON object",To serialize abstract syntax trees in compilers,To encrypt database columns at rest,To compress large JSON payloads for network transport,A,medium,Programming
961,Software Engineering #4: Which OOP principle refers to wrapping data and methods into a single unit and restricting direct access?,Polymorphism,Inheritance,Abstraction,Encapsulation,D,easy,Programming
962,Software Engineering #4: Which OOP principle allows a subclass to provide a specific implementation of a method defined in its superclass?,Cohesion,Coupling,Encapsulation,Polymorphism,D,easy,Programming
963,"Software Engineering #4: In the SOLID design principles, what does the 'S' stand for?",Substitutability Principle,System Scalability Principle,Single Responsibility Principle,Synchronous Processing Principle,C,medium,Programming
964,Software Engineering #4: Which creational design pattern ensures that a class has only one instance and provides a global point of access to it?,Factory Method,Builder Pattern,Singleton Pattern,Prototype Pattern,C,easy,Programming
965,"Software Engineering #4: Which design pattern defines a one-to-many dependency between objects so that when one object changes state, all dependents are notified?",Facade Pattern,Decorator Pattern,Strategy Pattern,Observer Pattern,D,medium,Programming
966,Software Engineering #4: Which design pattern attaches additional responsibilities to an object dynamically without modifying its structure?,Composite Pattern,Adapter Pattern,Decorator Pattern,Proxy Pattern,C,medium,Programming
967,Software Engineering #4: What type of security attack injects malicious SQL code into input fields to manipulate backend databases?,Man-In-The-Middle (MITM),SQL Injection (SQLi),Cross-Site Request Forgery (CSRF),Cross-Site Scripting (XSS),B,easy,Programming
968,Software Engineering #4: What attack executes malicious scripts in the victim's browser by injecting code into a trusted website?,SQL Injection,Buffer Overflow,Denial of Service (DoS),Cross-Site Scripting (XSS),D,medium,Programming
969,Software Engineering #4: What cryptographic mechanism uses a pair of keys (public and private) for encryption and decryption?,Asymmetric Encryption (Public-Key Cryptography),Stream Cipher Encryption,One-Time Pad,Symmetric Encryption,A,easy,Programming
970,Software Engineering #4: Which cryptographic hash function produces a 256-bit digest?,DES,SHA-256,SHA-1,MD5,B,easy,Programming
971,Software Engineering #4: What does the 'O' in SOLID design principles stand for?,Open/Closed Principle,Object Composition Principle,Operational Stability Principle,One-to-One Association Principle,A,medium,Programming
972,Software Engineering #4: What does the 'L' in SOLID design principles stand for?,Layered Architecture Principle,Loose Coupling Principle,Liskov Substitution Principle,Linear Dependency Principle,C,medium,Programming
973,Software Engineering #4: What software testing level tests individual functions or classes in isolation?,System Testing,Acceptance Testing,Unit Testing,Integration Testing,C,easy,Programming
974,"Software Engineering #4: Which agile software development framework organizes work in short, fixed-length iterations called sprints?",Scrum,V-Model,Waterfall,Cleanroom,A,easy,Programming
975,"Software Engineering #4: What architectural style uses stateless operations, standard HTTP methods, and URI-based resource identification?",GraphQL,RPC,REST (Representational State Transfer),SOAP,C,easy,Programming
976,"Software Engineering #4: In version control with Git, which command creates and switches to a new branch simultaneously?",git switch -create <branch-name>,git branch -new <branch-name>,git merge -b <branch-name>,git checkout -b <branch-name>,D,easy,Programming
977,"Software Engineering #4: In Git, which command stages modified files for the next commit?",git commit,git stage,git push,git add,D,easy,Programming
978,"Software Engineering #4: What security protocol provides encrypted communication over computer networks, succeeding SSL?",PGP,TLS (Transport Layer Security),IPsec,SSH,B,medium,Programming
979,Software Engineering #4: What is the primary vulnerability prevented by using parameterized database queries (Prepared Statements)?,Path Traversal,SQL Injection,Cross-Site Scripting (XSS),Insecure Deserialization,B,easy,Programming
980,Software Engineering #5: What is the purpose of a JSON Web Token (JWT)?,"To transmit claims securely between parties as a compact, digitally signed JSON object",To encrypt database columns at rest,To serialize abstract syntax trees in compilers,To compress large JSON payloads for network transport,A,medium,Programming
981,Software Engineering #5: Which OOP principle refers to wrapping data and methods into a single unit and restricting direct access?,Polymorphism,Inheritance,Abstraction,Encapsulation,D,easy,Programming
982,Software Engineering #5: Which OOP principle allows a subclass to provide a specific implementation of a method defined in its superclass?,Encapsulation,Coupling,Cohesion,Polymorphism,D,easy,Programming
983,"Software Engineering #5: In the SOLID design principles, what does the 'S' stand for?",Synchronous Processing Principle,Single Responsibility Principle,Substitutability Principle,System Scalability Principle,B,medium,Programming
984,Software Engineering #5: Which creational design pattern ensures that a class has only one instance and provides a global point of access to it?,Singleton Pattern,Factory Method,Builder Pattern,Prototype Pattern,A,easy,Programming
985,"Software Engineering #5: Which design pattern defines a one-to-many dependency between objects so that when one object changes state, all dependents are notified?",Strategy Pattern,Observer Pattern,Facade Pattern,Decorator Pattern,B,medium,Programming
986,Software Engineering #5: Which design pattern attaches additional responsibilities to an object dynamically without modifying its structure?,Adapter Pattern,Proxy Pattern,Decorator Pattern,Composite Pattern,C,medium,Programming
987,Software Engineering #5: What type of security attack injects malicious SQL code into input fields to manipulate backend databases?,Cross-Site Request Forgery (CSRF),Cross-Site Scripting (XSS),Man-In-The-Middle (MITM),SQL Injection (SQLi),D,easy,Programming
988,Software Engineering #5: What attack executes malicious scripts in the victim's browser by injecting code into a trusted website?,Buffer Overflow,Denial of Service (DoS),Cross-Site Scripting (XSS),SQL Injection,C,medium,Programming
989,Software Engineering #5: What cryptographic mechanism uses a pair of keys (public and private) for encryption and decryption?,Asymmetric Encryption (Public-Key Cryptography),Symmetric Encryption,Stream Cipher Encryption,One-Time Pad,A,easy,Programming
990,Software Engineering #5: Which cryptographic hash function produces a 256-bit digest?,SHA-256,SHA-1,MD5,DES,A,easy,Programming
991,Software Engineering #5: What does the 'O' in SOLID design principles stand for?,Object Composition Principle,One-to-One Association Principle,Operational Stability Principle,Open/Closed Principle,D,medium,Programming
992,Software Engineering #5: What does the 'L' in SOLID design principles stand for?,Layered Architecture Principle,Linear Dependency Principle,Liskov Substitution Principle,Loose Coupling Principle,C,medium,Programming
993,Software Engineering #5: What software testing level tests individual functions or classes in isolation?,Integration Testing,Acceptance Testing,System Testing,Unit Testing,D,easy,Programming
994,"Software Engineering #5: Which agile software development framework organizes work in short, fixed-length iterations called sprints?",Scrum,V-Model,Cleanroom,Waterfall,A,easy,Programming
995,"Software Engineering #5: What architectural style uses stateless operations, standard HTTP methods, and URI-based resource identification?",SOAP,REST (Representational State Transfer),GraphQL,RPC,B,easy,Programming
996,"Software Engineering #5: In version control with Git, which command creates and switches to a new branch simultaneously?",git checkout -b <branch-name>,git branch -new <branch-name>,git merge -b <branch-name>,git switch -create <branch-name>,A,easy,Programming
997,"Software Engineering #5: In Git, which command stages modified files for the next commit?",git commit,git push,git add,git stage,C,easy,Programming
998,"Software Engineering #5: What security protocol provides encrypted communication over computer networks, succeeding SSL?",IPsec,PGP,SSH,TLS (Transport Layer Security),D,medium,Programming
999,Software Engineering #5: What is the primary vulnerability prevented by using parameterized database queries (Prepared Statements)?,Cross-Site Scripting (XSS),SQL Injection,Path Traversal,Insecure Deserialization,B,easy,Programming
1000,Software Engineering #6: What is the purpose of a JSON Web Token (JWT)?,To compress large JSON payloads for network transport,"To transmit claims securely between parties as a compact, digitally signed JSON object",To serialize abstract syntax trees in compilers,To encrypt database columns at rest,B,medium,Programming
1001,Software Engineering #6: Which OOP principle refers to wrapping data and methods into a single unit and restricting direct access?,Inheritance,Polymorphism,Abstraction,Encapsulation,D,easy,Programming
1002,Software Engineering #6: Which OOP principle allows a subclass to provide a specific implementation of a method defined in its superclass?,Cohesion,Encapsulation,Coupling,Polymorphism,D,easy,Programming
1003,"Software Engineering #6: In the SOLID design principles, what does the 'S' stand for?",Single Responsibility Principle,Substitutability Principle,Synchronous Processing Principle,System Scalability Principle,A,medium,Programming
1004,Software Engineering #6: Which creational design pattern ensures that a class has only one instance and provides a global point of access to it?,Builder Pattern,Singleton Pattern,Prototype Pattern,Factory Method,B,easy,Programming
1005,"Software Engineering #6: Which design pattern defines a one-to-many dependency between objects so that when one object changes state, all dependents are notified?",Strategy Pattern,Observer Pattern,Facade Pattern,Decorator Pattern,B,medium,Programming
1006,Software Engineering #6: Which design pattern attaches additional responsibilities to an object dynamically without modifying its structure?,Composite Pattern,Proxy Pattern,Adapter Pattern,Decorator Pattern,D,medium,Programming
1007,Software Engineering #6: What type of security attack injects malicious SQL code into input fields to manipulate backend databases?,Cross-Site Scripting (XSS),SQL Injection (SQLi),Man-In-The-Middle (MITM),Cross-Site Request Forgery (CSRF),B,easy,Programming
1008,Software Engineering #6: What attack executes malicious scripts in the victim's browser by injecting code into a trusted website?,SQL Injection,Cross-Site Scripting (XSS),Buffer Overflow,Denial of Service (DoS),B,medium,Programming
1009,Software Engineering #6: What cryptographic mechanism uses a pair of keys (public and private) for encryption and decryption?,Asymmetric Encryption (Public-Key Cryptography),Stream Cipher Encryption,Symmetric Encryption,One-Time Pad,A,easy,Programming
1010,Software Engineering #6: Which cryptographic hash function produces a 256-bit digest?,SHA-1,DES,MD5,SHA-256,D,easy,Programming
1011,Software Engineering #6: What does the 'O' in SOLID design principles stand for?,One-to-One Association Principle,Object Composition Principle,Open/Closed Principle,Operational Stability Principle,C,medium,Programming
1012,Software Engineering #6: What does the 'L' in SOLID design principles stand for?,Linear Dependency Principle,Layered Architecture Principle,Loose Coupling Principle,Liskov Substitution Principle,D,medium,Programming
1013,Software Engineering #6: What software testing level tests individual functions or classes in isolation?,Acceptance Testing,Unit Testing,System Testing,Integration Testing,B,easy,Programming
1014,"Software Engineering #6: Which agile software development framework organizes work in short, fixed-length iterations called sprints?",Waterfall,Cleanroom,V-Model,Scrum,D,easy,Programming
1015,"Software Engineering #6: What architectural style uses stateless operations, standard HTTP methods, and URI-based resource identification?",RPC,GraphQL,SOAP,REST (Representational State Transfer),D,easy,Programming
1016,"Software Engineering #6: In version control with Git, which command creates and switches to a new branch simultaneously?",git branch -new <branch-name>,git switch -create <branch-name>,git checkout -b <branch-name>,git merge -b <branch-name>,C,easy,Programming
1017,"Software Engineering #6: In Git, which command stages modified files for the next commit?",git commit,git stage,git push,git add,D,easy,Programming
1018,"Software Engineering #6: What security protocol provides encrypted communication over computer networks, succeeding SSL?",IPsec,TLS (Transport Layer Security),PGP,SSH,B,medium,Programming
1019,Software Engineering #6: What is the primary vulnerability prevented by using parameterized database queries (Prepared Statements)?,SQL Injection,Cross-Site Scripting (XSS),Path Traversal,Insecure Deserialization,A,easy,Programming
1020,Software Engineering #7: What is the purpose of a JSON Web Token (JWT)?,To serialize abstract syntax trees in compilers,To compress large JSON payloads for network transport,"To transmit claims securely between parties as a compact, digitally signed JSON object",To encrypt database columns at rest,C,medium,Programming
1021,Software Engineering #7: Which OOP principle refers to wrapping data and methods into a single unit and restricting direct access?,Inheritance,Abstraction,Polymorphism,Encapsulation,D,easy,Programming
1022,Software Engineering #7: Which OOP principle allows a subclass to provide a specific implementation of a method defined in its superclass?,Coupling,Cohesion,Polymorphism,Encapsulation,C,easy,Programming
1023,"Software Engineering #7: In the SOLID design principles, what does the 'S' stand for?",System Scalability Principle,Substitutability Principle,Single Responsibility Principle,Synchronous Processing Principle,C,medium,Programming
1024,Software Engineering #7: Which creational design pattern ensures that a class has only one instance and provides a global point of access to it?,Singleton Pattern,Prototype Pattern,Factory Method,Builder Pattern,A,easy,Programming
1025,"Software Engineering #7: Which design pattern defines a one-to-many dependency between objects so that when one object changes state, all dependents are notified?",Facade Pattern,Strategy Pattern,Decorator Pattern,Observer Pattern,D,medium,Programming
1026,Software Engineering #7: Which design pattern attaches additional responsibilities to an object dynamically without modifying its structure?,Proxy Pattern,Composite Pattern,Adapter Pattern,Decorator Pattern,D,medium,Programming
1027,Software Engineering #7: What type of security attack injects malicious SQL code into input fields to manipulate backend databases?,SQL Injection (SQLi),Cross-Site Scripting (XSS),Man-In-The-Middle (MITM),Cross-Site Request Forgery (CSRF),A,easy,Programming
1028,Software Engineering #7: What attack executes malicious scripts in the victim's browser by injecting code into a trusted website?,Cross-Site Scripting (XSS),Denial of Service (DoS),Buffer Overflow,SQL Injection,A,medium,Programming
1029,Software Engineering #7: What cryptographic mechanism uses a pair of keys (public and private) for encryption and decryption?,Symmetric Encryption,Stream Cipher Encryption,Asymmetric Encryption (Public-Key Cryptography),One-Time Pad,C,easy,Programming
1030,Software Engineering #7: Which cryptographic hash function produces a 256-bit digest?,SHA-1,DES,SHA-256,MD5,C,easy,Programming
1031,Software Engineering #7: What does the 'O' in SOLID design principles stand for?,Operational Stability Principle,Object Composition Principle,One-to-One Association Principle,Open/Closed Principle,D,medium,Programming
1032,Software Engineering #7: What does the 'L' in SOLID design principles stand for?,Loose Coupling Principle,Layered Architecture Principle,Linear Dependency Principle,Liskov Substitution Principle,D,medium,Programming
1033,Software Engineering #7: What software testing level tests individual functions or classes in isolation?,Unit Testing,Integration Testing,System Testing,Acceptance Testing,A,easy,Programming
1034,"Software Engineering #7: Which agile software development framework organizes work in short, fixed-length iterations called sprints?",Waterfall,Cleanroom,V-Model,Scrum,D,easy,Programming
1035,"Software Engineering #7: What architectural style uses stateless operations, standard HTTP methods, and URI-based resource identification?",GraphQL,REST (Representational State Transfer),SOAP,RPC,B,easy,Programming
1036,"Software Engineering #7: In version control with Git, which command creates and switches to a new branch simultaneously?",git checkout -b <branch-name>,git merge -b <branch-name>,git switch -create <branch-name>,git branch -new <branch-name>,A,easy,Programming
1037,"Software Engineering #7: In Git, which command stages modified files for the next commit?",git stage,git push,git commit,git add,D,easy,Programming
1038,"Software Engineering #7: What security protocol provides encrypted communication over computer networks, succeeding SSL?",TLS (Transport Layer Security),SSH,IPsec,PGP,A,medium,Programming
1039,Software Engineering #7: What is the primary vulnerability prevented by using parameterized database queries (Prepared Statements)?,Cross-Site Scripting (XSS),SQL Injection,Path Traversal,Insecure Deserialization,B,easy,Programming
1040,Software Engineering #8: What is the purpose of a JSON Web Token (JWT)?,To compress large JSON payloads for network transport,To serialize abstract syntax trees in compilers,To encrypt database columns at rest,"To transmit claims securely between parties as a compact, digitally signed JSON object",D,medium,Programming
1041,Software Engineering #8: Which OOP principle refers to wrapping data and methods into a single unit and restricting direct access?,Inheritance,Polymorphism,Encapsulation,Abstraction,C,easy,Programming
1042,Software Engineering #8: Which OOP principle allows a subclass to provide a specific implementation of a method defined in its superclass?,Encapsulation,Polymorphism,Cohesion,Coupling,B,easy,Programming
1043,"Software Engineering #8: In the SOLID design principles, what does the 'S' stand for?",Single Responsibility Principle,System Scalability Principle,Synchronous Processing Principle,Substitutability Principle,A,medium,Programming
1044,Software Engineering #8: Which creational design pattern ensures that a class has only one instance and provides a global point of access to it?,Singleton Pattern,Prototype Pattern,Factory Method,Builder Pattern,A,easy,Programming
1045,"Software Engineering #8: Which design pattern defines a one-to-many dependency between objects so that when one object changes state, all dependents are notified?",Observer Pattern,Facade Pattern,Strategy Pattern,Decorator Pattern,A,medium,Programming
1046,Software Engineering #8: Which design pattern attaches additional responsibilities to an object dynamically without modifying its structure?,Composite Pattern,Proxy Pattern,Decorator Pattern,Adapter Pattern,C,medium,Programming
1047,Software Engineering #8: What type of security attack injects malicious SQL code into input fields to manipulate backend databases?,Man-In-The-Middle (MITM),SQL Injection (SQLi),Cross-Site Request Forgery (CSRF),Cross-Site Scripting (XSS),B,easy,Programming
1048,Software Engineering #8: What attack executes malicious scripts in the victim's browser by injecting code into a trusted website?,Buffer Overflow,Denial of Service (DoS),Cross-Site Scripting (XSS),SQL Injection,C,medium,Programming
1049,Software Engineering #8: What cryptographic mechanism uses a pair of keys (public and private) for encryption and decryption?,Asymmetric Encryption (Public-Key Cryptography),Stream Cipher Encryption,Symmetric Encryption,One-Time Pad,A,easy,Programming
1050,Software Engineering #8: Which cryptographic hash function produces a 256-bit digest?,SHA-1,MD5,SHA-256,DES,C,easy,Programming
1051,Software Engineering #8: What does the 'O' in SOLID design principles stand for?,Open/Closed Principle,Operational Stability Principle,One-to-One Association Principle,Object Composition Principle,A,medium,Programming
1052,Software Engineering #8: What does the 'L' in SOLID design principles stand for?,Loose Coupling Principle,Liskov Substitution Principle,Linear Dependency Principle,Layered Architecture Principle,B,medium,Programming
1053,Software Engineering #8: What software testing level tests individual functions or classes in isolation?,System Testing,Integration Testing,Acceptance Testing,Unit Testing,D,easy,Programming
1054,"Software Engineering #8: Which agile software development framework organizes work in short, fixed-length iterations called sprints?",Cleanroom,Waterfall,V-Model,Scrum,D,easy,Programming
1055,"Software Engineering #8: What architectural style uses stateless operations, standard HTTP methods, and URI-based resource identification?",RPC,GraphQL,REST (Representational State Transfer),SOAP,C,easy,Programming
1056,"Software Engineering #8: In version control with Git, which command creates and switches to a new branch simultaneously?",git merge -b <branch-name>,git checkout -b <branch-name>,git branch -new <branch-name>,git switch -create <branch-name>,B,easy,Programming
1057,"Software Engineering #8: In Git, which command stages modified files for the next commit?",git commit,git add,git stage,git push,B,easy,Programming
1058,"Software Engineering #8: What security protocol provides encrypted communication over computer networks, succeeding SSL?",PGP,IPsec,SSH,TLS (Transport Layer Security),D,medium,Programming
1059,Software Engineering #8: What is the primary vulnerability prevented by using parameterized database queries (Prepared Statements)?,Path Traversal,Insecure Deserialization,SQL Injection,Cross-Site Scripting (XSS),C,easy,Programming
1060,Software Engineering #9: What is the purpose of a JSON Web Token (JWT)?,To compress large JSON payloads for network transport,To encrypt database columns at rest,To serialize abstract syntax trees in compilers,"To transmit claims securely between parties as a compact, digitally signed JSON object",D,medium,Programming
1061,Software Engineering #9: Which OOP principle refers to wrapping data and methods into a single unit and restricting direct access?,Inheritance,Polymorphism,Abstraction,Encapsulation,D,easy,Programming
1062,Software Engineering #9: Which OOP principle allows a subclass to provide a specific implementation of a method defined in its superclass?,Cohesion,Coupling,Polymorphism,Encapsulation,C,easy,Programming
1063,"Software Engineering #9: In the SOLID design principles, what does the 'S' stand for?",Substitutability Principle,Single Responsibility Principle,Synchronous Processing Principle,System Scalability Principle,B,medium,Programming
1064,Software Engineering #9: Which creational design pattern ensures that a class has only one instance and provides a global point of access to it?,Factory Method,Prototype Pattern,Singleton Pattern,Builder Pattern,C,easy,Programming
1065,"Software Engineering #9: Which design pattern defines a one-to-many dependency between objects so that when one object changes state, all dependents are notified?",Decorator Pattern,Strategy Pattern,Facade Pattern,Observer Pattern,D,medium,Programming
1066,Software Engineering #9: Which design pattern attaches additional responsibilities to an object dynamically without modifying its structure?,Proxy Pattern,Composite Pattern,Decorator Pattern,Adapter Pattern,C,medium,Programming
1067,Software Engineering #9: What type of security attack injects malicious SQL code into input fields to manipulate backend databases?,Cross-Site Request Forgery (CSRF),Cross-Site Scripting (XSS),Man-In-The-Middle (MITM),SQL Injection (SQLi),D,easy,Programming
1068,Software Engineering #9: What attack executes malicious scripts in the victim's browser by injecting code into a trusted website?,Denial of Service (DoS),SQL Injection,Buffer Overflow,Cross-Site Scripting (XSS),D,medium,Programming
1069,Software Engineering #9: What cryptographic mechanism uses a pair of keys (public and private) for encryption and decryption?,Stream Cipher Encryption,Asymmetric Encryption (Public-Key Cryptography),Symmetric Encryption,One-Time Pad,B,easy,Programming
1070,Software Engineering #9: Which cryptographic hash function produces a 256-bit digest?,SHA-256,MD5,SHA-1,DES,A,easy,Programming
1071,Software Engineering #9: What does the 'O' in SOLID design principles stand for?,Operational Stability Principle,Open/Closed Principle,One-to-One Association Principle,Object Composition Principle,B,medium,Programming
1072,Software Engineering #9: What does the 'L' in SOLID design principles stand for?,Liskov Substitution Principle,Loose Coupling Principle,Layered Architecture Principle,Linear Dependency Principle,A,medium,Programming
1073,Software Engineering #9: What software testing level tests individual functions or classes in isolation?,Integration Testing,System Testing,Unit Testing,Acceptance Testing,C,easy,Programming
1074,"Software Engineering #9: Which agile software development framework organizes work in short, fixed-length iterations called sprints?",Scrum,V-Model,Cleanroom,Waterfall,A,easy,Programming
1075,"Software Engineering #9: What architectural style uses stateless operations, standard HTTP methods, and URI-based resource identification?",REST (Representational State Transfer),GraphQL,SOAP,RPC,A,easy,Programming
1076,"Software Engineering #9: In version control with Git, which command creates and switches to a new branch simultaneously?",git switch -create <branch-name>,git branch -new <branch-name>,git merge -b <branch-name>,git checkout -b <branch-name>,D,easy,Programming
1077,"Software Engineering #9: In Git, which command stages modified files for the next commit?",git push,git stage,git add,git commit,C,easy,Programming
1078,"Software Engineering #9: What security protocol provides encrypted communication over computer networks, succeeding SSL?",PGP,TLS (Transport Layer Security),IPsec,SSH,B,medium,Programming
1079,Software Engineering #9: What is the primary vulnerability prevented by using parameterized database queries (Prepared Statements)?,Insecure Deserialization,Path Traversal,Cross-Site Scripting (XSS),SQL Injection,D,easy,Programming
1080,Software Engineering #10: What is the purpose of a JSON Web Token (JWT)?,"To transmit claims securely between parties as a compact, digitally signed JSON object",To compress large JSON payloads for network transport,To encrypt database columns at rest,To serialize abstract syntax trees in compilers,A,medium,Programming
1081,Software Engineering #10: Which OOP principle refers to wrapping data and methods into a single unit and restricting direct access?,Encapsulation,Inheritance,Abstraction,Polymorphism,A,easy,Programming
1082,Software Engineering #10: Which OOP principle allows a subclass to provide a specific implementation of a method defined in its superclass?,Cohesion,Polymorphism,Encapsulation,Coupling,B,easy,Programming
1083,"Software Engineering #10: In the SOLID design principles, what does the 'S' stand for?",System Scalability Principle,Synchronous Processing Principle,Substitutability Principle,Single Responsibility Principle,D,medium,Programming
1084,Software Engineering #10: Which creational design pattern ensures that a class has only one instance and provides a global point of access to it?,Builder Pattern,Prototype Pattern,Factory Method,Singleton Pattern,D,easy,Programming
1085,"Software Engineering #10: Which design pattern defines a one-to-many dependency between objects so that when one object changes state, all dependents are notified?",Observer Pattern,Strategy Pattern,Decorator Pattern,Facade Pattern,A,medium,Programming
1086,Software Engineering #10: Which design pattern attaches additional responsibilities to an object dynamically without modifying its structure?,Composite Pattern,Proxy Pattern,Decorator Pattern,Adapter Pattern,C,medium,Programming
1087,Software Engineering #10: What type of security attack injects malicious SQL code into input fields to manipulate backend databases?,Man-In-The-Middle (MITM),SQL Injection (SQLi),Cross-Site Request Forgery (CSRF),Cross-Site Scripting (XSS),B,easy,Programming
1088,Software Engineering #10: What attack executes malicious scripts in the victim's browser by injecting code into a trusted website?,SQL Injection,Cross-Site Scripting (XSS),Buffer Overflow,Denial of Service (DoS),B,medium,Programming
1089,Software Engineering #10: What cryptographic mechanism uses a pair of keys (public and private) for encryption and decryption?,Asymmetric Encryption (Public-Key Cryptography),One-Time Pad,Stream Cipher Encryption,Symmetric Encryption,A,easy,Programming
1090,Software Engineering #10: Which cryptographic hash function produces a 256-bit digest?,MD5,DES,SHA-256,SHA-1,C,easy,Programming
1091,Software Engineering #10: What does the 'O' in SOLID design principles stand for?,Open/Closed Principle,One-to-One Association Principle,Operational Stability Principle,Object Composition Principle,A,medium,Programming
1092,Software Engineering #10: What does the 'L' in SOLID design principles stand for?,Linear Dependency Principle,Liskov Substitution Principle,Layered Architecture Principle,Loose Coupling Principle,B,medium,Programming
1093,Software Engineering #10: What software testing level tests individual functions or classes in isolation?,Integration Testing,Unit Testing,Acceptance Testing,System Testing,B,easy,Programming
1094,"Software Engineering #10: Which agile software development framework organizes work in short, fixed-length iterations called sprints?",Scrum,Cleanroom,V-Model,Waterfall,A,easy,Programming
1095,"Software Engineering #10: What architectural style uses stateless operations, standard HTTP methods, and URI-based resource identification?",GraphQL,REST (Representational State Transfer),RPC,SOAP,B,easy,Programming
1096,"Software Engineering #10: In version control with Git, which command creates and switches to a new branch simultaneously?",git branch -new <branch-name>,git switch -create <branch-name>,git merge -b <branch-name>,git checkout -b <branch-name>,D,easy,Programming
1097,"Software Engineering #10: In Git, which command stages modified files for the next commit?",git push,git commit,git add,git stage,C,easy,Programming
1098,"Software Engineering #10: What security protocol provides encrypted communication over computer networks, succeeding SSL?",IPsec,PGP,SSH,TLS (Transport Layer Security),D,medium,Programming
1099,Software Engineering #10: What is the primary vulnerability prevented by using parameterized database queries (Prepared Statements)?,Path Traversal,SQL Injection,Insecure Deserialization,Cross-Site Scripting (XSS),B,easy,Programming
1100,Software Engineering #11: What is the purpose of a JSON Web Token (JWT)?,To compress large JSON payloads for network transport,To serialize abstract syntax trees in compilers,"To transmit claims securely between parties as a compact, digitally signed JSON object",To encrypt database columns at rest,C,medium,Programming
1101,What is the derivative of f(x) = x^2 with respect to x?,x^1,2x,1x,3x^2,B,easy,Mathematics
1102,What is the derivative of f(x) = x^3 with respect to x?,x^2,4x^3,2x,3x^2,D,easy,Mathematics
1103,What is the derivative of f(x) = x^4 with respect to x?,x^3,3x^2,5x^4,4x^3,D,easy,Mathematics
1104,What is the derivative of f(x) = x^5 with respect to x?,x^4,4x^3,6x^5,5x^4,D,medium,Mathematics
1105,What is the derivative of f(x) = x^6 with respect to x?,7x^6,x^5,6x^5,5x^4,C,medium,Mathematics
1106,What is the derivative of f(x) = x^7 with respect to x?,7x^6,8x^7,6x^5,x^6,A,medium,Mathematics
1107,What is the derivative of f(x) = x^8 with respect to x?,x^7,9x^8,8x^7,7x^6,C,medium,Mathematics
1108,What is the derivative of f(x) = x^9 with respect to x?,x^8,9x^8,8x^7,10x^9,B,medium,Mathematics
1109,What is the derivative of f(x) = x^10 with respect to x?,10x^9,9x^8,11x^10,x^9,A,medium,Mathematics
1110,What is the derivative of f(x) = x^11 with respect to x?,x^10,10x^9,11x^10,12x^11,C,hard,Mathematics
1111,What is the derivative of f(x) = x^12 with respect to x?,13x^12,12x^11,11x^10,x^11,B,hard,Mathematics
1112,What is the derivative of f(x) = x^13 with respect to x?,13x^12,x^12,12x^11,14x^13,A,hard,Mathematics
1113,What is the derivative of f(x) = x^14 with respect to x?,x^13,14x^13,13x^12,15x^14,B,hard,Mathematics
1114,What is the derivative of f(x) = x^15 with respect to x?,14x^13,16x^15,15x^14,x^14,C,hard,Mathematics
1115,What is the derivative of f(x) = x^16 with respect to x?,15x^14,17x^16,x^15,16x^15,D,hard,Mathematics
1116,What is the derivative of f(x) = x^17 with respect to x?,18x^17,x^16,17x^16,16x^15,C,hard,Mathematics
1117,What is the derivative of f(x) = x^18 with respect to x?,x^17,18x^17,19x^18,17x^16,B,hard,Mathematics
1118,What is the derivative of f(x) = x^19 with respect to x?,20x^19,x^18,19x^18,18x^17,C,hard,Mathematics
1119,What is the derivative of f(x) = x^20 with respect to x?,x^19,19x^18,21x^20,20x^19,D,hard,Mathematics
1120,What is the derivative of f(x) = x^21 with respect to x?,22x^21,x^20,20x^19,21x^20,D,hard,Mathematics
1121,What is the derivative of f(x) = x^22 with respect to x?,x^21,21x^20,23x^22,22x^21,D,hard,Mathematics
1122,What is the derivative of f(x) = x^23 with respect to x?,22x^21,24x^23,23x^22,x^22,C,hard,Mathematics
1123,What is the derivative of f(x) = x^24 with respect to x?,24x^23,23x^22,25x^24,x^23,A,hard,Mathematics
1124,What is the derivative of f(x) = x^25 with respect to x?,24x^23,26x^25,25x^24,x^24,C,hard,Mathematics
1125,What is the derivative of f(x) = x^26 with respect to x?,25x^24,x^25,26x^25,27x^26,C,hard,Mathematics
1126,What is the derivative of f(x) = x^27 with respect to x?,26x^25,28x^27,x^26,27x^26,D,hard,Mathematics
1127,What is the derivative of f(x) = x^28 with respect to x?,x^27,27x^26,29x^28,28x^27,D,hard,Mathematics
1128,What is the derivative of f(x) = x^29 with respect to x?,28x^27,30x^29,x^28,29x^28,D,hard,Mathematics
1129,What is the derivative of f(x) = x^30 with respect to x?,29x^28,30x^29,x^29,31x^30,B,hard,Mathematics
1130,What is the derivative of f(x) = x^31 with respect to x?,32x^31,x^30,30x^29,31x^30,D,hard,Mathematics
1131,What is the derivative of f(x) = sin(x) with respect to x?,cos(x),-cos(x),tan(x),-sin(x),A,easy,Mathematics
1132,What is the derivative of f(x) = cos(x) with respect to x?,-cos(x),sec(x),sin(x),-sin(x),D,easy,Mathematics
1133,What is the derivative of f(x) = tan(x) with respect to x?,cos^2(x),-sec^2(x),sec^2(x),cot(x),C,medium,Mathematics
1134,What is the derivative of f(x) = e^(3x) with respect to x?,(1/3)e^(3x),3x e^(3x-1),e^(3x),3e^(3x),D,easy,Mathematics
1135,What is the derivative of f(x) = ln(x) for x > 0?,1/x,1/(x^2),e^x,-1/x,A,easy,Mathematics
1136,What is the derivative of f(x) = e^x with respect to x?,ln(x),e^x,x e^(x-1),e^(x-1),B,easy,Mathematics
1137,What is the integral of f(x) = cos(x) dx?,cos(x) + C,-sin(x) + C,-cos(x) + C,sin(x) + C,D,easy,Mathematics
1138,What is the integral of f(x) = sin(x) dx?,cos(x) + C,sin(x) + C,-cos(x) + C,-sin(x) + C,C,easy,Mathematics
1139,What is the integral of f(x) = 1/x dx for x > 0?,x + C,-1/(x^2) + C,ln(x) + C,e^x + C,C,easy,Mathematics
1140,What is the integral of f(x) = e^x dx?,ln(x) + C,x e^x + C,e^(x+1) + C,e^x + C,D,easy,Mathematics
1141,What is the value of lim(x -> 0) [sin(x) / x]?,Undefined,Infinity,1,0,C,medium,Mathematics
1142,What is the value of lim(x -> 0) [(e^x - 1) / x]?,e,Undefined,1,0,C,medium,Mathematics
1143,What is the value of lim(x -> infinity) [1 / x]?,Infinity,-Infinity,1,0,D,easy,Mathematics
1144,What rule states that d/dx [u(x) * v(x)] = u'(x)v(x) + u(x)v'(x)?,Product Rule,Power Rule,Quotient Rule,Chain Rule,A,easy,Mathematics
1145,What rule states that d/dx [f(g(x))] = f'(g(x)) * g'(x)?,Chain Rule,Product Rule,Quotient Rule,L'Hopital's Rule,A,easy,Mathematics
1146,What technique evaluates indeterminate forms 0/0 by differentiating numerator and denominator?,Rolle's Theorem,Taylor's Theorem,Simpson's Rule,L'Hopital's Rule,D,medium,Mathematics
1147,What is the definite integral of f(x) = 2x from x = 0 to x = 3?,9,18,12,6,A,medium,Mathematics
1148,What is the definite integral of f(x) = x^2 from x = 0 to x = 3?,6,27,9,18,C,medium,Mathematics
1149,What is a point on a curve where the second derivative changes sign called?,Local maximum,Saddle point,Critical point,Inflection point,D,medium,Mathematics
1150,What is the derivative of f(x) = ln(2x) with respect to x?,1/(2x),1/x,2/x,2 ln(x),B,medium,Mathematics
1151,Evaluate the definite integral: ∫ from 0 to 2 of (2x) dx.,6,4,8,2,B,medium,Mathematics
1152,Evaluate the definite integral: ∫ from 0 to 2 of (4x) dx.,16,8,6,10,B,medium,Mathematics
1153,Evaluate the definite integral: ∫ from 0 to 2 of (6x) dx.,24,14,10,12,D,medium,Mathematics
1154,Evaluate the definite integral: ∫ from 0 to 3 of (2x) dx.,12,9,6,18,B,medium,Mathematics
1155,Evaluate the definite integral: ∫ from 0 to 3 of (4x) dx.,36,15,21,18,D,medium,Mathematics
1156,Evaluate the definite integral: ∫ from 0 to 3 of (6x) dx.,30,27,24,54,B,medium,Mathematics
1157,Evaluate the definite integral: ∫ from 0 to 4 of (2x) dx.,12,16,20,32,B,medium,Mathematics
1158,Evaluate the definite integral: ∫ from 0 to 4 of (4x) dx.,36,32,28,64,B,medium,Mathematics
1159,Evaluate the definite integral: ∫ from 0 to 4 of (6x) dx.,44,96,48,52,C,medium,Mathematics
1160,Evaluate the definite integral: ∫ from 0 to 5 of (2x) dx.,50,20,25,30,C,medium,Mathematics
1161,Evaluate the definite integral: ∫ from 0 to 5 of (4x) dx.,100,45,50,55,C,medium,Mathematics
1162,Evaluate the definite integral: ∫ from 0 to 5 of (6x) dx.,70,80,75,150,C,medium,Mathematics
1163,Evaluate the definite integral: ∫ from 0 to 6 of (2x) dx.,72,36,30,42,B,medium,Mathematics
1164,Evaluate the definite integral: ∫ from 0 to 6 of (4x) dx.,144,72,78,66,B,medium,Mathematics
1165,Evaluate the definite integral: ∫ from 0 to 6 of (6x) dx.,216,102,114,108,D,medium,Mathematics
1166,Evaluate the definite integral: ∫ from 0 to 7 of (2x) dx.,49,98,56,42,A,medium,Mathematics
1167,Evaluate the definite integral: ∫ from 0 to 7 of (4x) dx.,196,105,91,98,D,medium,Mathematics
1168,Evaluate the definite integral: ∫ from 0 to 7 of (6x) dx.,140,294,154,147,D,medium,Mathematics
1169,Evaluate the definite integral: ∫ from 0 to 8 of (2x) dx.,128,64,56,72,B,medium,Mathematics
1170,Evaluate the definite integral: ∫ from 0 to 8 of (4x) dx.,136,256,120,128,D,medium,Mathematics
1171,Evaluate the definite integral: ∫ from 0 to 8 of (6x) dx.,192,200,384,184,A,medium,Mathematics
1172,Evaluate the definite integral: ∫ from 0 to 9 of (2x) dx.,81,72,90,162,A,medium,Mathematics
1173,Evaluate the definite integral: ∫ from 0 to 9 of (4x) dx.,162,171,153,324,A,medium,Mathematics
1174,Evaluate the definite integral: ∫ from 0 to 9 of (6x) dx.,234,252,486,243,D,medium,Mathematics
1175,Evaluate the definite integral: ∫ from 0 to 10 of (2x) dx.,90,110,100,200,C,medium,Mathematics
1176,Evaluate the definite integral: ∫ from 0 to 10 of (4x) dx.,400,190,210,200,D,medium,Mathematics
1177,Evaluate the definite integral: ∫ from 0 to 10 of (6x) dx.,290,600,300,310,C,medium,Mathematics
1178,Evaluate the definite integral: ∫ from 0 to 11 of (2x) dx.,242,121,132,110,B,medium,Mathematics
1179,Evaluate the definite integral: ∫ from 0 to 11 of (4x) dx.,242,484,253,231,A,medium,Mathematics
1180,Evaluate the definite integral: ∫ from 0 to 11 of (6x) dx.,726,363,374,352,B,medium,Mathematics
1181,Calculus Problem #2: What is the derivative of f(x) = x^2 with respect to x?,1x,x^1,2x,3x^2,C,easy,Mathematics
1182,Calculus Problem #2: What is the derivative of f(x) = x^3 with respect to x?,3x^2,2x,4x^3,x^2,A,easy,Mathematics
1183,Calculus Problem #2: What is the derivative of f(x) = x^4 with respect to x?,5x^4,4x^3,3x^2,x^3,B,easy,Mathematics
1184,Calculus Problem #2: What is the derivative of f(x) = x^5 with respect to x?,4x^3,5x^4,x^4,6x^5,B,medium,Mathematics
1185,Calculus Problem #2: What is the derivative of f(x) = x^6 with respect to x?,6x^5,7x^6,5x^4,x^5,A,medium,Mathematics
1186,Calculus Problem #2: What is the derivative of f(x) = x^7 with respect to x?,8x^7,x^6,7x^6,6x^5,C,medium,Mathematics
1187,Calculus Problem #2: What is the derivative of f(x) = x^8 with respect to x?,x^7,7x^6,9x^8,8x^7,D,medium,Mathematics
1188,Calculus Problem #2: What is the derivative of f(x) = x^9 with respect to x?,x^8,9x^8,8x^7,10x^9,B,medium,Mathematics
1189,Calculus Problem #2: What is the derivative of f(x) = x^10 with respect to x?,x^9,9x^8,10x^9,11x^10,C,medium,Mathematics
1190,Calculus Problem #2: What is the derivative of f(x) = x^11 with respect to x?,12x^11,10x^9,x^10,11x^10,D,hard,Mathematics
1191,Calculus Problem #2: What is the derivative of f(x) = x^12 with respect to x?,11x^10,13x^12,12x^11,x^11,C,hard,Mathematics
1192,Calculus Problem #2: What is the derivative of f(x) = x^13 with respect to x?,13x^12,12x^11,x^12,14x^13,A,hard,Mathematics
1193,Calculus Problem #2: What is the derivative of f(x) = x^14 with respect to x?,14x^13,15x^14,13x^12,x^13,A,hard,Mathematics
1194,Calculus Problem #2: What is the derivative of f(x) = x^15 with respect to x?,16x^15,x^14,14x^13,15x^14,D,hard,Mathematics
1195,Calculus Problem #2: What is the derivative of f(x) = x^16 with respect to x?,16x^15,15x^14,x^15,17x^16,A,hard,Mathematics
1196,Calculus Problem #2: What is the derivative of f(x) = x^17 with respect to x?,16x^15,18x^17,17x^16,x^16,C,hard,Mathematics
1197,Calculus Problem #2: What is the derivative of f(x) = x^18 with respect to x?,x^17,18x^17,19x^18,17x^16,B,hard,Mathematics
1198,Calculus Problem #2: What is the derivative of f(x) = x^19 with respect to x?,20x^19,19x^18,x^18,18x^17,B,hard,Mathematics
1199,Calculus Problem #2: What is the derivative of f(x) = x^20 with respect to x?,x^19,21x^20,20x^19,19x^18,C,hard,Mathematics
1200,Calculus Problem #2: What is the derivative of f(x) = x^21 with respect to x?,22x^21,20x^19,x^20,21x^20,D,hard,Mathematics
1201,Calculus Problem #2: What is the derivative of f(x) = x^22 with respect to x?,x^21,22x^21,21x^20,23x^22,B,hard,Mathematics
1202,Calculus Problem #2: What is the derivative of f(x) = x^23 with respect to x?,23x^22,22x^21,x^22,24x^23,A,hard,Mathematics
1203,Calculus Problem #2: What is the derivative of f(x) = x^24 with respect to x?,25x^24,x^23,23x^22,24x^23,D,hard,Mathematics
1204,Calculus Problem #2: What is the derivative of f(x) = x^25 with respect to x?,26x^25,24x^23,25x^24,x^24,C,hard,Mathematics
1205,Calculus Problem #2: What is the derivative of f(x) = x^26 with respect to x?,25x^24,27x^26,x^25,26x^25,D,hard,Mathematics
1206,Calculus Problem #2: What is the derivative of f(x) = x^27 with respect to x?,27x^26,28x^27,x^26,26x^25,A,hard,Mathematics
1207,Calculus Problem #2: What is the derivative of f(x) = x^28 with respect to x?,28x^27,27x^26,29x^28,x^27,A,hard,Mathematics
1208,Calculus Problem #2: What is the derivative of f(x) = x^29 with respect to x?,28x^27,29x^28,30x^29,x^28,B,hard,Mathematics
1209,Calculus Problem #2: What is the derivative of f(x) = x^30 with respect to x?,30x^29,29x^28,31x^30,x^29,A,hard,Mathematics
1210,Calculus Problem #2: What is the derivative of f(x) = x^31 with respect to x?,30x^29,32x^31,x^30,31x^30,D,hard,Mathematics
1211,Calculus Problem #2: What is the derivative of f(x) = sin(x) with respect to x?,tan(x),cos(x),-cos(x),-sin(x),B,easy,Mathematics
1212,Calculus Problem #2: What is the derivative of f(x) = cos(x) with respect to x?,-cos(x),sin(x),-sin(x),sec(x),C,easy,Mathematics
1213,Calculus Problem #2: What is the derivative of f(x) = tan(x) with respect to x?,sec^2(x),cos^2(x),cot(x),-sec^2(x),A,medium,Mathematics
1214,Calculus Problem #2: What is the derivative of f(x) = e^(3x) with respect to x?,3e^(3x),3x e^(3x-1),e^(3x),(1/3)e^(3x),A,easy,Mathematics
1215,Calculus Problem #2: What is the derivative of f(x) = ln(x) for x > 0?,e^x,1/(x^2),1/x,-1/x,C,easy,Mathematics
1216,Calculus Problem #2: What is the derivative of f(x) = e^x with respect to x?,ln(x),x e^(x-1),e^(x-1),e^x,D,easy,Mathematics
1217,Calculus Problem #2: What is the integral of f(x) = cos(x) dx?,-sin(x) + C,sin(x) + C,-cos(x) + C,cos(x) + C,B,easy,Mathematics
1218,Calculus Problem #2: What is the integral of f(x) = sin(x) dx?,-sin(x) + C,cos(x) + C,sin(x) + C,-cos(x) + C,D,easy,Mathematics
1219,Calculus Problem #2: What is the integral of f(x) = 1/x dx for x > 0?,ln(x) + C,x + C,-1/(x^2) + C,e^x + C,A,easy,Mathematics
1220,Calculus Problem #2: What is the integral of f(x) = e^x dx?,x e^x + C,e^x + C,e^(x+1) + C,ln(x) + C,B,easy,Mathematics
1221,Calculus Problem #2: What is the value of lim(x -> 0) [sin(x) / x]?,Infinity,1,Undefined,0,B,medium,Mathematics
1222,Calculus Problem #2: What is the value of lim(x -> 0) [(e^x - 1) / x]?,1,0,e,Undefined,A,medium,Mathematics
1223,Calculus Problem #2: What is the value of lim(x -> infinity) [1 / x]?,1,-Infinity,0,Infinity,C,easy,Mathematics
1224,Calculus Problem #2: What rule states that d/dx [u(x) * v(x)] = u'(x)v(x) + u(x)v'(x)?,Power Rule,Quotient Rule,Product Rule,Chain Rule,C,easy,Mathematics
1225,Calculus Problem #2: What rule states that d/dx [f(g(x))] = f'(g(x)) * g'(x)?,Chain Rule,L'Hopital's Rule,Quotient Rule,Product Rule,A,easy,Mathematics
1226,Calculus Problem #2: What technique evaluates indeterminate forms 0/0 by differentiating numerator and denominator?,L'Hopital's Rule,Rolle's Theorem,Simpson's Rule,Taylor's Theorem,A,medium,Mathematics
1227,Calculus Problem #2: What is the definite integral of f(x) = 2x from x = 0 to x = 3?,18,6,12,9,D,medium,Mathematics
1228,Calculus Problem #2: What is the definite integral of f(x) = x^2 from x = 0 to x = 3?,9,6,18,27,A,medium,Mathematics
1229,Calculus Problem #2: What is a point on a curve where the second derivative changes sign called?,Inflection point,Saddle point,Critical point,Local maximum,A,medium,Mathematics
1230,Calculus Problem #2: What is the derivative of f(x) = ln(2x) with respect to x?,1/x,2/x,2 ln(x),1/(2x),A,medium,Mathematics
1231,Calculus Problem #2: Evaluate the definite integral: ∫ from 0 to 2 of (2x) dx.,2,6,4,8,C,medium,Mathematics
1232,Calculus Problem #2: Evaluate the definite integral: ∫ from 0 to 2 of (4x) dx.,10,16,6,8,D,medium,Mathematics
1233,Calculus Problem #2: Evaluate the definite integral: ∫ from 0 to 2 of (6x) dx.,14,10,12,24,C,medium,Mathematics
1234,Calculus Problem #2: Evaluate the definite integral: ∫ from 0 to 3 of (2x) dx.,9,12,6,18,A,medium,Mathematics
1235,Calculus Problem #2: Evaluate the definite integral: ∫ from 0 to 3 of (4x) dx.,21,15,18,36,C,medium,Mathematics
1236,Calculus Problem #2: Evaluate the definite integral: ∫ from 0 to 3 of (6x) dx.,24,54,27,30,C,medium,Mathematics
1237,Calculus Problem #2: Evaluate the definite integral: ∫ from 0 to 4 of (2x) dx.,16,20,12,32,A,medium,Mathematics
1238,Calculus Problem #2: Evaluate the definite integral: ∫ from 0 to 4 of (4x) dx.,28,32,64,36,B,medium,Mathematics
1239,Calculus Problem #2: Evaluate the definite integral: ∫ from 0 to 4 of (6x) dx.,96,44,52,48,D,medium,Mathematics
1240,Calculus Problem #2: Evaluate the definite integral: ∫ from 0 to 5 of (2x) dx.,20,25,50,30,B,medium,Mathematics
1241,Calculus Problem #2: Evaluate the definite integral: ∫ from 0 to 5 of (4x) dx.,100,45,55,50,D,medium,Mathematics
1242,Calculus Problem #2: Evaluate the definite integral: ∫ from 0 to 5 of (6x) dx.,150,70,75,80,C,medium,Mathematics
1243,Calculus Problem #2: Evaluate the definite integral: ∫ from 0 to 6 of (2x) dx.,42,30,36,72,C,medium,Mathematics
1244,Calculus Problem #2: Evaluate the definite integral: ∫ from 0 to 6 of (4x) dx.,72,78,66,144,A,medium,Mathematics
1245,Calculus Problem #2: Evaluate the definite integral: ∫ from 0 to 6 of (6x) dx.,108,102,114,216,A,medium,Mathematics
1246,Calculus Problem #2: Evaluate the definite integral: ∫ from 0 to 7 of (2x) dx.,56,42,49,98,C,medium,Mathematics
1247,Calculus Problem #2: Evaluate the definite integral: ∫ from 0 to 7 of (4x) dx.,98,196,91,105,A,medium,Mathematics
1248,Calculus Problem #2: Evaluate the definite integral: ∫ from 0 to 7 of (6x) dx.,140,294,154,147,D,medium,Mathematics
1249,Calculus Problem #2: Evaluate the definite integral: ∫ from 0 to 8 of (2x) dx.,72,128,56,64,D,medium,Mathematics
1250,Calculus Problem #2: Evaluate the definite integral: ∫ from 0 to 8 of (4x) dx.,120,256,128,136,C,medium,Mathematics
1251,Calculus Problem #2: Evaluate the definite integral: ∫ from 0 to 8 of (6x) dx.,200,384,192,184,C,medium,Mathematics
1252,Calculus Problem #2: Evaluate the definite integral: ∫ from 0 to 9 of (2x) dx.,81,90,72,162,A,medium,Mathematics
1253,Calculus Problem #2: Evaluate the definite integral: ∫ from 0 to 9 of (4x) dx.,324,153,162,171,C,medium,Mathematics
1254,Calculus Problem #2: Evaluate the definite integral: ∫ from 0 to 9 of (6x) dx.,243,486,252,234,A,medium,Mathematics
1255,Calculus Problem #2: Evaluate the definite integral: ∫ from 0 to 10 of (2x) dx.,200,100,110,90,B,medium,Mathematics
1256,Calculus Problem #2: Evaluate the definite integral: ∫ from 0 to 10 of (4x) dx.,200,400,210,190,A,medium,Mathematics
1257,Calculus Problem #2: Evaluate the definite integral: ∫ from 0 to 10 of (6x) dx.,290,600,300,310,C,medium,Mathematics
1258,Calculus Problem #2: Evaluate the definite integral: ∫ from 0 to 11 of (2x) dx.,132,110,242,121,D,medium,Mathematics
1259,Calculus Problem #2: Evaluate the definite integral: ∫ from 0 to 11 of (4x) dx.,484,231,242,253,C,medium,Mathematics
1260,Calculus Problem #3: Evaluate the definite integral: ∫ from 0 to 11 of (6x) dx.,352,726,363,374,C,medium,Mathematics
1261,Calculus Problem #3: What is the derivative of f(x) = x^2 with respect to x?,x^1,1x,3x^2,2x,D,easy,Mathematics
1262,Calculus Problem #3: What is the derivative of f(x) = x^3 with respect to x?,4x^3,x^2,2x,3x^2,D,easy,Mathematics
1263,Calculus Problem #3: What is the derivative of f(x) = x^4 with respect to x?,5x^4,x^3,3x^2,4x^3,D,easy,Mathematics
1264,Calculus Problem #3: What is the derivative of f(x) = x^5 with respect to x?,6x^5,x^4,4x^3,5x^4,D,medium,Mathematics
1265,Calculus Problem #3: What is the derivative of f(x) = x^6 with respect to x?,6x^5,5x^4,7x^6,x^5,A,medium,Mathematics
1266,Calculus Problem #3: What is the derivative of f(x) = x^7 with respect to x?,x^6,8x^7,6x^5,7x^6,D,medium,Mathematics
1267,Calculus Problem #3: What is the derivative of f(x) = x^8 with respect to x?,9x^8,8x^7,7x^6,x^7,B,medium,Mathematics
1268,Calculus Problem #3: What is the derivative of f(x) = x^9 with respect to x?,x^8,9x^8,8x^7,10x^9,B,medium,Mathematics
1269,Calculus Problem #3: What is the derivative of f(x) = x^10 with respect to x?,x^9,10x^9,11x^10,9x^8,B,medium,Mathematics
1270,Calculus Problem #3: What is the derivative of f(x) = x^11 with respect to x?,12x^11,11x^10,x^10,10x^9,B,hard,Mathematics
1271,Calculus Problem #3: What is the derivative of f(x) = x^12 with respect to x?,13x^12,11x^10,12x^11,x^11,C,hard,Mathematics
1272,Calculus Problem #3: What is the derivative of f(x) = x^13 with respect to x?,14x^13,x^12,13x^12,12x^11,C,hard,Mathematics
1273,Calculus Problem #3: What is the derivative of f(x) = x^14 with respect to x?,15x^14,13x^12,14x^13,x^13,C,hard,Mathematics
1274,Calculus Problem #3: What is the derivative of f(x) = x^15 with respect to x?,16x^15,15x^14,x^14,14x^13,B,hard,Mathematics
1275,Calculus Problem #3: What is the derivative of f(x) = x^16 with respect to x?,16x^15,17x^16,x^15,15x^14,A,hard,Mathematics
1276,Calculus Problem #3: What is the derivative of f(x) = x^17 with respect to x?,18x^17,x^16,17x^16,16x^15,C,hard,Mathematics
1277,Calculus Problem #3: What is the derivative of f(x) = x^18 with respect to x?,17x^16,19x^18,18x^17,x^17,C,hard,Mathematics
1278,Calculus Problem #3: What is the derivative of f(x) = x^19 with respect to x?,20x^19,x^18,19x^18,18x^17,C,hard,Mathematics
1279,Calculus Problem #3: What is the derivative of f(x) = x^20 with respect to x?,21x^20,x^19,19x^18,20x^19,D,hard,Mathematics
1280,Calculus Problem #3: What is the derivative of f(x) = x^21 with respect to x?,x^20,22x^21,20x^19,21x^20,D,hard,Mathematics
1281,Calculus Problem #3: What is the derivative of f(x) = x^22 with respect to x?,x^21,21x^20,22x^21,23x^22,C,hard,Mathematics
1282,Calculus Problem #3: What is the derivative of f(x) = x^23 with respect to x?,22x^21,x^22,24x^23,23x^22,D,hard,Mathematics
1283,Calculus Problem #3: What is the derivative of f(x) = x^24 with respect to x?,24x^23,23x^22,25x^24,x^23,A,hard,Mathematics
1284,Calculus Problem #3: What is the derivative of f(x) = x^25 with respect to x?,26x^25,24x^23,25x^24,x^24,C,hard,Mathematics
1285,Calculus Problem #3: What is the derivative of f(x) = x^26 with respect to x?,25x^24,x^25,26x^25,27x^26,C,hard,Mathematics
1286,Calculus Problem #3: What is the derivative of f(x) = x^27 with respect to x?,27x^26,28x^27,x^26,26x^25,A,hard,Mathematics
1287,Calculus Problem #3: What is the derivative of f(x) = x^28 with respect to x?,29x^28,28x^27,27x^26,x^27,B,hard,Mathematics
1288,Calculus Problem #3: What is the derivative of f(x) = x^29 with respect to x?,30x^29,28x^27,x^28,29x^28,D,hard,Mathematics
1289,Calculus Problem #3: What is the derivative of f(x) = x^30 with respect to x?,x^29,30x^29,29x^28,31x^30,B,hard,Mathematics
1290,Calculus Problem #3: What is the derivative of f(x) = x^31 with respect to x?,31x^30,x^30,32x^31,30x^29,A,hard,Mathematics
1291,Calculus Problem #3: What is the derivative of f(x) = sin(x) with respect to x?,-cos(x),cos(x),tan(x),-sin(x),B,easy,Mathematics
1292,Calculus Problem #3: What is the derivative of f(x) = cos(x) with respect to x?,sec(x),-sin(x),sin(x),-cos(x),B,easy,Mathematics
1293,Calculus Problem #3: What is the derivative of f(x) = tan(x) with respect to x?,cot(x),-sec^2(x),cos^2(x),sec^2(x),D,medium,Mathematics
1294,Calculus Problem #3: What is the derivative of f(x) = e^(3x) with respect to x?,3e^(3x),(1/3)e^(3x),e^(3x),3x e^(3x-1),A,easy,Mathematics
1295,Calculus Problem #3: What is the derivative of f(x) = ln(x) for x > 0?,1/(x^2),1/x,-1/x,e^x,B,easy,Mathematics
1296,Calculus Problem #3: What is the derivative of f(x) = e^x with respect to x?,x e^(x-1),e^(x-1),ln(x),e^x,D,easy,Mathematics
1297,Calculus Problem #3: What is the integral of f(x) = cos(x) dx?,cos(x) + C,-cos(x) + C,sin(x) + C,-sin(x) + C,C,easy,Mathematics
1298,Calculus Problem #3: What is the integral of f(x) = sin(x) dx?,-cos(x) + C,cos(x) + C,sin(x) + C,-sin(x) + C,A,easy,Mathematics
1299,Calculus Problem #3: What is the integral of f(x) = 1/x dx for x > 0?,ln(x) + C,x + C,e^x + C,-1/(x^2) + C,A,easy,Mathematics
1300,Calculus Problem #3: What is the integral of f(x) = e^x dx?,e^(x+1) + C,e^x + C,ln(x) + C,x e^x + C,B,easy,Mathematics
1301,Calculus Problem #3: What is the value of lim(x -> 0) [sin(x) / x]?,1,Infinity,Undefined,0,A,medium,Mathematics
1302,Calculus Problem #3: What is the value of lim(x -> 0) [(e^x - 1) / x]?,Undefined,e,0,1,D,medium,Mathematics
1303,Calculus Problem #3: What is the value of lim(x -> infinity) [1 / x]?,Infinity,1,-Infinity,0,D,easy,Mathematics
1304,Calculus Problem #3: What rule states that d/dx [u(x) * v(x)] = u'(x)v(x) + u(x)v'(x)?,Quotient Rule,Power Rule,Product Rule,Chain Rule,C,easy,Mathematics
1305,Calculus Problem #3: What rule states that d/dx [f(g(x))] = f'(g(x)) * g'(x)?,Product Rule,Chain Rule,L'Hopital's Rule,Quotient Rule,B,easy,Mathematics
1306,Calculus Problem #3: What technique evaluates indeterminate forms 0/0 by differentiating numerator and denominator?,Taylor's Theorem,L'Hopital's Rule,Simpson's Rule,Rolle's Theorem,B,medium,Mathematics
1307,Calculus Problem #3: What is the definite integral of f(x) = 2x from x = 0 to x = 3?,9,18,6,12,A,medium,Mathematics
1308,Calculus Problem #3: What is the definite integral of f(x) = x^2 from x = 0 to x = 3?,6,9,18,27,B,medium,Mathematics
1309,Calculus Problem #3: What is a point on a curve where the second derivative changes sign called?,Critical point,Local maximum,Saddle point,Inflection point,D,medium,Mathematics
1310,Calculus Problem #3: What is the derivative of f(x) = ln(2x) with respect to x?,1/(2x),1/x,2/x,2 ln(x),B,medium,Mathematics
1311,Calculus Problem #3: Evaluate the definite integral: ∫ from 0 to 2 of (2x) dx.,8,2,6,4,D,medium,Mathematics
1312,Calculus Problem #3: Evaluate the definite integral: ∫ from 0 to 2 of (4x) dx.,8,6,16,10,A,medium,Mathematics
1313,Calculus Problem #3: Evaluate the definite integral: ∫ from 0 to 2 of (6x) dx.,14,24,10,12,D,medium,Mathematics
1314,Calculus Problem #3: Evaluate the definite integral: ∫ from 0 to 3 of (2x) dx.,6,9,12,18,B,medium,Mathematics
1315,Calculus Problem #3: Evaluate the definite integral: ∫ from 0 to 3 of (4x) dx.,36,15,21,18,D,medium,Mathematics
1316,Calculus Problem #3: Evaluate the definite integral: ∫ from 0 to 3 of (6x) dx.,24,30,27,54,C,medium,Mathematics
1317,Calculus Problem #3: Evaluate the definite integral: ∫ from 0 to 4 of (2x) dx.,12,16,20,32,B,medium,Mathematics
1318,Calculus Problem #3: Evaluate the definite integral: ∫ from 0 to 4 of (4x) dx.,36,32,28,64,B,medium,Mathematics
1319,Calculus Problem #3: Evaluate the definite integral: ∫ from 0 to 4 of (6x) dx.,96,44,52,48,D,medium,Mathematics
1320,Calculus Problem #3: Evaluate the definite integral: ∫ from 0 to 5 of (2x) dx.,30,50,20,25,D,medium,Mathematics
1321,Calculus Problem #3: Evaluate the definite integral: ∫ from 0 to 5 of (4x) dx.,100,55,45,50,D,medium,Mathematics
1322,Calculus Problem #3: Evaluate the definite integral: ∫ from 0 to 5 of (6x) dx.,75,150,70,80,A,medium,Mathematics
1323,Calculus Problem #3: Evaluate the definite integral: ∫ from 0 to 6 of (2x) dx.,72,36,42,30,B,medium,Mathematics
1324,Calculus Problem #3: Evaluate the definite integral: ∫ from 0 to 6 of (4x) dx.,72,66,144,78,A,medium,Mathematics
1325,Calculus Problem #3: Evaluate the definite integral: ∫ from 0 to 6 of (6x) dx.,108,114,102,216,A,medium,Mathematics
1326,Calculus Problem #3: Evaluate the definite integral: ∫ from 0 to 7 of (2x) dx.,56,42,49,98,C,medium,Mathematics
1327,Calculus Problem #3: Evaluate the definite integral: ∫ from 0 to 7 of (4x) dx.,91,196,98,105,C,medium,Mathematics
1328,Calculus Problem #3: Evaluate the definite integral: ∫ from 0 to 7 of (6x) dx.,147,154,294,140,A,medium,Mathematics
1329,Calculus Problem #3: Evaluate the definite integral: ∫ from 0 to 8 of (2x) dx.,72,64,128,56,B,medium,Mathematics
1330,Calculus Problem #3: Evaluate the definite integral: ∫ from 0 to 8 of (4x) dx.,120,136,256,128,D,medium,Mathematics
1331,Calculus Problem #3: Evaluate the definite integral: ∫ from 0 to 8 of (6x) dx.,192,384,184,200,A,medium,Mathematics
1332,Calculus Problem #3: Evaluate the definite integral: ∫ from 0 to 9 of (2x) dx.,72,162,90,81,D,medium,Mathematics
1333,Calculus Problem #3: Evaluate the definite integral: ∫ from 0 to 9 of (4x) dx.,153,324,162,171,C,medium,Mathematics
1334,Calculus Problem #3: Evaluate the definite integral: ∫ from 0 to 9 of (6x) dx.,234,243,486,252,B,medium,Mathematics
1335,Calculus Problem #3: Evaluate the definite integral: ∫ from 0 to 10 of (2x) dx.,200,110,100,90,C,medium,Mathematics
1336,Calculus Problem #3: Evaluate the definite integral: ∫ from 0 to 10 of (4x) dx.,210,400,190,200,D,medium,Mathematics
1337,Calculus Problem #3: Evaluate the definite integral: ∫ from 0 to 10 of (6x) dx.,290,300,310,600,B,medium,Mathematics
1338,Calculus Problem #3: Evaluate the definite integral: ∫ from 0 to 11 of (2x) dx.,132,110,121,242,C,medium,Mathematics
1339,Calculus Problem #3: Evaluate the definite integral: ∫ from 0 to 11 of (4x) dx.,242,253,231,484,A,medium,Mathematics
1340,Calculus Problem #4: Evaluate the definite integral: ∫ from 0 to 11 of (6x) dx.,726,363,352,374,B,medium,Mathematics
1341,Calculus Problem #4: What is the derivative of f(x) = x^2 with respect to x?,1x,x^1,2x,3x^2,C,easy,Mathematics
1342,Calculus Problem #4: What is the derivative of f(x) = x^3 with respect to x?,3x^2,4x^3,x^2,2x,A,easy,Mathematics
1343,Calculus Problem #4: What is the derivative of f(x) = x^4 with respect to x?,5x^4,4x^3,3x^2,x^3,B,easy,Mathematics
1344,Calculus Problem #4: What is the derivative of f(x) = x^5 with respect to x?,5x^4,x^4,6x^5,4x^3,A,medium,Mathematics
1345,Calculus Problem #4: What is the derivative of f(x) = x^6 with respect to x?,x^5,6x^5,7x^6,5x^4,B,medium,Mathematics
1346,Calculus Problem #4: What is the derivative of f(x) = x^7 with respect to x?,7x^6,6x^5,x^6,8x^7,A,medium,Mathematics
1347,Calculus Problem #4: What is the derivative of f(x) = x^8 with respect to x?,9x^8,8x^7,x^7,7x^6,B,medium,Mathematics
1348,Calculus Problem #4: What is the derivative of f(x) = x^9 with respect to x?,8x^7,x^8,9x^8,10x^9,C,medium,Mathematics
1349,Calculus Problem #4: What is the derivative of f(x) = x^10 with respect to x?,11x^10,10x^9,x^9,9x^8,B,medium,Mathematics
1350,Calculus Problem #4: What is the derivative of f(x) = x^11 with respect to x?,11x^10,x^10,10x^9,12x^11,A,hard,Mathematics
1351,Calculus Problem #4: What is the derivative of f(x) = x^12 with respect to x?,x^11,11x^10,13x^12,12x^11,D,hard,Mathematics
1352,Calculus Problem #4: What is the derivative of f(x) = x^13 with respect to x?,13x^12,14x^13,12x^11,x^12,A,hard,Mathematics
1353,Calculus Problem #4: What is the derivative of f(x) = x^14 with respect to x?,15x^14,13x^12,14x^13,x^13,C,hard,Mathematics
1354,Calculus Problem #4: What is the derivative of f(x) = x^15 with respect to x?,14x^13,x^14,16x^15,15x^14,D,hard,Mathematics
1355,Calculus Problem #4: What is the derivative of f(x) = x^16 with respect to x?,17x^16,x^15,15x^14,16x^15,D,hard,Mathematics
1356,Calculus Problem #4: What is the derivative of f(x) = x^17 with respect to x?,16x^15,17x^16,x^16,18x^17,B,hard,Mathematics
1357,Calculus Problem #4: What is the derivative of f(x) = x^18 with respect to x?,18x^17,19x^18,x^17,17x^16,A,hard,Mathematics
1358,Calculus Problem #4: What is the derivative of f(x) = x^19 with respect to x?,18x^17,x^18,19x^18,20x^19,C,hard,Mathematics
1359,Calculus Problem #4: What is the derivative of f(x) = x^20 with respect to x?,x^19,20x^19,19x^18,21x^20,B,hard,Mathematics
1360,Calculus Problem #4: What is the derivative of f(x) = x^21 with respect to x?,x^20,21x^20,22x^21,20x^19,B,hard,Mathematics
1361,Calculus Problem #4: What is the derivative of f(x) = x^22 with respect to x?,22x^21,x^21,21x^20,23x^22,A,hard,Mathematics
1362,Calculus Problem #4: What is the derivative of f(x) = x^23 with respect to x?,23x^22,x^22,22x^21,24x^23,A,hard,Mathematics
1363,Calculus Problem #4: What is the derivative of f(x) = x^24 with respect to x?,x^23,23x^22,25x^24,24x^23,D,hard,Mathematics
1364,Calculus Problem #4: What is the derivative of f(x) = x^25 with respect to x?,25x^24,26x^25,24x^23,x^24,A,hard,Mathematics
1365,Calculus Problem #4: What is the derivative of f(x) = x^26 with respect to x?,25x^24,27x^26,x^25,26x^25,D,hard,Mathematics
1366,Calculus Problem #4: What is the derivative of f(x) = x^27 with respect to x?,27x^26,x^26,26x^25,28x^27,A,hard,Mathematics
1367,Calculus Problem #4: What is the derivative of f(x) = x^28 with respect to x?,28x^27,x^27,27x^26,29x^28,A,hard,Mathematics
1368,Calculus Problem #4: What is the derivative of f(x) = x^29 with respect to x?,x^28,29x^28,28x^27,30x^29,B,hard,Mathematics
1369,Calculus Problem #4: What is the derivative of f(x) = x^30 with respect to x?,x^29,30x^29,31x^30,29x^28,B,hard,Mathematics
1370,Calculus Problem #4: What is the derivative of f(x) = x^31 with respect to x?,32x^31,30x^29,x^30,31x^30,D,hard,Mathematics
1371,Calculus Problem #4: What is the derivative of f(x) = sin(x) with respect to x?,-sin(x),tan(x),-cos(x),cos(x),D,easy,Mathematics
1372,Calculus Problem #4: What is the derivative of f(x) = cos(x) with respect to x?,-sin(x),-cos(x),sin(x),sec(x),A,easy,Mathematics
1373,Calculus Problem #4: What is the derivative of f(x) = tan(x) with respect to x?,-sec^2(x),cot(x),sec^2(x),cos^2(x),C,medium,Mathematics
1374,Calculus Problem #4: What is the derivative of f(x) = e^(3x) with respect to x?,3x e^(3x-1),(1/3)e^(3x),e^(3x),3e^(3x),D,easy,Mathematics
1375,Calculus Problem #4: What is the derivative of f(x) = ln(x) for x > 0?,e^x,1/(x^2),1/x,-1/x,C,easy,Mathematics
1376,Calculus Problem #4: What is the derivative of f(x) = e^x with respect to x?,x e^(x-1),e^x,ln(x),e^(x-1),B,easy,Mathematics
1377,Calculus Problem #4: What is the integral of f(x) = cos(x) dx?,sin(x) + C,-cos(x) + C,-sin(x) + C,cos(x) + C,A,easy,Mathematics
1378,Calculus Problem #4: What is the integral of f(x) = sin(x) dx?,-sin(x) + C,cos(x) + C,sin(x) + C,-cos(x) + C,D,easy,Mathematics
1379,Calculus Problem #4: What is the integral of f(x) = 1/x dx for x > 0?,x + C,e^x + C,ln(x) + C,-1/(x^2) + C,C,easy,Mathematics
1380,Calculus Problem #4: What is the integral of f(x) = e^x dx?,e^x + C,x e^x + C,ln(x) + C,e^(x+1) + C,A,easy,Mathematics
1381,Calculus Problem #4: What is the value of lim(x -> 0) [sin(x) / x]?,Infinity,Undefined,0,1,D,medium,Mathematics
1382,Calculus Problem #4: What is the value of lim(x -> 0) [(e^x - 1) / x]?,1,Undefined,e,0,A,medium,Mathematics
1383,Calculus Problem #4: What is the value of lim(x -> infinity) [1 / x]?,0,-Infinity,1,Infinity,A,easy,Mathematics
1384,Calculus Problem #4: What rule states that d/dx [u(x) * v(x)] = u'(x)v(x) + u(x)v'(x)?,Product Rule,Power Rule,Chain Rule,Quotient Rule,A,easy,Mathematics
1385,Calculus Problem #4: What rule states that d/dx [f(g(x))] = f'(g(x)) * g'(x)?,Quotient Rule,Product Rule,L'Hopital's Rule,Chain Rule,D,easy,Mathematics
1386,Calculus Problem #4: What technique evaluates indeterminate forms 0/0 by differentiating numerator and denominator?,Taylor's Theorem,Simpson's Rule,L'Hopital's Rule,Rolle's Theorem,C,medium,Mathematics
1387,Calculus Problem #4: What is the definite integral of f(x) = 2x from x = 0 to x = 3?,12,6,18,9,D,medium,Mathematics
1388,Calculus Problem #4: What is the definite integral of f(x) = x^2 from x = 0 to x = 3?,18,27,9,6,C,medium,Mathematics
1389,Calculus Problem #4: What is a point on a curve where the second derivative changes sign called?,Inflection point,Critical point,Local maximum,Saddle point,A,medium,Mathematics
1390,Calculus Problem #4: What is the derivative of f(x) = ln(2x) with respect to x?,2 ln(x),2/x,1/(2x),1/x,D,medium,Mathematics
1391,Calculus Problem #4: Evaluate the definite integral: ∫ from 0 to 2 of (2x) dx.,2,4,6,8,B,medium,Mathematics
1392,Calculus Problem #4: Evaluate the definite integral: ∫ from 0 to 2 of (4x) dx.,10,8,16,6,B,medium,Mathematics
1393,Calculus Problem #4: Evaluate the definite integral: ∫ from 0 to 2 of (6x) dx.,14,12,24,10,B,medium,Mathematics
1394,Calculus Problem #4: Evaluate the definite integral: ∫ from 0 to 3 of (2x) dx.,12,6,18,9,D,medium,Mathematics
1395,Calculus Problem #4: Evaluate the definite integral: ∫ from 0 to 3 of (4x) dx.,21,15,36,18,D,medium,Mathematics
1396,Calculus Problem #4: Evaluate the definite integral: ∫ from 0 to 3 of (6x) dx.,30,24,27,54,C,medium,Mathematics
1397,Calculus Problem #4: Evaluate the definite integral: ∫ from 0 to 4 of (2x) dx.,20,16,12,32,B,medium,Mathematics
1398,Calculus Problem #4: Evaluate the definite integral: ∫ from 0 to 4 of (4x) dx.,28,64,32,36,C,medium,Mathematics
1399,Calculus Problem #4: Evaluate the definite integral: ∫ from 0 to 4 of (6x) dx.,52,96,48,44,C,medium,Mathematics
1400,Calculus Problem #4: Evaluate the definite integral: ∫ from 0 to 5 of (2x) dx.,30,20,50,25,D,medium,Mathematics
1401,"Calculate the determinant of the 2x2 matrix: [[1, 2], [2, 1]].",-1,-3,3,-5,B,easy,Mathematics
1402,"Calculate the determinant of the 2x2 matrix: [[1, 2], [1, 2]].",0,-2,Alternative option 1,2,A,easy,Mathematics
1403,"Calculate the determinant of the 2x2 matrix: [[1, 2], [2, 3]].",-1,-3,1,1,A,easy,Mathematics
1404,"Calculate the determinant of the 2x2 matrix: [[1, 2], [3, 4]].",-4,-2,0,2,B,easy,Mathematics
1405,"Calculate the determinant of the 2x2 matrix: [[1, 2], [4, 5]].",-1,-3,-5,3,B,easy,Mathematics
1406,"Calculate the determinant of the 2x2 matrix: [[1, 2], [5, 6]].",-2,4,-6,-4,D,easy,Mathematics
1407,"Calculate the determinant of the 2x2 matrix: [[1, 2], [6, 7]].",-3,5,-7,-5,D,easy,Mathematics
1408,"Calculate the determinant of the 2x2 matrix: [[2, 3], [2, 1]].",-2,-4,4,-6,B,easy,Mathematics
1409,"Calculate the determinant of the 2x2 matrix: [[2, 3], [1, 2]].",1,3,-1,-1,A,easy,Mathematics
1410,"Calculate the determinant of the 2x2 matrix: [[2, 3], [2, 3]].",Alternative option 1,-2,2,0,D,easy,Mathematics
1411,"Calculate the determinant of the 2x2 matrix: [[2, 3], [3, 4]].",-3,-1,1,1,B,easy,Mathematics
1412,"Calculate the determinant of the 2x2 matrix: [[2, 3], [4, 5]].",0,-4,-2,2,C,easy,Mathematics
1413,"Calculate the determinant of the 2x2 matrix: [[2, 3], [5, 6]].",-3,3,-5,-1,A,easy,Mathematics
1414,"Calculate the determinant of the 2x2 matrix: [[2, 3], [6, 7]].",-2,-4,4,-6,B,easy,Mathematics
1415,"Calculate the determinant of the 2x2 matrix: [[3, 4], [2, 1]].",-5,-3,5,-7,A,easy,Mathematics
1416,"Calculate the determinant of the 2x2 matrix: [[3, 4], [1, 2]].",4,-2,0,2,D,easy,Mathematics
1417,"Calculate the determinant of the 2x2 matrix: [[3, 4], [2, 3]].",3,-1,-1,1,D,easy,Mathematics
1418,"Calculate the determinant of the 2x2 matrix: [[3, 4], [3, 4]].",2,0,-2,Alternative option 1,B,easy,Mathematics
1419,"Calculate the determinant of the 2x2 matrix: [[3, 4], [4, 5]].",1,1,-1,-3,C,easy,Mathematics
1420,"Calculate the determinant of the 2x2 matrix: [[3, 4], [5, 6]].",-4,-2,2,0,B,easy,Mathematics
1421,"Calculate the determinant of the 2x2 matrix: [[3, 4], [6, 7]].",3,-5,-3,-1,C,easy,Mathematics
1422,"Calculate the determinant of the 2x2 matrix: [[4, 5], [2, 1]].",-4,6,-6,-8,C,easy,Mathematics
1423,"Calculate the determinant of the 2x2 matrix: [[4, 5], [1, 2]].",-3,3,1,5,B,easy,Mathematics
1424,"Calculate the determinant of the 2x2 matrix: [[4, 5], [2, 3]].",4,2,0,-2,B,easy,Mathematics
1425,"Calculate the determinant of the 2x2 matrix: [[4, 5], [3, 4]].",3,1,-1,-1,B,easy,Mathematics
1426,"Calculate the determinant of the 2x2 matrix: [[4, 5], [4, 5]].",2,Alternative option 1,0,-2,C,easy,Mathematics
1427,"Calculate the determinant of the 2x2 matrix: [[4, 5], [5, 6]].",-1,-3,1,1,A,easy,Mathematics
1428,"Calculate the determinant of the 2x2 matrix: [[4, 5], [6, 7]].",2,-2,-4,0,B,easy,Mathematics
1429,"Calculate the determinant of the 2x2 matrix: [[5, 6], [2, 1]].",-9,7,-5,-7,D,easy,Mathematics
1430,"Calculate the determinant of the 2x2 matrix: [[5, 6], [1, 2]].",4,2,-4,6,A,easy,Mathematics
1431,"Calculate the determinant of the 2x2 matrix: [[5, 6], [2, 3]].",3,1,5,-3,A,easy,Mathematics
1432,"Calculate the determinant of the 2x2 matrix: [[5, 6], [3, 4]].",2,-2,0,4,A,easy,Mathematics
1433,"Calculate the determinant of the 2x2 matrix: [[5, 6], [4, 5]].",-1,1,3,-1,B,easy,Mathematics
1434,"Calculate the determinant of the 2x2 matrix: [[5, 6], [5, 6]].",-2,Alternative option 1,2,0,D,easy,Mathematics
1435,"Calculate the determinant of the 2x2 matrix: [[5, 6], [6, 7]].",-1,1,-3,1,A,easy,Mathematics
1436,"Calculate the determinant of the 2x2 matrix: [[6, 7], [2, 1]].",8,-8,-6,-10,B,easy,Mathematics
1437,"Calculate the determinant of the 2x2 matrix: [[6, 7], [1, 2]].",5,-5,7,3,A,easy,Mathematics
1438,"Calculate the determinant of the 2x2 matrix: [[6, 7], [2, 3]].",4,2,6,-4,A,easy,Mathematics
1439,"Calculate the determinant of the 2x2 matrix: [[6, 7], [3, 4]].",5,3,1,-3,B,easy,Mathematics
1440,"Calculate the determinant of the 2x2 matrix: [[6, 7], [4, 5]].",-2,2,0,4,B,easy,Mathematics
1441,"Calculate the determinant of the 2x2 matrix: [[6, 7], [5, 6]].",3,-1,1,-1,C,easy,Mathematics
1442,"Calculate the determinant of the 2x2 matrix: [[6, 7], [6, 7]].",2,0,Alternative option 1,-2,B,easy,Mathematics
1443,"Calculate the determinant of the 2x2 matrix: [[7, 8], [2, 1]].",-7,-11,9,-9,D,easy,Mathematics
1444,"Calculate the determinant of the 2x2 matrix: [[7, 8], [1, 2]].",8,6,4,-6,B,easy,Mathematics
1445,"Calculate the determinant of the 2x2 matrix: [[7, 8], [2, 3]].",-5,7,3,5,D,easy,Mathematics
1446,"Calculate the determinant of the 2x2 matrix: [[7, 8], [3, 4]].",6,4,2,-4,B,easy,Mathematics
1447,"Calculate the determinant of the 2x2 matrix: [[7, 8], [4, 5]].",-3,3,5,1,B,easy,Mathematics
1448,"Calculate the determinant of the 2x2 matrix: [[7, 8], [5, 6]].",-2,4,2,0,C,easy,Mathematics
1449,"Calculate the determinant of the 2x2 matrix: [[7, 8], [6, 7]].",-1,-1,3,1,D,easy,Mathematics
1450,A square matrix A is invertible (non-singular) if and only if:,det(A) = 0,All elements of A are positive,Trace(A) = 0,det(A) ≠ 0,D,easy,Mathematics
1451,What is the determinant of the 3x3 identity matrix I?,-1,1,3,0,B,easy,Mathematics
1452,What is the trace of a square matrix?,The product of the main diagonal elements,The determinant divided by the matrix order,The sum of the elements on the main diagonal,The sum of all row sums,C,easy,Mathematics
1453,"If matrix A has size 3x2 and matrix B has size 2x4, what is the size of product matrix AB?",3x4,Cannot be multiplied,3x2,2x2,A,easy,Mathematics
1454,What property holds for the transpose of matrix products: (AB)^T?,A^T * B^T,-(A * B),B^T * A^T,(A^T)^(-1),C,medium,Mathematics
1455,"If λ is an eigenvalue of matrix A with eigenvector v, which equation holds?",A * v = λ^2 * v,A + v = λ * I,A * v = λ * v,det(A) = λ * v,C,medium,Mathematics
1456,What equation is solved to find the eigenvalues λ of a square matrix A?,A * λ = I,det(A - λI) = 0,Trace(A - λI) = 0,(A - λI)^T = 0,B,medium,Mathematics
1457,The sum of all eigenvalues of a square matrix is always equal to its:,Determinant,Condition number,Rank,Trace,D,medium,Mathematics
1458,The product of all eigenvalues of a square matrix is always equal to its:,Determinant,Norm,Trace,Rank,A,medium,Mathematics
1459,What is the rank of an n x n identity matrix?,1,0,n,n - 1,C,easy,Mathematics
1460,"According to the Rank-Nullity Theorem, for an m x n matrix A: Rank(A) + Nullity(A) =",det(A),m (number of rows),n (number of columns),m * n,C,hard,Mathematics
1461,Two vectors u and v in R^n are orthogonal if and only if their dot product u · v is:,1,0,Equal to their magnitudes,-1,B,easy,Mathematics
1462,A square matrix A is symmetric if:,A^T = A,A^T = -A,A^(-1) = A,det(A) = 1,A,easy,Mathematics
1463,A square matrix A is skew-symmetric if:,A^T = A,A^T = -A,det(A) = 0,A * A = I,B,medium,Mathematics
1464,A square matrix Q is orthogonal if:,Trace(Q) = 1,Q^T * Q = I,Q^T = Q,det(Q) = 0,B,medium,Mathematics
1465,"Linear Algebra Exercise #2: Calculate the determinant of the 2x2 matrix: [[1, 2], [2, 1]].",-3,-5,-1,3,A,easy,Mathematics
1466,"Linear Algebra Exercise #2: Calculate the determinant of the 2x2 matrix: [[1, 2], [1, 2]].",-2,0,2,Alternative option 1,B,easy,Mathematics
1467,"Linear Algebra Exercise #2: Calculate the determinant of the 2x2 matrix: [[1, 2], [2, 3]].",-3,-1,1,1,B,easy,Mathematics
1468,"Linear Algebra Exercise #2: Calculate the determinant of the 2x2 matrix: [[1, 2], [3, 4]].",-4,2,-2,0,C,easy,Mathematics
1469,"Linear Algebra Exercise #2: Calculate the determinant of the 2x2 matrix: [[1, 2], [4, 5]].",3,-5,-3,-1,C,easy,Mathematics
1470,"Linear Algebra Exercise #2: Calculate the determinant of the 2x2 matrix: [[1, 2], [5, 6]].",-6,-4,4,-2,B,easy,Mathematics
1471,"Linear Algebra Exercise #2: Calculate the determinant of the 2x2 matrix: [[1, 2], [6, 7]].",-5,-7,5,-3,A,easy,Mathematics
1472,"Linear Algebra Exercise #2: Calculate the determinant of the 2x2 matrix: [[2, 3], [2, 1]].",4,-6,-2,-4,D,easy,Mathematics
1473,"Linear Algebra Exercise #2: Calculate the determinant of the 2x2 matrix: [[2, 3], [1, 2]].",3,-1,1,-1,C,easy,Mathematics
1474,"Linear Algebra Exercise #2: Calculate the determinant of the 2x2 matrix: [[2, 3], [2, 3]].",2,-2,0,Alternative option 1,C,easy,Mathematics
1475,"Linear Algebra Exercise #2: Calculate the determinant of the 2x2 matrix: [[2, 3], [3, 4]].",1,-3,1,-1,D,easy,Mathematics
1476,"Linear Algebra Exercise #2: Calculate the determinant of the 2x2 matrix: [[2, 3], [4, 5]].",2,-2,-4,0,B,easy,Mathematics
1477,"Linear Algebra Exercise #2: Calculate the determinant of the 2x2 matrix: [[2, 3], [5, 6]].",3,-5,-3,-1,C,easy,Mathematics
1478,"Linear Algebra Exercise #2: Calculate the determinant of the 2x2 matrix: [[2, 3], [6, 7]].",4,-2,-4,-6,C,easy,Mathematics
1479,"Linear Algebra Exercise #2: Calculate the determinant of the 2x2 matrix: [[3, 4], [2, 1]].",5,-3,-7,-5,D,easy,Mathematics
1480,"Linear Algebra Exercise #2: Calculate the determinant of the 2x2 matrix: [[3, 4], [1, 2]].",0,4,-2,2,D,easy,Mathematics
1481,"Linear Algebra Exercise #2: Calculate the determinant of the 2x2 matrix: [[3, 4], [2, 3]].",-1,1,3,-1,B,easy,Mathematics
1482,"Linear Algebra Exercise #2: Calculate the determinant of the 2x2 matrix: [[3, 4], [3, 4]].",-2,0,Alternative option 1,2,B,easy,Mathematics
1483,"Linear Algebra Exercise #2: Calculate the determinant of the 2x2 matrix: [[3, 4], [4, 5]].",-1,1,-3,1,A,easy,Mathematics
1484,"Linear Algebra Exercise #2: Calculate the determinant of the 2x2 matrix: [[3, 4], [5, 6]].",-2,2,-4,0,A,easy,Mathematics
1485,"Linear Algebra Exercise #2: Calculate the determinant of the 2x2 matrix: [[3, 4], [6, 7]].",-1,-3,-5,3,B,easy,Mathematics
1486,"Linear Algebra Exercise #2: Calculate the determinant of the 2x2 matrix: [[4, 5], [2, 1]].",-6,-8,6,-4,A,easy,Mathematics
1487,"Linear Algebra Exercise #2: Calculate the determinant of the 2x2 matrix: [[4, 5], [1, 2]].",-3,1,3,5,C,easy,Mathematics
1488,"Linear Algebra Exercise #2: Calculate the determinant of the 2x2 matrix: [[4, 5], [2, 3]].",2,-2,0,4,A,easy,Mathematics
1489,"Linear Algebra Exercise #2: Calculate the determinant of the 2x2 matrix: [[4, 5], [3, 4]].",-1,1,-1,3,B,easy,Mathematics
1490,"Linear Algebra Exercise #2: Calculate the determinant of the 2x2 matrix: [[4, 5], [4, 5]].",-2,0,Alternative option 1,2,B,easy,Mathematics
1491,"Linear Algebra Exercise #2: Calculate the determinant of the 2x2 matrix: [[4, 5], [5, 6]].",-3,1,1,-1,D,easy,Mathematics
1492,"Linear Algebra Exercise #2: Calculate the determinant of the 2x2 matrix: [[4, 5], [6, 7]].",2,-2,-4,0,B,easy,Mathematics
1493,"Linear Algebra Exercise #2: Calculate the determinant of the 2x2 matrix: [[5, 6], [2, 1]].",-7,-5,-9,7,A,easy,Mathematics
1494,"Linear Algebra Exercise #2: Calculate the determinant of the 2x2 matrix: [[5, 6], [1, 2]].",-4,6,4,2,C,easy,Mathematics
1495,"Linear Algebra Exercise #2: Calculate the determinant of the 2x2 matrix: [[5, 6], [2, 3]].",3,1,-3,5,A,easy,Mathematics
1496,"Linear Algebra Exercise #2: Calculate the determinant of the 2x2 matrix: [[5, 6], [3, 4]].",4,2,-2,0,B,easy,Mathematics
1497,"Linear Algebra Exercise #2: Calculate the determinant of the 2x2 matrix: [[5, 6], [4, 5]].",-1,3,1,-1,C,easy,Mathematics
1498,"Linear Algebra Exercise #2: Calculate the determinant of the 2x2 matrix: [[5, 6], [5, 6]].",2,-2,0,Alternative option 1,C,easy,Mathematics
1499,"Linear Algebra Exercise #2: Calculate the determinant of the 2x2 matrix: [[5, 6], [6, 7]].",-1,1,1,-3,A,easy,Mathematics
1500,"Linear Algebra Exercise #2: Calculate the determinant of the 2x2 matrix: [[6, 7], [2, 1]].",-6,8,-8,-10,C,easy,Mathematics
1501,"Linear Algebra Exercise #2: Calculate the determinant of the 2x2 matrix: [[6, 7], [1, 2]].",7,-5,3,5,D,easy,Mathematics
1502,"Linear Algebra Exercise #2: Calculate the determinant of the 2x2 matrix: [[6, 7], [2, 3]].",2,-4,6,4,D,easy,Mathematics
1503,"Linear Algebra Exercise #2: Calculate the determinant of the 2x2 matrix: [[6, 7], [3, 4]].",3,-3,5,1,A,easy,Mathematics
1504,"Linear Algebra Exercise #2: Calculate the determinant of the 2x2 matrix: [[6, 7], [4, 5]].",0,4,-2,2,D,easy,Mathematics
1505,"Linear Algebra Exercise #2: Calculate the determinant of the 2x2 matrix: [[6, 7], [5, 6]].",1,-1,3,-1,A,easy,Mathematics
1506,"Linear Algebra Exercise #2: Calculate the determinant of the 2x2 matrix: [[6, 7], [6, 7]].",0,2,Alternative option 1,-2,A,easy,Mathematics
1507,"Linear Algebra Exercise #2: Calculate the determinant of the 2x2 matrix: [[7, 8], [2, 1]].",-11,-7,-9,9,C,easy,Mathematics
1508,"Linear Algebra Exercise #2: Calculate the determinant of the 2x2 matrix: [[7, 8], [1, 2]].",4,8,6,-6,C,easy,Mathematics
1509,"Linear Algebra Exercise #2: Calculate the determinant of the 2x2 matrix: [[7, 8], [2, 3]].",5,3,7,-5,A,easy,Mathematics
1510,"Linear Algebra Exercise #2: Calculate the determinant of the 2x2 matrix: [[7, 8], [3, 4]].",4,6,-4,2,A,easy,Mathematics
1511,"Linear Algebra Exercise #2: Calculate the determinant of the 2x2 matrix: [[7, 8], [4, 5]].",-3,3,1,5,B,easy,Mathematics
1512,"Linear Algebra Exercise #2: Calculate the determinant of the 2x2 matrix: [[7, 8], [5, 6]].",0,2,-2,4,B,easy,Mathematics
1513,"Linear Algebra Exercise #2: Calculate the determinant of the 2x2 matrix: [[7, 8], [6, 7]].",-1,3,-1,1,D,easy,Mathematics
1514,Linear Algebra Exercise #2: A square matrix A is invertible (non-singular) if and only if:,det(A) = 0,det(A) ≠ 0,All elements of A are positive,Trace(A) = 0,B,easy,Mathematics
1515,Linear Algebra Exercise #2: What is the determinant of the 3x3 identity matrix I?,3,1,-1,0,B,easy,Mathematics
1516,Linear Algebra Exercise #2: What is the trace of a square matrix?,The determinant divided by the matrix order,The product of the main diagonal elements,The sum of all row sums,The sum of the elements on the main diagonal,D,easy,Mathematics
1517,"Linear Algebra Exercise #2: If matrix A has size 3x2 and matrix B has size 2x4, what is the size of product matrix AB?",2x2,3x2,3x4,Cannot be multiplied,C,easy,Mathematics
1518,Linear Algebra Exercise #2: What property holds for the transpose of matrix products: (AB)^T?,-(A * B),A^T * B^T,B^T * A^T,(A^T)^(-1),C,medium,Mathematics
1519,"Linear Algebra Exercise #2: If λ is an eigenvalue of matrix A with eigenvector v, which equation holds?",A * v = λ^2 * v,det(A) = λ * v,A + v = λ * I,A * v = λ * v,D,medium,Mathematics
1520,Linear Algebra Exercise #2: What equation is solved to find the eigenvalues λ of a square matrix A?,det(A - λI) = 0,(A - λI)^T = 0,Trace(A - λI) = 0,A * λ = I,A,medium,Mathematics
1521,Linear Algebra Exercise #2: The sum of all eigenvalues of a square matrix is always equal to its:,Rank,Determinant,Condition number,Trace,D,medium,Mathematics
1522,Linear Algebra Exercise #2: The product of all eigenvalues of a square matrix is always equal to its:,Trace,Rank,Determinant,Norm,C,medium,Mathematics
1523,Linear Algebra Exercise #2: What is the rank of an n x n identity matrix?,1,n - 1,n,0,C,easy,Mathematics
1524,"Linear Algebra Exercise #2: According to the Rank-Nullity Theorem, for an m x n matrix A: Rank(A) + Nullity(A) =",det(A),n (number of columns),m * n,m (number of rows),B,hard,Mathematics
1525,Linear Algebra Exercise #2: Two vectors u and v in R^n are orthogonal if and only if their dot product u · v is:,-1,Equal to their magnitudes,1,0,D,easy,Mathematics
1526,Linear Algebra Exercise #2: A square matrix A is symmetric if:,A^T = -A,A^(-1) = A,det(A) = 1,A^T = A,D,easy,Mathematics
1527,Linear Algebra Exercise #2: A square matrix A is skew-symmetric if:,A^T = -A,det(A) = 0,A^T = A,A * A = I,A,medium,Mathematics
1528,Linear Algebra Exercise #3: A square matrix Q is orthogonal if:,det(Q) = 0,Q^T * Q = I,Q^T = Q,Trace(Q) = 1,B,medium,Mathematics
1529,"Linear Algebra Exercise #3: Calculate the determinant of the 2x2 matrix: [[1, 2], [2, 1]].",-1,3,-5,-3,D,easy,Mathematics
1530,"Linear Algebra Exercise #3: Calculate the determinant of the 2x2 matrix: [[1, 2], [1, 2]].",Alternative option 1,2,-2,0,D,easy,Mathematics
1531,"Linear Algebra Exercise #3: Calculate the determinant of the 2x2 matrix: [[1, 2], [2, 3]].",-1,1,1,-3,A,easy,Mathematics
1532,"Linear Algebra Exercise #3: Calculate the determinant of the 2x2 matrix: [[1, 2], [3, 4]].",2,-2,-4,0,B,easy,Mathematics
1533,"Linear Algebra Exercise #3: Calculate the determinant of the 2x2 matrix: [[1, 2], [4, 5]].",-5,-3,-1,3,B,easy,Mathematics
1534,"Linear Algebra Exercise #3: Calculate the determinant of the 2x2 matrix: [[1, 2], [5, 6]].",4,-2,-4,-6,C,easy,Mathematics
1535,"Linear Algebra Exercise #3: Calculate the determinant of the 2x2 matrix: [[1, 2], [6, 7]].",-3,5,-7,-5,D,easy,Mathematics
1536,"Linear Algebra Exercise #3: Calculate the determinant of the 2x2 matrix: [[2, 3], [2, 1]].",4,-4,-2,-6,B,easy,Mathematics
1537,"Linear Algebra Exercise #3: Calculate the determinant of the 2x2 matrix: [[2, 3], [1, 2]].",1,3,-1,-1,A,easy,Mathematics
1538,"Linear Algebra Exercise #3: Calculate the determinant of the 2x2 matrix: [[2, 3], [2, 3]].",0,-2,2,Alternative option 1,A,easy,Mathematics
1539,"Linear Algebra Exercise #3: Calculate the determinant of the 2x2 matrix: [[2, 3], [3, 4]].",-1,-3,1,1,A,easy,Mathematics
1540,"Linear Algebra Exercise #3: Calculate the determinant of the 2x2 matrix: [[2, 3], [4, 5]].",0,-2,-4,2,B,easy,Mathematics
1541,"Linear Algebra Exercise #3: Calculate the determinant of the 2x2 matrix: [[2, 3], [5, 6]].",-5,-1,-3,3,C,easy,Mathematics
1542,"Linear Algebra Exercise #3: Calculate the determinant of the 2x2 matrix: [[2, 3], [6, 7]].",-6,4,-2,-4,D,easy,Mathematics
1543,"Linear Algebra Exercise #3: Calculate the determinant of the 2x2 matrix: [[3, 4], [2, 1]].",-5,-7,5,-3,A,easy,Mathematics
1544,"Linear Algebra Exercise #3: Calculate the determinant of the 2x2 matrix: [[3, 4], [1, 2]].",4,2,-2,0,B,easy,Mathematics
1545,"Linear Algebra Exercise #3: Calculate the determinant of the 2x2 matrix: [[3, 4], [2, 3]].",-1,3,1,-1,C,easy,Mathematics
1546,"Linear Algebra Exercise #3: Calculate the determinant of the 2x2 matrix: [[3, 4], [3, 4]].",Alternative option 1,-2,2,0,D,easy,Mathematics
1547,"Linear Algebra Exercise #3: Calculate the determinant of the 2x2 matrix: [[3, 4], [4, 5]].",1,1,-3,-1,D,easy,Mathematics
1548,"Linear Algebra Exercise #3: Calculate the determinant of the 2x2 matrix: [[3, 4], [5, 6]].",-2,-4,0,2,A,easy,Mathematics
1549,"Linear Algebra Exercise #3: Calculate the determinant of the 2x2 matrix: [[3, 4], [6, 7]].",-3,3,-5,-1,A,easy,Mathematics
1550,"Linear Algebra Exercise #3: Calculate the determinant of the 2x2 matrix: [[4, 5], [2, 1]].",6,-6,-8,-4,B,easy,Mathematics
1551,"Linear Algebra Exercise #3: Calculate the determinant of the 2x2 matrix: [[4, 5], [1, 2]].",5,3,1,-3,B,easy,Mathematics
1552,"Linear Algebra Exercise #3: Calculate the determinant of the 2x2 matrix: [[4, 5], [2, 3]].",-2,2,0,4,B,easy,Mathematics
1553,"Linear Algebra Exercise #3: Calculate the determinant of the 2x2 matrix: [[4, 5], [3, 4]].",3,-1,1,-1,C,easy,Mathematics
1554,"Linear Algebra Exercise #3: Calculate the determinant of the 2x2 matrix: [[4, 5], [4, 5]].",-2,Alternative option 1,0,2,C,easy,Mathematics
1555,"Linear Algebra Exercise #3: Calculate the determinant of the 2x2 matrix: [[4, 5], [5, 6]].",1,-3,-1,1,C,easy,Mathematics
1556,"Linear Algebra Exercise #3: Calculate the determinant of the 2x2 matrix: [[4, 5], [6, 7]].",2,0,-4,-2,D,easy,Mathematics
1557,"Linear Algebra Exercise #3: Calculate the determinant of the 2x2 matrix: [[5, 6], [2, 1]].",-5,7,-9,-7,D,easy,Mathematics
1558,"Linear Algebra Exercise #3: Calculate the determinant of the 2x2 matrix: [[5, 6], [1, 2]].",4,2,6,-4,A,easy,Mathematics
1559,"Linear Algebra Exercise #3: Calculate the determinant of the 2x2 matrix: [[5, 6], [2, 3]].",3,5,1,-3,A,easy,Mathematics
1560,"Linear Algebra Exercise #3: Calculate the determinant of the 2x2 matrix: [[5, 6], [3, 4]].",0,4,2,-2,C,easy,Mathematics
1561,"Linear Algebra Exercise #3: Calculate the determinant of the 2x2 matrix: [[5, 6], [4, 5]].",3,-1,1,-1,C,easy,Mathematics
1562,"Linear Algebra Exercise #3: Calculate the determinant of the 2x2 matrix: [[5, 6], [5, 6]].",Alternative option 1,2,-2,0,D,easy,Mathematics
1563,"Linear Algebra Exercise #3: Calculate the determinant of the 2x2 matrix: [[5, 6], [6, 7]].",1,-1,-3,1,B,easy,Mathematics
1564,"Linear Algebra Exercise #3: Calculate the determinant of the 2x2 matrix: [[6, 7], [2, 1]].",8,-8,-6,-10,B,easy,Mathematics
1565,"Linear Algebra Exercise #3: Calculate the determinant of the 2x2 matrix: [[6, 7], [1, 2]].",3,7,5,-5,C,easy,Mathematics
1566,"Linear Algebra Exercise #3: Calculate the determinant of the 2x2 matrix: [[6, 7], [2, 3]].",6,4,-4,2,B,easy,Mathematics
1567,"Linear Algebra Exercise #3: Calculate the determinant of the 2x2 matrix: [[6, 7], [3, 4]].",5,-3,1,3,D,easy,Mathematics
1568,"Linear Algebra Exercise #3: Calculate the determinant of the 2x2 matrix: [[6, 7], [4, 5]].",4,2,0,-2,B,easy,Mathematics
1569,"Linear Algebra Exercise #3: Calculate the determinant of the 2x2 matrix: [[6, 7], [5, 6]].",1,-1,3,-1,A,easy,Mathematics
1570,"Linear Algebra Exercise #3: Calculate the determinant of the 2x2 matrix: [[6, 7], [6, 7]].",0,Alternative option 1,-2,2,A,easy,Mathematics
1571,"Linear Algebra Exercise #3: Calculate the determinant of the 2x2 matrix: [[7, 8], [2, 1]].",-9,-11,9,-7,A,easy,Mathematics
1572,"Linear Algebra Exercise #3: Calculate the determinant of the 2x2 matrix: [[7, 8], [1, 2]].",-6,6,8,4,B,easy,Mathematics
1573,"Linear Algebra Exercise #3: Calculate the determinant of the 2x2 matrix: [[7, 8], [2, 3]].",3,5,7,-5,B,easy,Mathematics
1574,"Linear Algebra Exercise #3: Calculate the determinant of the 2x2 matrix: [[7, 8], [3, 4]].",4,6,2,-4,A,easy,Mathematics
1575,"Linear Algebra Exercise #3: Calculate the determinant of the 2x2 matrix: [[7, 8], [4, 5]].",3,-3,5,1,A,easy,Mathematics
1576,"Linear Algebra Exercise #3: Calculate the determinant of the 2x2 matrix: [[7, 8], [5, 6]].",4,0,2,-2,C,easy,Mathematics
1577,"Linear Algebra Exercise #3: Calculate the determinant of the 2x2 matrix: [[7, 8], [6, 7]].",-1,-1,1,3,C,easy,Mathematics
1578,Linear Algebra Exercise #3: A square matrix A is invertible (non-singular) if and only if:,det(A) ≠ 0,All elements of A are positive,Trace(A) = 0,det(A) = 0,A,easy,Mathematics
1579,Linear Algebra Exercise #3: What is the determinant of the 3x3 identity matrix I?,0,3,1,-1,C,easy,Mathematics
1580,Linear Algebra Exercise #3: What is the trace of a square matrix?,The determinant divided by the matrix order,The sum of the elements on the main diagonal,The sum of all row sums,The product of the main diagonal elements,B,easy,Mathematics
1581,"Linear Algebra Exercise #3: If matrix A has size 3x2 and matrix B has size 2x4, what is the size of product matrix AB?",3x4,3x2,Cannot be multiplied,2x2,A,easy,Mathematics
1582,Linear Algebra Exercise #3: What property holds for the transpose of matrix products: (AB)^T?,B^T * A^T,-(A * B),(A^T)^(-1),A^T * B^T,A,medium,Mathematics
1583,"Linear Algebra Exercise #3: If λ is an eigenvalue of matrix A with eigenvector v, which equation holds?",A * v = λ * v,A + v = λ * I,A * v = λ^2 * v,det(A) = λ * v,A,medium,Mathematics
1584,Linear Algebra Exercise #3: What equation is solved to find the eigenvalues λ of a square matrix A?,(A - λI)^T = 0,A * λ = I,Trace(A - λI) = 0,det(A - λI) = 0,D,medium,Mathematics
1585,Linear Algebra Exercise #3: The sum of all eigenvalues of a square matrix is always equal to its:,Condition number,Rank,Trace,Determinant,C,medium,Mathematics
1586,Linear Algebra Exercise #3: The product of all eigenvalues of a square matrix is always equal to its:,Norm,Determinant,Trace,Rank,B,medium,Mathematics
1587,Linear Algebra Exercise #3: What is the rank of an n x n identity matrix?,n,1,0,n - 1,A,easy,Mathematics
1588,"Linear Algebra Exercise #3: According to the Rank-Nullity Theorem, for an m x n matrix A: Rank(A) + Nullity(A) =",n (number of columns),det(A),m (number of rows),m * n,A,hard,Mathematics
1589,Linear Algebra Exercise #3: Two vectors u and v in R^n are orthogonal if and only if their dot product u · v is:,Equal to their magnitudes,0,1,-1,B,easy,Mathematics
1590,Linear Algebra Exercise #3: A square matrix A is symmetric if:,A^(-1) = A,A^T = -A,A^T = A,det(A) = 1,C,easy,Mathematics
1591,Linear Algebra Exercise #3: A square matrix A is skew-symmetric if:,det(A) = 0,A^T = -A,A * A = I,A^T = A,B,medium,Mathematics
1592,Linear Algebra Exercise #4: A square matrix Q is orthogonal if:,Q^T * Q = I,Trace(Q) = 1,Q^T = Q,det(Q) = 0,A,medium,Mathematics
1593,"Linear Algebra Exercise #4: Calculate the determinant of the 2x2 matrix: [[1, 2], [2, 1]].",-3,-1,-5,3,A,easy,Mathematics
1594,"Linear Algebra Exercise #4: Calculate the determinant of the 2x2 matrix: [[1, 2], [1, 2]].",Alternative option 1,-2,2,0,D,easy,Mathematics
1595,"Linear Algebra Exercise #4: Calculate the determinant of the 2x2 matrix: [[1, 2], [2, 3]].",1,-1,-3,1,B,easy,Mathematics
1596,"Linear Algebra Exercise #4: Calculate the determinant of the 2x2 matrix: [[1, 2], [3, 4]].",-2,2,-4,0,A,easy,Mathematics
1597,"Linear Algebra Exercise #4: Calculate the determinant of the 2x2 matrix: [[1, 2], [4, 5]].",-3,-1,-5,3,A,easy,Mathematics
1598,"Linear Algebra Exercise #4: Calculate the determinant of the 2x2 matrix: [[1, 2], [5, 6]].",-2,-6,4,-4,D,easy,Mathematics
1599,"Linear Algebra Exercise #4: Calculate the determinant of the 2x2 matrix: [[1, 2], [6, 7]].",5,-3,-5,-7,C,easy,Mathematics
1600,"Linear Algebra Exercise #4: Calculate the determinant of the 2x2 matrix: [[2, 3], [2, 1]].",-4,-2,4,-6,A,easy,Mathematics
1601,"Linear Algebra Exercise #4: Calculate the determinant of the 2x2 matrix: [[2, 3], [1, 2]].",1,3,-1,-1,A,easy,Mathematics
1602,"Linear Algebra Exercise #4: Calculate the determinant of the 2x2 matrix: [[2, 3], [2, 3]].",0,Alternative option 1,2,-2,A,easy,Mathematics
1603,"Linear Algebra Exercise #4: Calculate the determinant of the 2x2 matrix: [[2, 3], [3, 4]].",-3,-1,1,1,B,easy,Mathematics
1604,"Linear Algebra Exercise #4: Calculate the determinant of the 2x2 matrix: [[2, 3], [4, 5]].",2,-4,-2,0,C,easy,Mathematics
1605,"Linear Algebra Exercise #4: Calculate the determinant of the 2x2 matrix: [[2, 3], [5, 6]].",-3,3,-5,-1,A,easy,Mathematics
1606,"Linear Algebra Exercise #4: Calculate the determinant of the 2x2 matrix: [[2, 3], [6, 7]].",-2,-6,4,-4,D,easy,Mathematics
1607,"Linear Algebra Exercise #4: Calculate the determinant of the 2x2 matrix: [[3, 4], [2, 1]].",-3,-7,-5,5,C,easy,Mathematics
1608,"Linear Algebra Exercise #4: Calculate the determinant of the 2x2 matrix: [[3, 4], [1, 2]].",0,-2,4,2,D,easy,Mathematics
1609,"Linear Algebra Exercise #4: Calculate the determinant of the 2x2 matrix: [[3, 4], [2, 3]].",-1,-1,3,1,D,easy,Mathematics
1610,"Linear Algebra Exercise #4: Calculate the determinant of the 2x2 matrix: [[3, 4], [3, 4]].",-2,Alternative option 1,2,0,D,easy,Mathematics
1611,"Linear Algebra Exercise #4: Calculate the determinant of the 2x2 matrix: [[3, 4], [4, 5]].",1,1,-3,-1,D,easy,Mathematics
1612,"Linear Algebra Exercise #4: Calculate the determinant of the 2x2 matrix: [[3, 4], [5, 6]].",0,2,-2,-4,C,easy,Mathematics
1613,"Linear Algebra Exercise #4: Calculate the determinant of the 2x2 matrix: [[3, 4], [6, 7]].",3,-3,-1,-5,B,easy,Mathematics
1614,"Linear Algebra Exercise #4: Calculate the determinant of the 2x2 matrix: [[4, 5], [2, 1]].",6,-6,-8,-4,B,easy,Mathematics
1615,"Linear Algebra Exercise #4: Calculate the determinant of the 2x2 matrix: [[4, 5], [1, 2]].",1,5,-3,3,D,easy,Mathematics
1616,"Linear Algebra Exercise #4: Calculate the determinant of the 2x2 matrix: [[4, 5], [2, 3]].",2,-2,4,0,A,easy,Mathematics
1617,"Linear Algebra Exercise #4: Calculate the determinant of the 2x2 matrix: [[4, 5], [3, 4]].",1,3,-1,-1,A,easy,Mathematics
1618,"Linear Algebra Exercise #4: Calculate the determinant of the 2x2 matrix: [[4, 5], [4, 5]].",Alternative option 1,0,-2,2,B,easy,Mathematics
1619,"Linear Algebra Exercise #4: Calculate the determinant of the 2x2 matrix: [[4, 5], [5, 6]].",-1,1,-3,1,A,easy,Mathematics
1620,"Linear Algebra Exercise #4: Calculate the determinant of the 2x2 matrix: [[4, 5], [6, 7]].",-2,2,0,-4,A,easy,Mathematics
1621,"Linear Algebra Exercise #4: Calculate the determinant of the 2x2 matrix: [[5, 6], [2, 1]].",-9,7,-7,-5,C,easy,Mathematics
1622,"Linear Algebra Exercise #4: Calculate the determinant of the 2x2 matrix: [[5, 6], [1, 2]].",4,-4,6,2,A,easy,Mathematics
1623,"Linear Algebra Exercise #4: Calculate the determinant of the 2x2 matrix: [[5, 6], [2, 3]].",-3,5,3,1,C,easy,Mathematics
1624,"Linear Algebra Exercise #4: Calculate the determinant of the 2x2 matrix: [[5, 6], [3, 4]].",4,0,-2,2,D,easy,Mathematics
1625,"Linear Algebra Exercise #4: Calculate the determinant of the 2x2 matrix: [[5, 6], [4, 5]].",1,-1,3,-1,A,easy,Mathematics
1626,"Linear Algebra Exercise #4: Calculate the determinant of the 2x2 matrix: [[5, 6], [5, 6]].",Alternative option 1,2,-2,0,D,easy,Mathematics
1627,"Linear Algebra Exercise #4: Calculate the determinant of the 2x2 matrix: [[5, 6], [6, 7]].",-3,-1,1,1,B,easy,Mathematics
1628,"Linear Algebra Exercise #4: Calculate the determinant of the 2x2 matrix: [[6, 7], [2, 1]].",-10,-8,-6,8,B,easy,Mathematics
1629,"Linear Algebra Exercise #4: Calculate the determinant of the 2x2 matrix: [[6, 7], [1, 2]].",-5,7,3,5,D,easy,Mathematics
1630,"Linear Algebra Exercise #4: Calculate the determinant of the 2x2 matrix: [[6, 7], [2, 3]].",4,2,-4,6,A,easy,Mathematics
1631,"Linear Algebra Exercise #4: Calculate the determinant of the 2x2 matrix: [[6, 7], [3, 4]].",5,1,3,-3,C,easy,Mathematics
1632,"Linear Algebra Exercise #4: Calculate the determinant of the 2x2 matrix: [[6, 7], [4, 5]].",0,2,4,-2,B,easy,Mathematics
1633,"Linear Algebra Exercise #4: Calculate the determinant of the 2x2 matrix: [[6, 7], [5, 6]].",-1,3,1,-1,C,easy,Mathematics
1634,"Linear Algebra Exercise #4: Calculate the determinant of the 2x2 matrix: [[6, 7], [6, 7]].",0,Alternative option 1,-2,2,A,easy,Mathematics
1635,"Linear Algebra Exercise #4: Calculate the determinant of the 2x2 matrix: [[7, 8], [2, 1]].",-9,-7,9,-11,A,easy,Mathematics
1636,"Linear Algebra Exercise #4: Calculate the determinant of the 2x2 matrix: [[7, 8], [1, 2]].",8,4,6,-6,C,easy,Mathematics
1637,"Linear Algebra Exercise #4: Calculate the determinant of the 2x2 matrix: [[7, 8], [2, 3]].",3,-5,5,7,C,easy,Mathematics
1638,"Linear Algebra Exercise #4: Calculate the determinant of the 2x2 matrix: [[7, 8], [3, 4]].",-4,6,2,4,D,easy,Mathematics
1639,"Linear Algebra Exercise #4: Calculate the determinant of the 2x2 matrix: [[7, 8], [4, 5]].",3,1,5,-3,A,easy,Mathematics
1640,"Linear Algebra Exercise #4: Calculate the determinant of the 2x2 matrix: [[7, 8], [5, 6]].",0,2,-2,4,B,easy,Mathematics
1641,"Linear Algebra Exercise #4: Calculate the determinant of the 2x2 matrix: [[7, 8], [6, 7]].",-1,-1,1,3,C,easy,Mathematics
1642,Linear Algebra Exercise #4: A square matrix A is invertible (non-singular) if and only if:,Trace(A) = 0,All elements of A are positive,det(A) ≠ 0,det(A) = 0,C,easy,Mathematics
1643,Linear Algebra Exercise #4: What is the determinant of the 3x3 identity matrix I?,-1,0,1,3,C,easy,Mathematics
1644,Linear Algebra Exercise #4: What is the trace of a square matrix?,The product of the main diagonal elements,The determinant divided by the matrix order,The sum of all row sums,The sum of the elements on the main diagonal,D,easy,Mathematics
1645,"Linear Algebra Exercise #4: If matrix A has size 3x2 and matrix B has size 2x4, what is the size of product matrix AB?",3x2,Cannot be multiplied,3x4,2x2,C,easy,Mathematics
1646,Linear Algebra Exercise #4: What property holds for the transpose of matrix products: (AB)^T?,B^T * A^T,(A^T)^(-1),-(A * B),A^T * B^T,A,medium,Mathematics
1647,"Linear Algebra Exercise #4: If λ is an eigenvalue of matrix A with eigenvector v, which equation holds?",A * v = λ * v,det(A) = λ * v,A * v = λ^2 * v,A + v = λ * I,A,medium,Mathematics
1648,Linear Algebra Exercise #4: What equation is solved to find the eigenvalues λ of a square matrix A?,Trace(A - λI) = 0,det(A - λI) = 0,(A - λI)^T = 0,A * λ = I,B,medium,Mathematics
1649,Linear Algebra Exercise #4: The sum of all eigenvalues of a square matrix is always equal to its:,Determinant,Condition number,Trace,Rank,C,medium,Mathematics
1650,Linear Algebra Exercise #4: The product of all eigenvalues of a square matrix is always equal to its:,Norm,Rank,Trace,Determinant,D,medium,Mathematics
1651,"What is the number of permutations of 4 items taken 2 at a time, P(4, 2)?",6,22,6,12,D,medium,Mathematics
1652,"In how many ways can a committee of 2 be chosen from 4 people, C(4, 2)?",3,12,6,11,C,easy,Mathematics
1653,"What is the number of permutations of 4 items taken 3 at a time, P(4, 3)?",34,18,24,4,C,medium,Mathematics
1654,"In how many ways can a committee of 3 be chosen from 4 people, C(4, 3)?",4,1,24,9,A,easy,Mathematics
1655,"What is the number of permutations of 5 items taken 2 at a time, P(5, 2)?",10,20,14,30,B,medium,Mathematics
1656,"In how many ways can a committee of 2 be chosen from 5 people, C(5, 2)?",7,10,20,15,B,easy,Mathematics
1657,"What is the number of permutations of 5 items taken 3 at a time, P(5, 3)?",60,54,10,70,A,medium,Mathematics
1658,"In how many ways can a committee of 3 be chosen from 5 people, C(5, 3)?",60,10,15,7,B,easy,Mathematics
1659,"What is the number of permutations of 5 items taken 4 at a time, P(5, 4)?",130,5,114,120,D,medium,Mathematics
1660,"In how many ways can a committee of 4 be chosen from 5 people, C(5, 4)?",5,120,10,2,A,easy,Mathematics
1661,"What is the number of permutations of 6 items taken 2 at a time, P(6, 2)?",24,30,15,40,B,medium,Mathematics
1662,"In how many ways can a committee of 2 be chosen from 6 people, C(6, 2)?",30,12,15,20,C,easy,Mathematics
1663,"What is the number of permutations of 6 items taken 3 at a time, P(6, 3)?",114,120,130,20,B,medium,Mathematics
1664,"In how many ways can a committee of 3 be chosen from 6 people, C(6, 3)?",17,20,120,25,B,easy,Mathematics
1665,"What is the number of permutations of 6 items taken 4 at a time, P(6, 4)?",370,354,360,15,C,medium,Mathematics
1666,"In how many ways can a committee of 4 be chosen from 6 people, C(6, 4)?",360,20,12,15,D,easy,Mathematics
1667,"What is the number of permutations of 7 items taken 2 at a time, P(7, 2)?",36,42,21,52,B,medium,Mathematics
1668,"In how many ways can a committee of 2 be chosen from 7 people, C(7, 2)?",18,42,21,26,C,medium,Mathematics
1669,"What is the number of permutations of 7 items taken 3 at a time, P(7, 3)?",35,220,204,210,D,medium,Mathematics
1670,"In how many ways can a committee of 3 be chosen from 7 people, C(7, 3)?",32,40,210,35,D,medium,Mathematics
1671,"What is the number of permutations of 7 items taken 4 at a time, P(7, 4)?",35,840,834,850,B,medium,Mathematics
1672,"In how many ways can a committee of 4 be chosen from 7 people, C(7, 4)?",32,35,840,40,B,medium,Mathematics
1673,"What is the number of permutations of 8 items taken 2 at a time, P(8, 2)?",56,66,28,50,A,medium,Mathematics
1674,"In how many ways can a committee of 2 be chosen from 8 people, C(8, 2)?",33,28,25,56,B,medium,Mathematics
1675,"What is the number of permutations of 8 items taken 3 at a time, P(8, 3)?",56,346,330,336,D,medium,Mathematics
1676,"In how many ways can a committee of 3 be chosen from 8 people, C(8, 3)?",61,56,336,53,B,medium,Mathematics
1677,"What is the number of permutations of 8 items taken 4 at a time, P(8, 4)?",70,1690,1680,1674,C,medium,Mathematics
1678,"In how many ways can a committee of 4 be chosen from 8 people, C(8, 4)?",70,75,67,1680,A,medium,Mathematics
1679,"What is the number of permutations of 9 items taken 2 at a time, P(9, 2)?",82,66,72,36,C,medium,Mathematics
1680,"In how many ways can a committee of 2 be chosen from 9 people, C(9, 2)?",36,72,41,33,A,medium,Mathematics
1681,"What is the number of permutations of 9 items taken 3 at a time, P(9, 3)?",514,504,84,498,B,medium,Mathematics
1682,"In how many ways can a committee of 3 be chosen from 9 people, C(9, 3)?",89,504,81,84,D,medium,Mathematics
1683,"What is the number of permutations of 9 items taken 4 at a time, P(9, 4)?",3024,3018,3034,126,A,medium,Mathematics
1684,"In how many ways can a committee of 4 be chosen from 9 people, C(9, 4)?",3024,126,131,123,B,medium,Mathematics
1685,"What is the number of permutations of 10 items taken 2 at a time, P(10, 2)?",100,90,84,45,B,medium,Mathematics
1686,"In how many ways can a committee of 2 be chosen from 10 people, C(10, 2)?",90,50,42,45,D,medium,Mathematics
1687,"What is the number of permutations of 10 items taken 3 at a time, P(10, 3)?",714,720,120,730,B,medium,Mathematics
1688,"In how many ways can a committee of 3 be chosen from 10 people, C(10, 3)?",117,125,120,720,C,medium,Mathematics
1689,"What is the number of permutations of 10 items taken 4 at a time, P(10, 4)?",5040,210,5034,5050,A,medium,Mathematics
1690,"In how many ways can a committee of 4 be chosen from 10 people, C(10, 4)?",210,5040,215,207,A,medium,Mathematics
1691,What is the probability of rolling a sum of 7 with two fair six-sided dice?,5/36,7/36,1/12,6/36 (1/6),D,easy,Mathematics
1692,What is the probability of flipping three fair coins and getting exactly two heads?,1/2,1/4,1/8,3/8,D,easy,Mathematics
1693,"If events A and B are mutually exclusive, what is P(A ∩ B)?",P(A) * P(B),P(A) + P(B),1,0,D,easy,Mathematics
1694,"If events A and B are independent, what is P(A ∩ B)?",P(A) + P(B),P(A) / P(B),P(A) * P(B),0,C,easy,Mathematics
1695,What is Bayes' Theorem formula for conditional probability P(A|B)?,P(A) / P(B),P(A ∩ B) * P(B),P(A|B) * P(B) / P(A),P(B|A) * P(A) / P(B),D,medium,Mathematics
1696,What measure of central tendency represents the middle value in an ordered data set?,Median,Mean,Mode,Variance,A,easy,Mathematics
1697,What measure of central tendency is the most frequently occurring value in a data set?,Mean,Standard Deviation,Median,Mode,D,easy,Mathematics
1698,What is the square root of the variance called?,Mean Absolute Deviation,Range,Interquartile Range,Standard Deviation,D,easy,Mathematics
1699,"In a standard normal distribution, what is the mean and standard deviation?","Mean = 0, Standard Deviation = 0","Mean = 1, Standard Deviation = 0","Mean = 0, Standard Deviation = 1","Mean = 100, Standard Deviation = 15",C,easy,Mathematics
1700,"According to the Empirical Rule (68-95-99.7), approximately what percentage of data falls within 1 standard deviation of the mean in a normal distribution?",50%,99.7%,95%,68%,D,easy,Mathematics
1701,Approximately what percentage of data falls within 2 standard deviations of the mean in a normal distribution?,68%,95%,90%,99.7%,B,easy,Mathematics
1702,"What is the expected value of a discrete random variable X following a Binomial distribution B(n, p)?",n * p * (1 - p),n * p,p / n,sqrt(n * p),B,medium,Mathematics
1703,"What is the variance of a discrete random variable X following a Binomial distribution B(n, p)?",sqrt(n * p),n * (1 - p),n * p,n * p * (1 - p),D,medium,Mathematics
1704,"In a Poisson distribution with parameter λ, what is the variance?",1 / λ,λ,sqrt(λ),λ^2,B,medium,Mathematics
1705,What type of statistical test is used to compare the means of two independent groups?,Chi-Square test,Pearson correlation,ANOVA,Independent samples t-test,D,medium,Mathematics
1706,"Probability & Statistics #2: What is the number of permutations of 4 items taken 2 at a time, P(4, 2)?",22,6,12,6,C,medium,Mathematics
1707,"Probability & Statistics #2: In how many ways can a committee of 2 be chosen from 4 people, C(4, 2)?",12,6,3,11,B,easy,Mathematics
1708,"Probability & Statistics #2: What is the number of permutations of 4 items taken 3 at a time, P(4, 3)?",34,24,18,4,B,medium,Mathematics
1709,"Probability & Statistics #2: In how many ways can a committee of 3 be chosen from 4 people, C(4, 3)?",4,9,24,1,A,easy,Mathematics
1710,"Probability & Statistics #2: What is the number of permutations of 5 items taken 2 at a time, P(5, 2)?",30,14,20,10,C,medium,Mathematics
1711,"Probability & Statistics #2: In how many ways can a committee of 2 be chosen from 5 people, C(5, 2)?",10,20,7,15,A,easy,Mathematics
1712,"Probability & Statistics #2: What is the number of permutations of 5 items taken 3 at a time, P(5, 3)?",70,60,10,54,B,medium,Mathematics
1713,"Probability & Statistics #2: In how many ways can a committee of 3 be chosen from 5 people, C(5, 3)?",10,7,15,60,A,easy,Mathematics
1714,"Probability & Statistics #2: What is the number of permutations of 5 items taken 4 at a time, P(5, 4)?",120,5,130,114,A,medium,Mathematics
1715,"Probability & Statistics #2: In how many ways can a committee of 4 be chosen from 5 people, C(5, 4)?",5,10,2,120,A,easy,Mathematics
1716,"Probability & Statistics #2: What is the number of permutations of 6 items taken 2 at a time, P(6, 2)?",15,30,24,40,B,medium,Mathematics
1717,"Probability & Statistics #2: In how many ways can a committee of 2 be chosen from 6 people, C(6, 2)?",15,20,12,30,A,easy,Mathematics
1718,"Probability & Statistics #2: What is the number of permutations of 6 items taken 3 at a time, P(6, 3)?",120,20,130,114,A,medium,Mathematics
1719,"Probability & Statistics #2: In how many ways can a committee of 3 be chosen from 6 people, C(6, 3)?",25,17,20,120,C,easy,Mathematics
1720,"Probability & Statistics #2: What is the number of permutations of 6 items taken 4 at a time, P(6, 4)?",370,360,15,354,B,medium,Mathematics
1721,"Probability & Statistics #2: In how many ways can a committee of 4 be chosen from 6 people, C(6, 4)?",12,15,360,20,B,easy,Mathematics
1722,"Probability & Statistics #2: What is the number of permutations of 7 items taken 2 at a time, P(7, 2)?",52,21,42,36,C,medium,Mathematics
1723,"Probability & Statistics #2: In how many ways can a committee of 2 be chosen from 7 people, C(7, 2)?",42,26,21,18,C,medium,Mathematics
1724,"Probability & Statistics #2: What is the number of permutations of 7 items taken 3 at a time, P(7, 3)?",35,204,210,220,C,medium,Mathematics
1725,"Probability & Statistics #2: In how many ways can a committee of 3 be chosen from 7 people, C(7, 3)?",32,35,40,210,B,medium,Mathematics
1726,"Probability & Statistics #2: What is the number of permutations of 7 items taken 4 at a time, P(7, 4)?",840,834,35,850,A,medium,Mathematics
1727,"Probability & Statistics #2: In how many ways can a committee of 4 be chosen from 7 people, C(7, 4)?",32,840,35,40,C,medium,Mathematics
1728,"Probability & Statistics #2: What is the number of permutations of 8 items taken 2 at a time, P(8, 2)?",28,66,56,50,C,medium,Mathematics
1729,"Probability & Statistics #2: In how many ways can a committee of 2 be chosen from 8 people, C(8, 2)?",56,28,25,33,B,medium,Mathematics
1730,"Probability & Statistics #2: What is the number of permutations of 8 items taken 3 at a time, P(8, 3)?",56,336,346,330,B,medium,Mathematics
1731,"Probability & Statistics #2: In how many ways can a committee of 3 be chosen from 8 people, C(8, 3)?",61,56,53,336,B,medium,Mathematics
1732,"Probability & Statistics #2: What is the number of permutations of 8 items taken 4 at a time, P(8, 4)?",70,1690,1680,1674,C,medium,Mathematics
1733,"Probability & Statistics #2: In how many ways can a committee of 4 be chosen from 8 people, C(8, 4)?",67,75,1680,70,D,medium,Mathematics
1734,"Probability & Statistics #2: What is the number of permutations of 9 items taken 2 at a time, P(9, 2)?",72,36,82,66,A,medium,Mathematics
1735,"Probability & Statistics #2: In how many ways can a committee of 2 be chosen from 9 people, C(9, 2)?",41,33,72,36,D,medium,Mathematics
1736,"Probability & Statistics #2: What is the number of permutations of 9 items taken 3 at a time, P(9, 3)?",498,514,504,84,C,medium,Mathematics
1737,"Probability & Statistics #2: In how many ways can a committee of 3 be chosen from 9 people, C(9, 3)?",81,504,89,84,D,medium,Mathematics
1738,"Probability & Statistics #2: What is the number of permutations of 9 items taken 4 at a time, P(9, 4)?",3034,3024,126,3018,B,medium,Mathematics
1739,"Probability & Statistics #2: In how many ways can a committee of 4 be chosen from 9 people, C(9, 4)?",123,3024,126,131,C,medium,Mathematics
1740,"Probability & Statistics #2: What is the number of permutations of 10 items taken 2 at a time, P(10, 2)?",100,90,84,45,B,medium,Mathematics
1741,"Probability & Statistics #2: In how many ways can a committee of 2 be chosen from 10 people, C(10, 2)?",45,42,90,50,A,medium,Mathematics
1742,"Probability & Statistics #2: What is the number of permutations of 10 items taken 3 at a time, P(10, 3)?",730,714,720,120,C,medium,Mathematics
1743,"Probability & Statistics #2: In how many ways can a committee of 3 be chosen from 10 people, C(10, 3)?",720,125,120,117,C,medium,Mathematics
1744,"Probability & Statistics #2: What is the number of permutations of 10 items taken 4 at a time, P(10, 4)?",210,5050,5034,5040,D,medium,Mathematics
1745,"Probability & Statistics #2: In how many ways can a committee of 4 be chosen from 10 people, C(10, 4)?",5040,215,210,207,C,medium,Mathematics
1746,Probability & Statistics #2: What is the probability of rolling a sum of 7 with two fair six-sided dice?,5/36,6/36 (1/6),7/36,1/12,B,easy,Mathematics
1747,Probability & Statistics #2: What is the probability of flipping three fair coins and getting exactly two heads?,1/4,3/8,1/8,1/2,B,easy,Mathematics
1748,"Probability & Statistics #2: If events A and B are mutually exclusive, what is P(A ∩ B)?",P(A) + P(B),0,P(A) * P(B),1,B,easy,Mathematics
1749,"Probability & Statistics #2: If events A and B are independent, what is P(A ∩ B)?",0,P(A) / P(B),P(A) * P(B),P(A) + P(B),C,easy,Mathematics
1750,Probability & Statistics #2: What is Bayes' Theorem formula for conditional probability P(A|B)?,P(B|A) * P(A) / P(B),P(A) / P(B),P(A ∩ B) * P(B),P(A|B) * P(B) / P(A),A,medium,Mathematics
1751,Probability & Statistics #2: What measure of central tendency represents the middle value in an ordered data set?,Mode,Mean,Variance,Median,D,easy,Mathematics
1752,Probability & Statistics #2: What measure of central tendency is the most frequently occurring value in a data set?,Mode,Mean,Median,Standard Deviation,A,easy,Mathematics
1753,Probability & Statistics #2: What is the square root of the variance called?,Standard Deviation,Range,Interquartile Range,Mean Absolute Deviation,A,easy,Mathematics
1754,"Probability & Statistics #2: In a standard normal distribution, what is the mean and standard deviation?","Mean = 0, Standard Deviation = 0","Mean = 100, Standard Deviation = 15","Mean = 1, Standard Deviation = 0","Mean = 0, Standard Deviation = 1",D,easy,Mathematics
1755,"Probability & Statistics #2: According to the Empirical Rule (68-95-99.7), approximately what percentage of data falls within 1 standard deviation of the mean in a normal distribution?",68%,95%,50%,99.7%,A,easy,Mathematics
1756,Probability & Statistics #2: Approximately what percentage of data falls within 2 standard deviations of the mean in a normal distribution?,99.7%,95%,90%,68%,B,easy,Mathematics
1757,"Probability & Statistics #2: What is the expected value of a discrete random variable X following a Binomial distribution B(n, p)?",sqrt(n * p),p / n,n * p,n * p * (1 - p),C,medium,Mathematics
1758,"Probability & Statistics #2: What is the variance of a discrete random variable X following a Binomial distribution B(n, p)?",n * (1 - p),n * p * (1 - p),sqrt(n * p),n * p,B,medium,Mathematics
1759,"Probability & Statistics #2: In a Poisson distribution with parameter λ, what is the variance?",λ^2,1 / λ,sqrt(λ),λ,D,medium,Mathematics
1760,Probability & Statistics #3: What type of statistical test is used to compare the means of two independent groups?,Pearson correlation,Independent samples t-test,ANOVA,Chi-Square test,B,medium,Mathematics
1761,"Probability & Statistics #3: What is the number of permutations of 4 items taken 2 at a time, P(4, 2)?",6,22,12,6,C,medium,Mathematics
1762,"Probability & Statistics #3: In how many ways can a committee of 2 be chosen from 4 people, C(4, 2)?",12,3,11,6,D,easy,Mathematics
1763,"Probability & Statistics #3: What is the number of permutations of 4 items taken 3 at a time, P(4, 3)?",18,34,24,4,C,medium,Mathematics
1764,"Probability & Statistics #3: In how many ways can a committee of 3 be chosen from 4 people, C(4, 3)?",24,4,1,9,B,easy,Mathematics
1765,"Probability & Statistics #3: What is the number of permutations of 5 items taken 2 at a time, P(5, 2)?",20,10,14,30,A,medium,Mathematics
1766,"Probability & Statistics #3: In how many ways can a committee of 2 be chosen from 5 people, C(5, 2)?",15,10,7,20,B,easy,Mathematics
1767,"Probability & Statistics #3: What is the number of permutations of 5 items taken 3 at a time, P(5, 3)?",54,10,70,60,D,medium,Mathematics
1768,"Probability & Statistics #3: In how many ways can a committee of 3 be chosen from 5 people, C(5, 3)?",15,60,10,7,C,easy,Mathematics
1769,"Probability & Statistics #3: What is the number of permutations of 5 items taken 4 at a time, P(5, 4)?",5,130,120,114,C,medium,Mathematics
1770,"Probability & Statistics #3: In how many ways can a committee of 4 be chosen from 5 people, C(5, 4)?",2,120,10,5,D,easy,Mathematics
1771,"Probability & Statistics #3: What is the number of permutations of 6 items taken 2 at a time, P(6, 2)?",15,24,40,30,D,medium,Mathematics
1772,"Probability & Statistics #3: In how many ways can a committee of 2 be chosen from 6 people, C(6, 2)?",20,30,15,12,C,easy,Mathematics
1773,"Probability & Statistics #3: What is the number of permutations of 6 items taken 3 at a time, P(6, 3)?",120,130,20,114,A,medium,Mathematics
1774,"Probability & Statistics #3: In how many ways can a committee of 3 be chosen from 6 people, C(6, 3)?",17,20,120,25,B,easy,Mathematics
1775,"Probability & Statistics #3: What is the number of permutations of 6 items taken 4 at a time, P(6, 4)?",15,360,370,354,B,medium,Mathematics
1776,"Probability & Statistics #3: In how many ways can a committee of 4 be chosen from 6 people, C(6, 4)?",12,360,15,20,C,easy,Mathematics
1777,"Probability & Statistics #3: What is the number of permutations of 7 items taken 2 at a time, P(7, 2)?",52,36,21,42,D,medium,Mathematics
1778,"Probability & Statistics #3: In how many ways can a committee of 2 be chosen from 7 people, C(7, 2)?",21,42,26,18,A,medium,Mathematics
1779,"Probability & Statistics #3: What is the number of permutations of 7 items taken 3 at a time, P(7, 3)?",220,210,204,35,B,medium,Mathematics
1780,"Probability & Statistics #3: In how many ways can a committee of 3 be chosen from 7 people, C(7, 3)?",210,32,40,35,D,medium,Mathematics
1781,"Probability & Statistics #3: What is the number of permutations of 7 items taken 4 at a time, P(7, 4)?",840,850,35,834,A,medium,Mathematics
1782,"Probability & Statistics #3: In how many ways can a committee of 4 be chosen from 7 people, C(7, 4)?",35,840,32,40,A,medium,Mathematics
1783,"Probability & Statistics #3: What is the number of permutations of 8 items taken 2 at a time, P(8, 2)?",28,66,50,56,D,medium,Mathematics
1784,"Probability & Statistics #3: In how many ways can a committee of 2 be chosen from 8 people, C(8, 2)?",25,33,28,56,C,medium,Mathematics
1785,"Probability & Statistics #3: What is the number of permutations of 8 items taken 3 at a time, P(8, 3)?",330,56,336,346,C,medium,Mathematics
1786,"Probability & Statistics #3: In how many ways can a committee of 3 be chosen from 8 people, C(8, 3)?",61,56,53,336,B,medium,Mathematics
1787,"Probability & Statistics #3: What is the number of permutations of 8 items taken 4 at a time, P(8, 4)?",70,1690,1674,1680,D,medium,Mathematics
1788,"Probability & Statistics #3: In how many ways can a committee of 4 be chosen from 8 people, C(8, 4)?",67,70,1680,75,B,medium,Mathematics
1789,"Probability & Statistics #3: What is the number of permutations of 9 items taken 2 at a time, P(9, 2)?",72,66,36,82,A,medium,Mathematics
1790,"Probability & Statistics #3: In how many ways can a committee of 2 be chosen from 9 people, C(9, 2)?",72,36,41,33,B,medium,Mathematics
1791,"Probability & Statistics #3: What is the number of permutations of 9 items taken 3 at a time, P(9, 3)?",84,504,498,514,B,medium,Mathematics
1792,"Probability & Statistics #3: In how many ways can a committee of 3 be chosen from 9 people, C(9, 3)?",81,504,84,89,C,medium,Mathematics
1793,"Probability & Statistics #3: What is the number of permutations of 9 items taken 4 at a time, P(9, 4)?",3018,3024,126,3034,B,medium,Mathematics
1794,"Probability & Statistics #3: In how many ways can a committee of 4 be chosen from 9 people, C(9, 4)?",123,126,3024,131,B,medium,Mathematics
1795,"Probability & Statistics #3: What is the number of permutations of 10 items taken 2 at a time, P(10, 2)?",84,100,45,90,D,medium,Mathematics
1796,"Probability & Statistics #3: In how many ways can a committee of 2 be chosen from 10 people, C(10, 2)?",90,45,42,50,B,medium,Mathematics
1797,"Probability & Statistics #3: What is the number of permutations of 10 items taken 3 at a time, P(10, 3)?",720,120,730,714,A,medium,Mathematics
1798,"Probability & Statistics #3: In how many ways can a committee of 3 be chosen from 10 people, C(10, 3)?",120,720,125,117,A,medium,Mathematics
1799,"Probability & Statistics #3: What is the number of permutations of 10 items taken 4 at a time, P(10, 4)?",210,5034,5040,5050,C,medium,Mathematics
1800,"Probability & Statistics #3: In how many ways can a committee of 4 be chosen from 10 people, C(10, 4)?",5040,207,210,215,C,medium,Mathematics
1801,Probability & Statistics #3: What is the probability of rolling a sum of 7 with two fair six-sided dice?,5/36,6/36 (1/6),1/12,7/36,B,easy,Mathematics
1802,Probability & Statistics #3: What is the probability of flipping three fair coins and getting exactly two heads?,1/8,1/4,3/8,1/2,C,easy,Mathematics
1803,"Probability & Statistics #3: If events A and B are mutually exclusive, what is P(A ∩ B)?",1,P(A) * P(B),0,P(A) + P(B),C,easy,Mathematics
1804,"Probability & Statistics #3: If events A and B are independent, what is P(A ∩ B)?",P(A) * P(B),0,P(A) / P(B),P(A) + P(B),A,easy,Mathematics
1805,Probability & Statistics #3: What is Bayes' Theorem formula for conditional probability P(A|B)?,P(A) / P(B),P(A ∩ B) * P(B),P(B|A) * P(A) / P(B),P(A|B) * P(B) / P(A),C,medium,Mathematics
1806,Probability & Statistics #3: What measure of central tendency represents the middle value in an ordered data set?,Mode,Median,Mean,Variance,B,easy,Mathematics
1807,Probability & Statistics #3: What measure of central tendency is the most frequently occurring value in a data set?,Standard Deviation,Mean,Mode,Median,C,easy,Mathematics
1808,Probability & Statistics #3: What is the square root of the variance called?,Range,Interquartile Range,Mean Absolute Deviation,Standard Deviation,D,easy,Mathematics
1809,"Probability & Statistics #3: In a standard normal distribution, what is the mean and standard deviation?","Mean = 100, Standard Deviation = 15","Mean = 0, Standard Deviation = 1","Mean = 1, Standard Deviation = 0","Mean = 0, Standard Deviation = 0",B,easy,Mathematics
1810,"Probability & Statistics #3: According to the Empirical Rule (68-95-99.7), approximately what percentage of data falls within 1 standard deviation of the mean in a normal distribution?",50%,99.7%,68%,95%,C,easy,Mathematics
1811,Probability & Statistics #3: Approximately what percentage of data falls within 2 standard deviations of the mean in a normal distribution?,95%,99.7%,90%,68%,A,easy,Mathematics
1812,"Probability & Statistics #3: What is the expected value of a discrete random variable X following a Binomial distribution B(n, p)?",p / n,n * p,n * p * (1 - p),sqrt(n * p),B,medium,Mathematics
1813,"Probability & Statistics #3: What is the variance of a discrete random variable X following a Binomial distribution B(n, p)?",sqrt(n * p),n * p * (1 - p),n * p,n * (1 - p),B,medium,Mathematics
1814,"Probability & Statistics #3: In a Poisson distribution with parameter λ, what is the variance?",λ,λ^2,sqrt(λ),1 / λ,A,medium,Mathematics
1815,Probability & Statistics #4: What type of statistical test is used to compare the means of two independent groups?,Chi-Square test,Independent samples t-test,ANOVA,Pearson correlation,B,medium,Mathematics
1816,"Probability & Statistics #4: What is the number of permutations of 4 items taken 2 at a time, P(4, 2)?",6,6,22,12,D,medium,Mathematics
1817,"Probability & Statistics #4: In how many ways can a committee of 2 be chosen from 4 people, C(4, 2)?",3,11,12,6,D,easy,Mathematics
1818,"Probability & Statistics #4: What is the number of permutations of 4 items taken 3 at a time, P(4, 3)?",4,34,18,24,D,medium,Mathematics
1819,"Probability & Statistics #4: In how many ways can a committee of 3 be chosen from 4 people, C(4, 3)?",1,9,24,4,D,easy,Mathematics
1820,"Probability & Statistics #4: What is the number of permutations of 5 items taken 2 at a time, P(5, 2)?",20,14,30,10,A,medium,Mathematics
1821,"Probability & Statistics #4: In how many ways can a committee of 2 be chosen from 5 people, C(5, 2)?",20,10,15,7,B,easy,Mathematics
1822,"Probability & Statistics #4: What is the number of permutations of 5 items taken 3 at a time, P(5, 3)?",54,60,70,10,B,medium,Mathematics
1823,"Probability & Statistics #4: In how many ways can a committee of 3 be chosen from 5 people, C(5, 3)?",10,7,60,15,A,easy,Mathematics
1824,"Probability & Statistics #4: What is the number of permutations of 5 items taken 4 at a time, P(5, 4)?",130,5,114,120,D,medium,Mathematics
1825,"Probability & Statistics #4: In how many ways can a committee of 4 be chosen from 5 people, C(5, 4)?",120,5,2,10,B,easy,Mathematics
1826,"Probability & Statistics #4: What is the number of permutations of 6 items taken 2 at a time, P(6, 2)?",30,24,40,15,A,medium,Mathematics
1827,"Probability & Statistics #4: In how many ways can a committee of 2 be chosen from 6 people, C(6, 2)?",20,12,15,30,C,easy,Mathematics
1828,"Probability & Statistics #4: What is the number of permutations of 6 items taken 3 at a time, P(6, 3)?",130,120,114,20,B,medium,Mathematics
1829,"Probability & Statistics #4: In how many ways can a committee of 3 be chosen from 6 people, C(6, 3)?",17,25,20,120,C,easy,Mathematics
1830,"Probability & Statistics #4: What is the number of permutations of 6 items taken 4 at a time, P(6, 4)?",370,360,15,354,B,medium,Mathematics
1831,"Probability & Statistics #4: In how many ways can a committee of 4 be chosen from 6 people, C(6, 4)?",20,12,360,15,D,easy,Mathematics
1832,"Probability & Statistics #4: What is the number of permutations of 7 items taken 2 at a time, P(7, 2)?",42,52,36,21,A,medium,Mathematics
1833,"Probability & Statistics #4: In how many ways can a committee of 2 be chosen from 7 people, C(7, 2)?",42,26,18,21,D,medium,Mathematics
1834,"Probability & Statistics #4: What is the number of permutations of 7 items taken 3 at a time, P(7, 3)?",210,204,35,220,A,medium,Mathematics
1835,"Probability & Statistics #4: In how many ways can a committee of 3 be chosen from 7 people, C(7, 3)?",32,40,210,35,D,medium,Mathematics
1836,"Probability & Statistics #4: What is the number of permutations of 7 items taken 4 at a time, P(7, 4)?",35,834,840,850,C,medium,Mathematics
1837,"Probability & Statistics #4: In how many ways can a committee of 4 be chosen from 7 people, C(7, 4)?",840,35,32,40,B,medium,Mathematics
1838,"Probability & Statistics #4: What is the number of permutations of 8 items taken 2 at a time, P(8, 2)?",56,50,66,28,A,medium,Mathematics
1839,"Probability & Statistics #4: In how many ways can a committee of 2 be chosen from 8 people, C(8, 2)?",25,28,33,56,B,medium,Mathematics
1840,"Probability & Statistics #4: What is the number of permutations of 8 items taken 3 at a time, P(8, 3)?",346,330,56,336,D,medium,Mathematics
1841,"Probability & Statistics #4: In how many ways can a committee of 3 be chosen from 8 people, C(8, 3)?",336,61,53,56,D,medium,Mathematics
1842,"Probability & Statistics #4: What is the number of permutations of 8 items taken 4 at a time, P(8, 4)?",70,1674,1690,1680,D,medium,Mathematics
1843,"Probability & Statistics #4: In how many ways can a committee of 4 be chosen from 8 people, C(8, 4)?",75,70,67,1680,B,medium,Mathematics
1844,"Probability & Statistics #4: What is the number of permutations of 9 items taken 2 at a time, P(9, 2)?",82,66,72,36,C,medium,Mathematics
1845,"Probability & Statistics #4: In how many ways can a committee of 2 be chosen from 9 people, C(9, 2)?",36,33,41,72,A,medium,Mathematics
1846,"Probability & Statistics #4: What is the number of permutations of 9 items taken 3 at a time, P(9, 3)?",514,498,504,84,C,medium,Mathematics
1847,"Probability & Statistics #4: In how many ways can a committee of 3 be chosen from 9 people, C(9, 3)?",84,504,81,89,A,medium,Mathematics
1848,"Probability & Statistics #4: What is the number of permutations of 9 items taken 4 at a time, P(9, 4)?",126,3018,3024,3034,C,medium,Mathematics
1849,"Probability & Statistics #4: In how many ways can a committee of 4 be chosen from 9 people, C(9, 4)?",123,3024,126,131,C,medium,Mathematics
1850,"Probability & Statistics #4: What is the number of permutations of 10 items taken 2 at a time, P(10, 2)?",100,84,45,90,D,medium,Mathematics
1851,"Probability & Statistics #4: In how many ways can a committee of 2 be chosen from 10 people, C(10, 2)?",90,45,50,42,B,medium,Mathematics
1852,"Probability & Statistics #4: What is the number of permutations of 10 items taken 3 at a time, P(10, 3)?",714,730,120,720,D,medium,Mathematics
1853,"Probability & Statistics #4: In how many ways can a committee of 3 be chosen from 10 people, C(10, 3)?",117,720,120,125,C,medium,Mathematics
1854,"Probability & Statistics #4: What is the number of permutations of 10 items taken 4 at a time, P(10, 4)?",5040,5034,210,5050,A,medium,Mathematics
1855,"Probability & Statistics #4: In how many ways can a committee of 4 be chosen from 10 people, C(10, 4)?",207,215,5040,210,D,medium,Mathematics
1856,Probability & Statistics #4: What is the probability of rolling a sum of 7 with two fair six-sided dice?,6/36 (1/6),1/12,5/36,7/36,A,easy,Mathematics
1857,Probability & Statistics #4: What is the probability of flipping three fair coins and getting exactly two heads?,1/4,1/8,1/2,3/8,D,easy,Mathematics
1858,"Probability & Statistics #4: If events A and B are mutually exclusive, what is P(A ∩ B)?",1,0,P(A) * P(B),P(A) + P(B),B,easy,Mathematics
1859,"Probability & Statistics #4: If events A and B are independent, what is P(A ∩ B)?",0,P(A) + P(B),P(A) / P(B),P(A) * P(B),D,easy,Mathematics
1860,Probability & Statistics #4: What is Bayes' Theorem formula for conditional probability P(A|B)?,P(B|A) * P(A) / P(B),P(A ∩ B) * P(B),P(A) / P(B),P(A|B) * P(B) / P(A),A,medium,Mathematics
1861,Probability & Statistics #4: What measure of central tendency represents the middle value in an ordered data set?,Variance,Median,Mode,Mean,B,easy,Mathematics
1862,Probability & Statistics #4: What measure of central tendency is the most frequently occurring value in a data set?,Median,Mean,Standard Deviation,Mode,D,easy,Mathematics
1863,Probability & Statistics #4: What is the square root of the variance called?,Standard Deviation,Mean Absolute Deviation,Range,Interquartile Range,A,easy,Mathematics
1864,"Probability & Statistics #4: In a standard normal distribution, what is the mean and standard deviation?","Mean = 0, Standard Deviation = 1","Mean = 1, Standard Deviation = 0","Mean = 0, Standard Deviation = 0","Mean = 100, Standard Deviation = 15",A,easy,Mathematics
1865,"Probability & Statistics #4: According to the Empirical Rule (68-95-99.7), approximately what percentage of data falls within 1 standard deviation of the mean in a normal distribution?",68%,95%,50%,99.7%,A,easy,Mathematics
1866,Probability & Statistics #4: Approximately what percentage of data falls within 2 standard deviations of the mean in a normal distribution?,95%,90%,99.7%,68%,A,easy,Mathematics
1867,"Probability & Statistics #4: What is the expected value of a discrete random variable X following a Binomial distribution B(n, p)?",sqrt(n * p),n * p,n * p * (1 - p),p / n,B,medium,Mathematics
1868,"Probability & Statistics #4: What is the variance of a discrete random variable X following a Binomial distribution B(n, p)?",n * p * (1 - p),n * (1 - p),sqrt(n * p),n * p,A,medium,Mathematics
1869,"Probability & Statistics #4: In a Poisson distribution with parameter λ, what is the variance?",1 / λ,sqrt(λ),λ,λ^2,C,medium,Mathematics
1870,Probability & Statistics #5: What type of statistical test is used to compare the means of two independent groups?,ANOVA,Pearson correlation,Chi-Square test,Independent samples t-test,D,medium,Mathematics
1871,"Probability & Statistics #5: What is the number of permutations of 4 items taken 2 at a time, P(4, 2)?",12,6,6,22,A,medium,Mathematics
1872,"Probability & Statistics #5: In how many ways can a committee of 2 be chosen from 4 people, C(4, 2)?",3,11,6,12,C,easy,Mathematics
1873,"Probability & Statistics #5: What is the number of permutations of 4 items taken 3 at a time, P(4, 3)?",34,24,4,18,B,medium,Mathematics
1874,"Probability & Statistics #5: In how many ways can a committee of 3 be chosen from 4 people, C(4, 3)?",9,24,1,4,D,easy,Mathematics
1875,"Probability & Statistics #5: What is the number of permutations of 5 items taken 2 at a time, P(5, 2)?",10,20,30,14,B,medium,Mathematics
1876,"Probability & Statistics #5: In how many ways can a committee of 2 be chosen from 5 people, C(5, 2)?",10,20,15,7,A,easy,Mathematics
1877,"Probability & Statistics #5: What is the number of permutations of 5 items taken 3 at a time, P(5, 3)?",54,70,10,60,D,medium,Mathematics
1878,"Probability & Statistics #5: In how many ways can a committee of 3 be chosen from 5 people, C(5, 3)?",60,10,15,7,B,easy,Mathematics
1879,"Probability & Statistics #5: What is the number of permutations of 5 items taken 4 at a time, P(5, 4)?",114,5,120,130,C,medium,Mathematics
1880,"Probability & Statistics #5: In how many ways can a committee of 4 be chosen from 5 people, C(5, 4)?",5,10,120,2,A,easy,Mathematics
1881,"Probability & Statistics #5: What is the number of permutations of 6 items taken 2 at a time, P(6, 2)?",40,24,30,15,C,medium,Mathematics
1882,"Probability & Statistics #5: In how many ways can a committee of 2 be chosen from 6 people, C(6, 2)?",12,20,15,30,C,easy,Mathematics
1883,"Probability & Statistics #5: What is the number of permutations of 6 items taken 3 at a time, P(6, 3)?",120,20,130,114,A,medium,Mathematics
1884,"Probability & Statistics #5: In how many ways can a committee of 3 be chosen from 6 people, C(6, 3)?",120,25,17,20,D,easy,Mathematics
1885,"Probability & Statistics #5: What is the number of permutations of 6 items taken 4 at a time, P(6, 4)?",370,360,15,354,B,medium,Mathematics
1886,"Probability & Statistics #5: In how many ways can a committee of 4 be chosen from 6 people, C(6, 4)?",15,360,12,20,A,easy,Mathematics
1887,"Probability & Statistics #5: What is the number of permutations of 7 items taken 2 at a time, P(7, 2)?",52,21,42,36,C,medium,Mathematics
1888,"Probability & Statistics #5: In how many ways can a committee of 2 be chosen from 7 people, C(7, 2)?",42,26,21,18,C,medium,Mathematics
1889,"Probability & Statistics #5: What is the number of permutations of 7 items taken 3 at a time, P(7, 3)?",220,210,204,35,B,medium,Mathematics
1890,"Probability & Statistics #5: In how many ways can a committee of 3 be chosen from 7 people, C(7, 3)?",40,32,35,210,C,medium,Mathematics
1891,"Probability & Statistics #5: What is the number of permutations of 7 items taken 4 at a time, P(7, 4)?",840,850,35,834,A,medium,Mathematics
1892,"Probability & Statistics #5: In how many ways can a committee of 4 be chosen from 7 people, C(7, 4)?",840,32,40,35,D,medium,Mathematics
1893,"Probability & Statistics #5: What is the number of permutations of 8 items taken 2 at a time, P(8, 2)?",50,28,66,56,D,medium,Mathematics
1894,"Probability & Statistics #5: In how many ways can a committee of 2 be chosen from 8 people, C(8, 2)?",28,56,33,25,A,medium,Mathematics
1895,"Probability & Statistics #5: What is the number of permutations of 8 items taken 3 at a time, P(8, 3)?",336,56,330,346,A,medium,Mathematics
1896,"Probability & Statistics #5: In how many ways can a committee of 3 be chosen from 8 people, C(8, 3)?",53,336,56,61,C,medium,Mathematics
1897,"Probability & Statistics #5: What is the number of permutations of 8 items taken 4 at a time, P(8, 4)?",1690,1674,70,1680,D,medium,Mathematics
1898,"Probability & Statistics #5: In how many ways can a committee of 4 be chosen from 8 people, C(8, 4)?",75,70,67,1680,B,medium,Mathematics
1899,"Probability & Statistics #5: What is the number of permutations of 9 items taken 2 at a time, P(9, 2)?",82,72,66,36,B,medium,Mathematics
1900,"Probability & Statistics #5: In how many ways can a committee of 2 be chosen from 9 people, C(9, 2)?",36,33,72,41,A,medium,Mathematics
1901,"What is the contrapositive of the conditional statement 'If P, then Q'?",P and not Q,"If not Q, then not P","If Q, then P","If not P, then not Q",B,easy,Mathematics
1902,"What is the converse of the conditional statement 'If P, then Q'?","If not Q, then not P",Not P or Q,"If not P, then not Q","If Q, then P",D,easy,Mathematics
1903,"According to De Morgan's Laws, what is ¬(P ∧ Q) equivalent to?",¬P → ¬Q,¬P ∨ ¬Q,P ∨ Q,¬P ∧ ¬Q,B,medium,Mathematics
1904,"According to De Morgan's Laws, what is ¬(P ∨ Q) equivalent to?",P ∧ Q,¬P ∧ ¬Q,¬P ∨ ¬Q,¬P → Q,B,medium,Mathematics
1905,How many subsets does a set with n elements have (cardinality of its power set)?,2n,n!,n^2,2^n,D,easy,Mathematics
1906,"If set A has 4 elements and set B has 3 elements, how many elements are in the Cartesian product A × B?",81,64,7,12,D,easy,Mathematics
1907,A relation R on a set A is an equivalence relation if it is:,"Irreflexive, symmetric, and transitive","Reflexive, antisymmetric, and transitive",Reflexive and symmetric only,"Reflexive, symmetric, and transitive",D,medium,Mathematics
1908,"In an undirected graph, the Handshaking Lemma states that the sum of the degrees of all vertices equals:",2 * |V|,|E|,|V| - 1,2 * |E| (twice the number of edges),D,medium,Mathematics
1909,A connected undirected graph with V vertices is a tree if and only if it has how many edges?,V + 1,V - 1,2V - 1,V,B,easy,Mathematics
1910,What is the sum of the interior angles of a polygon with n sides?,(n - 2) * 180°,(n - 1) * 180°,(n + 2) * 180°,n * 180°,A,easy,Mathematics
1911,What is the quadratic formula used to solve ax^2 + bx + c = 0?,x = (-b ± √(b - 4ac)) / a,x = (-b ± √(b^2 - 4ac)) / (2a),x = (-b ± √(b^2 + 4ac)) / (2a),x = (b ± √(b^2 - 4ac)) / (2a),B,easy,Mathematics
1912,What is the discriminant of the quadratic equation ax^2 + bx + c = 0?,b^2 + 4ac,√(b^2 - 4ac),b^2 - 4ac,4ac - b^2,C,easy,Mathematics
1913,"If the discriminant b^2 - 4ac is greater than zero, what is the nature of the roots?",One repeated real root,No solution,Two distinct real roots,Two complex conjugate roots,C,easy,Mathematics
1914,"If the discriminant b^2 - 4ac is equal to zero, what is the nature of the roots?",Two complex roots,Two distinct real roots,No real solution,One repeated real root,D,easy,Mathematics
1915,What is log_b(x * y) equal to?,log_b(x) / log_b(y),log_b(x) + log_b(y),log_b(x) * log_b(y),log_b(x) - log_b(y),B,easy,Mathematics
1916,What is log_b(x^k) equal to?,log_b(x) + k,k * log_b(x),(log_b(x))^k,log_b(k * x),B,easy,Mathematics
1917,What is the value of log10(1000)?,10,100,3,2,C,easy,Mathematics
1918,What is the value of log2(64)?,6,5,32,8,A,easy,Mathematics
1919,What is the greatest common divisor (GCD) of 48 and 18?,12,3,2,6,D,easy,Mathematics
1920,What is the least common multiple (LCM) of 12 and 15?,30,60,180,45,B,easy,Mathematics
1921,What is (2 * 7) mod 3?,1,1,0,2,D,easy,Mathematics
1922,What is (3 * 7) mod 3?,2,2,1,0,D,easy,Mathematics
1923,What is (4 * 7) mod 3?,1,0,0,2,A,easy,Mathematics
1924,What is (5 * 7) mod 3?,2,1,0,1,A,easy,Mathematics
1925,What is (6 * 7) mod 3?,2,0,2,1,B,easy,Mathematics
1926,What is (2 * 7) mod 4?,3,2,0,1,B,easy,Mathematics
1927,What is (3 * 7) mod 4?,0,2,3,1,D,easy,Mathematics
1928,What is (4 * 7) mod 4?,3,2,1,0,D,easy,Mathematics
1929,What is (5 * 7) mod 4?,1,3,0,2,B,easy,Mathematics
1930,What is (6 * 7) mod 4?,0,1,2,3,C,easy,Mathematics
1931,What is (2 * 7) mod 5?,3,4,0,1,B,easy,Mathematics
1932,What is (3 * 7) mod 5?,1,0,2,3,A,easy,Mathematics
1933,What is (4 * 7) mod 5?,4,0,3,2,C,easy,Mathematics
1934,What is (5 * 7) mod 5?,2,1,0,4,C,easy,Mathematics
1935,What is (6 * 7) mod 5?,4,2,3,1,B,easy,Mathematics
1936,What is (2 * 7) mod 6?,1,2,3,4,B,easy,Mathematics
1937,What is (3 * 7) mod 6?,5,2,4,3,D,easy,Mathematics
1938,What is (4 * 7) mod 6?,5,4,3,0,B,easy,Mathematics
1939,What is (5 * 7) mod 6?,5,0,4,1,A,easy,Mathematics
1940,What is (6 * 7) mod 6?,0,1,2,5,A,easy,Mathematics
1941,What is (2 * 7) mod 7?,6,0,2,1,B,easy,Mathematics
1942,What is (3 * 7) mod 7?,0,2,6,1,A,easy,Mathematics
1943,What is (4 * 7) mod 7?,2,6,1,0,D,easy,Mathematics
1944,What is (5 * 7) mod 7?,0,2,1,6,A,easy,Mathematics
1945,What is (6 * 7) mod 7?,6,2,0,1,C,easy,Mathematics
1946,What is (2 * 7) mod 8?,0,7,6,5,C,easy,Mathematics
1947,What is (3 * 7) mod 8?,6,5,4,7,B,easy,Mathematics
1948,What is (4 * 7) mod 8?,6,5,4,3,C,easy,Mathematics
1949,What is (5 * 7) mod 8?,4,5,3,2,C,easy,Mathematics
1950,What is (6 * 7) mod 8?,2,4,3,1,A,easy,Mathematics
1951,What is (2 * 7) mod 9?,6,7,4,5,D,easy,Mathematics
1952,What is (3 * 7) mod 9?,2,3,5,4,B,easy,Mathematics
1953,What is (4 * 7) mod 9?,0,1,3,2,B,easy,Mathematics
1954,What is (5 * 7) mod 9?,8,0,1,7,A,easy,Mathematics
1955,What is (6 * 7) mod 9?,6,7,8,5,A,easy,Mathematics
1956,What is (2 * 7) mod 10?,6,3,4,5,C,easy,Mathematics
1957,What is (3 * 7) mod 10?,1,2,0,3,A,easy,Mathematics
1958,What is (4 * 7) mod 10?,8,9,0,7,A,easy,Mathematics
1959,What is (5 * 7) mod 10?,6,4,7,5,D,easy,Mathematics
1960,What is (6 * 7) mod 10?,4,3,2,1,C,easy,Mathematics
1961,What is (2 * 7) mod 11?,5,2,4,3,D,easy,Mathematics
1962,What is (3 * 7) mod 11?,9,0,1,10,D,easy,Mathematics
1963,What is (4 * 7) mod 11?,8,5,7,6,D,easy,Mathematics
1964,What is (5 * 7) mod 11?,2,4,1,3,A,easy,Mathematics
1965,What is (6 * 7) mod 11?,9,10,8,0,A,easy,Mathematics
1966,What is (2 * 7) mod 12?,2,4,3,1,A,easy,Mathematics
1967,What is (3 * 7) mod 12?,8,9,11,10,B,easy,Mathematics
1968,What is (4 * 7) mod 12?,5,6,4,3,C,easy,Mathematics
1969,What is (5 * 7) mod 12?,11,1,0,10,A,easy,Mathematics
1970,What is (6 * 7) mod 12?,8,6,5,7,B,easy,Mathematics
1971,What is (2 * 7) mod 13?,0,3,1,2,C,easy,Mathematics
1972,What is (3 * 7) mod 13?,10,9,7,8,D,easy,Mathematics
1973,What is (4 * 7) mod 13?,3,4,2,1,C,easy,Mathematics
1974,What is (5 * 7) mod 13?,9,8,11,10,A,easy,Mathematics
1975,What is (6 * 7) mod 13?,3,4,5,2,A,easy,Mathematics
1976,What is (2 * 7) mod 14?,0,2,13,1,A,easy,Mathematics
1977,What is (3 * 7) mod 14?,7,9,8,6,A,easy,Mathematics
1978,What is (4 * 7) mod 14?,2,13,0,1,C,easy,Mathematics
1979,What is (5 * 7) mod 14?,6,8,9,7,D,easy,Mathematics
1980,What is (6 * 7) mod 14?,0,13,2,1,A,easy,Mathematics
1981,"Discrete Math & Algebra #2: What is the contrapositive of the conditional statement 'If P, then Q'?","If not Q, then not P","If Q, then P","If not P, then not Q",P and not Q,A,easy,Mathematics
1982,"Discrete Math & Algebra #2: What is the converse of the conditional statement 'If P, then Q'?","If not P, then not Q","If not Q, then not P",Not P or Q,"If Q, then P",D,easy,Mathematics
1983,"Discrete Math & Algebra #2: According to De Morgan's Laws, what is ¬(P ∧ Q) equivalent to?",¬P → ¬Q,¬P ∧ ¬Q,¬P ∨ ¬Q,P ∨ Q,C,medium,Mathematics
1984,"Discrete Math & Algebra #2: According to De Morgan's Laws, what is ¬(P ∨ Q) equivalent to?",P ∧ Q,¬P ∨ ¬Q,¬P → Q,¬P ∧ ¬Q,D,medium,Mathematics
1985,Discrete Math & Algebra #2: How many subsets does a set with n elements have (cardinality of its power set)?,n^2,2^n,2n,n!,B,easy,Mathematics
1986,"Discrete Math & Algebra #2: If set A has 4 elements and set B has 3 elements, how many elements are in the Cartesian product A × B?",64,7,81,12,D,easy,Mathematics
1987,Discrete Math & Algebra #2: A relation R on a set A is an equivalence relation if it is:,Reflexive and symmetric only,"Reflexive, antisymmetric, and transitive","Irreflexive, symmetric, and transitive","Reflexive, symmetric, and transitive",D,medium,Mathematics
1988,"Discrete Math & Algebra #2: In an undirected graph, the Handshaking Lemma states that the sum of the degrees of all vertices equals:",|V| - 1,2 * |V|,|E|,2 * |E| (twice the number of edges),D,medium,Mathematics
1989,Discrete Math & Algebra #2: A connected undirected graph with V vertices is a tree if and only if it has how many edges?,V - 1,V + 1,V,2V - 1,A,easy,Mathematics
1990,Discrete Math & Algebra #2: What is the sum of the interior angles of a polygon with n sides?,(n - 2) * 180°,(n + 2) * 180°,n * 180°,(n - 1) * 180°,A,easy,Mathematics
1991,Discrete Math & Algebra #2: What is the quadratic formula used to solve ax^2 + bx + c = 0?,x = (-b ± √(b - 4ac)) / a,x = (-b ± √(b^2 - 4ac)) / (2a),x = (-b ± √(b^2 + 4ac)) / (2a),x = (b ± √(b^2 - 4ac)) / (2a),B,easy,Mathematics
1992,Discrete Math & Algebra #2: What is the discriminant of the quadratic equation ax^2 + bx + c = 0?,√(b^2 - 4ac),b^2 + 4ac,4ac - b^2,b^2 - 4ac,D,easy,Mathematics
1993,"Discrete Math & Algebra #2: If the discriminant b^2 - 4ac is greater than zero, what is the nature of the roots?",No solution,One repeated real root,Two distinct real roots,Two complex conjugate roots,C,easy,Mathematics
1994,"Discrete Math & Algebra #2: If the discriminant b^2 - 4ac is equal to zero, what is the nature of the roots?",No real solution,One repeated real root,Two complex roots,Two distinct real roots,B,easy,Mathematics
1995,Discrete Math & Algebra #2: What is log_b(x * y) equal to?,log_b(x) * log_b(y),log_b(x) + log_b(y),log_b(x) / log_b(y),log_b(x) - log_b(y),B,easy,Mathematics
1996,Discrete Math & Algebra #2: What is log_b(x^k) equal to?,(log_b(x))^k,k * log_b(x),log_b(x) + k,log_b(k * x),B,easy,Mathematics
1997,Discrete Math & Algebra #2: What is the value of log10(1000)?,100,3,10,2,B,easy,Mathematics
1998,Discrete Math & Algebra #2: What is the value of log2(64)?,32,6,5,8,B,easy,Mathematics
1999,Discrete Math & Algebra #2: What is the greatest common divisor (GCD) of 48 and 18?,6,2,12,3,A,easy,Mathematics
2000,Discrete Math & Algebra #2: What is the least common multiple (LCM) of 12 and 15?,30,45,180,60,D,easy,Mathematics
2001,Discrete Math & Algebra #2: What is (2 * 7) mod 3?,1,2,1,0,B,easy,Mathematics
2002,Discrete Math & Algebra #2: What is (3 * 7) mod 3?,2,0,1,2,B,easy,Mathematics
2003,Discrete Math & Algebra #2: What is (4 * 7) mod 3?,2,1,0,0,B,easy,Mathematics
2004,Discrete Math & Algebra #2: What is (5 * 7) mod 3?,0,1,2,1,C,easy,Mathematics
2005,Discrete Math & Algebra #2: What is (6 * 7) mod 3?,1,2,0,2,C,easy,Mathematics
2006,Discrete Math & Algebra #2: What is (2 * 7) mod 4?,2,0,1,3,A,easy,Mathematics
2007,Discrete Math & Algebra #2: What is (3 * 7) mod 4?,3,2,1,0,C,easy,Mathematics
2008,Discrete Math & Algebra #2: What is (4 * 7) mod 4?,2,3,0,1,C,easy,Mathematics
2009,Discrete Math & Algebra #2: What is (5 * 7) mod 4?,2,0,1,3,D,easy,Mathematics
2010,Discrete Math & Algebra #2: What is (6 * 7) mod 4?,3,0,1,2,D,easy,Mathematics
2011,Discrete Math & Algebra #2: What is (2 * 7) mod 5?,4,1,0,3,A,easy,Mathematics
2012,Discrete Math & Algebra #2: What is (3 * 7) mod 5?,0,1,2,3,B,easy,Mathematics
2013,Discrete Math & Algebra #2: What is (4 * 7) mod 5?,3,4,0,2,A,easy,Mathematics
2014,Discrete Math & Algebra #2: What is (5 * 7) mod 5?,2,0,1,4,B,easy,Mathematics
2015,Discrete Math & Algebra #2: What is (6 * 7) mod 5?,4,3,2,1,C,easy,Mathematics
2016,Discrete Math & Algebra #2: What is (2 * 7) mod 6?,2,4,3,1,A,easy,Mathematics
2017,Discrete Math & Algebra #2: What is (3 * 7) mod 6?,5,4,2,3,D,easy,Mathematics
2018,Discrete Math & Algebra #2: What is (4 * 7) mod 6?,4,5,0,3,A,easy,Mathematics
2019,Discrete Math & Algebra #2: What is (5 * 7) mod 6?,5,4,0,1,A,easy,Mathematics
2020,Discrete Math & Algebra #2: What is (6 * 7) mod 6?,5,2,1,0,D,easy,Mathematics
2021,Discrete Math & Algebra #2: What is (2 * 7) mod 7?,1,0,2,6,B,easy,Mathematics
2022,Discrete Math & Algebra #2: What is (3 * 7) mod 7?,0,6,2,1,A,easy,Mathematics
2023,Discrete Math & Algebra #2: What is (4 * 7) mod 7?,2,0,6,1,B,easy,Mathematics
2024,Discrete Math & Algebra #2: What is (5 * 7) mod 7?,1,2,6,0,D,easy,Mathematics
2025,Discrete Math & Algebra #2: What is (6 * 7) mod 7?,1,2,0,6,C,easy,Mathematics
2026,Discrete Math & Algebra #2: What is (2 * 7) mod 8?,0,6,7,5,B,easy,Mathematics
2027,Discrete Math & Algebra #2: What is (3 * 7) mod 8?,4,5,6,7,B,easy,Mathematics
2028,Discrete Math & Algebra #2: What is (4 * 7) mod 8?,5,6,3,4,D,easy,Mathematics
2029,Discrete Math & Algebra #2: What is (5 * 7) mod 8?,4,2,5,3,D,easy,Mathematics
2030,Discrete Math & Algebra #2: What is (6 * 7) mod 8?,3,1,4,2,D,easy,Mathematics
2031,Discrete Math & Algebra #2: What is (2 * 7) mod 9?,6,4,7,5,D,easy,Mathematics
2032,Discrete Math & Algebra #2: What is (3 * 7) mod 9?,4,3,5,2,B,easy,Mathematics
2033,Discrete Math & Algebra #2: What is (4 * 7) mod 9?,2,0,3,1,D,easy,Mathematics
2034,Discrete Math & Algebra #2: What is (5 * 7) mod 9?,8,7,0,1,A,easy,Mathematics
2035,Discrete Math & Algebra #2: What is (6 * 7) mod 9?,5,7,8,6,D,easy,Mathematics
2036,Discrete Math & Algebra #2: What is (2 * 7) mod 10?,4,3,5,6,A,easy,Mathematics
2037,Discrete Math & Algebra #2: What is (3 * 7) mod 10?,2,0,1,3,C,easy,Mathematics
2038,Discrete Math & Algebra #2: What is (4 * 7) mod 10?,7,9,8,0,C,easy,Mathematics
2039,Discrete Math & Algebra #2: What is (5 * 7) mod 10?,7,5,6,4,B,easy,Mathematics
2040,Discrete Math & Algebra #2: What is (6 * 7) mod 10?,1,2,3,4,B,easy,Mathematics
2041,Discrete Math & Algebra #2: What is (2 * 7) mod 11?,5,4,3,2,C,easy,Mathematics
2042,Discrete Math & Algebra #2: What is (3 * 7) mod 11?,10,9,1,0,A,easy,Mathematics
2043,Discrete Math & Algebra #2: What is (4 * 7) mod 11?,6,5,8,7,A,easy,Mathematics
2044,Discrete Math & Algebra #2: What is (5 * 7) mod 11?,4,3,1,2,D,easy,Mathematics
2045,Discrete Math & Algebra #2: What is (6 * 7) mod 11?,8,9,0,10,B,easy,Mathematics
2046,Discrete Math & Algebra #2: What is (2 * 7) mod 12?,2,3,4,1,A,easy,Mathematics
2047,Discrete Math & Algebra #2: What is (3 * 7) mod 12?,10,11,8,9,D,easy,Mathematics
2048,Discrete Math & Algebra #2: What is (4 * 7) mod 12?,3,5,6,4,D,easy,Mathematics
2049,Discrete Math & Algebra #2: What is (5 * 7) mod 12?,1,0,11,10,C,easy,Mathematics
2050,Discrete Math & Algebra #2: What is (6 * 7) mod 12?,5,6,8,7,B,easy,Mathematics
2051,Discrete Math & Algebra #2: What is (2 * 7) mod 13?,0,2,3,1,D,easy,Mathematics
2052,Discrete Math & Algebra #2: What is (3 * 7) mod 13?,7,9,8,10,C,easy,Mathematics
2053,Discrete Math & Algebra #2: What is (4 * 7) mod 13?,3,2,4,1,B,easy,Mathematics
2054,Discrete Math & Algebra #2: What is (5 * 7) mod 13?,9,11,10,8,A,easy,Mathematics
2055,Discrete Math & Algebra #2: What is (6 * 7) mod 13?,4,3,5,2,B,easy,Mathematics
2056,Discrete Math & Algebra #2: What is (2 * 7) mod 14?,2,13,0,1,C,easy,Mathematics
2057,Discrete Math & Algebra #2: What is (3 * 7) mod 14?,9,8,7,6,C,easy,Mathematics
2058,Discrete Math & Algebra #2: What is (4 * 7) mod 14?,0,1,13,2,A,easy,Mathematics
2059,Discrete Math & Algebra #2: What is (5 * 7) mod 14?,8,9,7,6,C,easy,Mathematics
2060,Discrete Math & Algebra #3: What is (6 * 7) mod 14?,0,1,13,2,A,easy,Mathematics
2061,"Discrete Math & Algebra #3: What is the contrapositive of the conditional statement 'If P, then Q'?",P and not Q,"If not P, then not Q","If Q, then P","If not Q, then not P",D,easy,Mathematics
2062,"Discrete Math & Algebra #3: What is the converse of the conditional statement 'If P, then Q'?",Not P or Q,"If not P, then not Q","If Q, then P","If not Q, then not P",C,easy,Mathematics
2063,"Discrete Math & Algebra #3: According to De Morgan's Laws, what is ¬(P ∧ Q) equivalent to?",¬P ∧ ¬Q,¬P ∨ ¬Q,P ∨ Q,¬P → ¬Q,B,medium,Mathematics
2064,"Discrete Math & Algebra #3: According to De Morgan's Laws, what is ¬(P ∨ Q) equivalent to?",¬P ∧ ¬Q,¬P ∨ ¬Q,¬P → Q,P ∧ Q,A,medium,Mathematics
2065,Discrete Math & Algebra #3: How many subsets does a set with n elements have (cardinality of its power set)?,n!,n^2,2n,2^n,D,easy,Mathematics
2066,"Discrete Math & Algebra #3: If set A has 4 elements and set B has 3 elements, how many elements are in the Cartesian product A × B?",64,7,12,81,C,easy,Mathematics
2067,Discrete Math & Algebra #3: A relation R on a set A is an equivalence relation if it is:,Reflexive and symmetric only,"Irreflexive, symmetric, and transitive","Reflexive, symmetric, and transitive","Reflexive, antisymmetric, and transitive",C,medium,Mathematics
2068,"Discrete Math & Algebra #3: In an undirected graph, the Handshaking Lemma states that the sum of the degrees of all vertices equals:",2 * |V|,|V| - 1,2 * |E| (twice the number of edges),|E|,C,medium,Mathematics
2069,Discrete Math & Algebra #3: A connected undirected graph with V vertices is a tree if and only if it has how many edges?,V + 1,V - 1,V,2V - 1,B,easy,Mathematics
2070,Discrete Math & Algebra #3: What is the sum of the interior angles of a polygon with n sides?,(n - 2) * 180°,(n + 2) * 180°,n * 180°,(n - 1) * 180°,A,easy,Mathematics
2071,Discrete Math & Algebra #3: What is the quadratic formula used to solve ax^2 + bx + c = 0?,x = (b ± √(b^2 - 4ac)) / (2a),x = (-b ± √(b^2 + 4ac)) / (2a),x = (-b ± √(b - 4ac)) / a,x = (-b ± √(b^2 - 4ac)) / (2a),D,easy,Mathematics
2072,Discrete Math & Algebra #3: What is the discriminant of the quadratic equation ax^2 + bx + c = 0?,4ac - b^2,√(b^2 - 4ac),b^2 + 4ac,b^2 - 4ac,D,easy,Mathematics
2073,"Discrete Math & Algebra #3: If the discriminant b^2 - 4ac is greater than zero, what is the nature of the roots?",One repeated real root,Two complex conjugate roots,Two distinct real roots,No solution,C,easy,Mathematics
2074,"Discrete Math & Algebra #3: If the discriminant b^2 - 4ac is equal to zero, what is the nature of the roots?",Two distinct real roots,One repeated real root,Two complex roots,No real solution,B,easy,Mathematics
2075,Discrete Math & Algebra #3: What is log_b(x * y) equal to?,log_b(x) / log_b(y),log_b(x) - log_b(y),log_b(x) + log_b(y),log_b(x) * log_b(y),C,easy,Mathematics
2076,Discrete Math & Algebra #3: What is log_b(x^k) equal to?,log_b(k * x),k * log_b(x),(log_b(x))^k,log_b(x) + k,B,easy,Mathematics
2077,Discrete Math & Algebra #3: What is the value of log10(1000)?,2,3,10,100,B,easy,Mathematics
2078,Discrete Math & Algebra #3: What is the value of log2(64)?,32,6,8,5,B,easy,Mathematics
2079,Discrete Math & Algebra #3: What is the greatest common divisor (GCD) of 48 and 18?,12,3,2,6,D,easy,Mathematics
2080,Discrete Math & Algebra #3: What is the least common multiple (LCM) of 12 and 15?,45,30,60,180,C,easy,Mathematics
2081,Discrete Math & Algebra #3: What is (2 * 7) mod 3?,1,2,1,0,B,easy,Mathematics
2082,Discrete Math & Algebra #3: What is (3 * 7) mod 3?,2,1,2,0,D,easy,Mathematics
2083,Discrete Math & Algebra #3: What is (4 * 7) mod 3?,0,0,1,2,C,easy,Mathematics
2084,Discrete Math & Algebra #3: What is (5 * 7) mod 3?,2,1,0,1,A,easy,Mathematics
2085,Discrete Math & Algebra #3: What is (6 * 7) mod 3?,1,2,0,2,C,easy,Mathematics
2086,Discrete Math & Algebra #3: What is (2 * 7) mod 4?,3,1,2,0,C,easy,Mathematics
2087,Discrete Math & Algebra #3: What is (3 * 7) mod 4?,3,1,0,2,B,easy,Mathematics
2088,Discrete Math & Algebra #3: What is (4 * 7) mod 4?,2,3,1,0,D,easy,Mathematics
2089,Discrete Math & Algebra #3: What is (5 * 7) mod 4?,1,0,3,2,C,easy,Mathematics
2090,Discrete Math & Algebra #3: What is (6 * 7) mod 4?,0,2,1,3,B,easy,Mathematics
2091,Discrete Math & Algebra #3: What is (2 * 7) mod 5?,0,1,3,4,D,easy,Mathematics
2092,Discrete Math & Algebra #3: What is (3 * 7) mod 5?,2,3,1,0,C,easy,Mathematics
2093,Discrete Math & Algebra #3: What is (4 * 7) mod 5?,4,0,3,2,C,easy,Mathematics
2094,Discrete Math & Algebra #3: What is (5 * 7) mod 5?,1,2,4,0,D,easy,Mathematics
2095,Discrete Math & Algebra #3: What is (6 * 7) mod 5?,2,1,3,4,A,easy,Mathematics
2096,Discrete Math & Algebra #3: What is (2 * 7) mod 6?,1,4,2,3,C,easy,Mathematics
2097,Discrete Math & Algebra #3: What is (3 * 7) mod 6?,3,4,2,5,A,easy,Mathematics
2098,Discrete Math & Algebra #3: What is (4 * 7) mod 6?,5,0,4,3,C,easy,Mathematics
2099,Discrete Math & Algebra #3: What is (5 * 7) mod 6?,0,4,1,5,D,easy,Mathematics
2100,Discrete Math & Algebra #3: What is (6 * 7) mod 6?,1,0,2,5,B,easy,Mathematics
2101,Discrete Math & Algebra #3: What is (2 * 7) mod 7?,0,6,1,2,A,easy,Mathematics
2102,Discrete Math & Algebra #3: What is (3 * 7) mod 7?,1,6,2,0,D,easy,Mathematics
2103,Discrete Math & Algebra #3: What is (4 * 7) mod 7?,6,2,0,1,C,easy,Mathematics
2104,Discrete Math & Algebra #3: What is (5 * 7) mod 7?,1,0,6,2,B,easy,Mathematics
2105,Discrete Math & Algebra #3: What is (6 * 7) mod 7?,1,0,2,6,B,easy,Mathematics
2106,Discrete Math & Algebra #3: What is (2 * 7) mod 8?,7,5,6,0,C,easy,Mathematics
2107,Discrete Math & Algebra #3: What is (3 * 7) mod 8?,7,6,4,5,D,easy,Mathematics
2108,Discrete Math & Algebra #3: What is (4 * 7) mod 8?,5,6,4,3,C,easy,Mathematics
2109,Discrete Math & Algebra #3: What is (5 * 7) mod 8?,5,4,2,3,D,easy,Mathematics
2110,Discrete Math & Algebra #3: What is (6 * 7) mod 8?,1,3,2,4,C,easy,Mathematics
2111,Discrete Math & Algebra #3: What is (2 * 7) mod 9?,5,4,6,7,A,easy,Mathematics
2112,Discrete Math & Algebra #3: What is (3 * 7) mod 9?,4,5,2,3,D,easy,Mathematics
2113,Discrete Math & Algebra #3: What is (4 * 7) mod 9?,0,3,1,2,C,easy,Mathematics
2114,Discrete Math & Algebra #3: What is (5 * 7) mod 9?,0,8,1,7,B,easy,Mathematics
2115,Discrete Math & Algebra #3: What is (6 * 7) mod 9?,8,7,5,6,D,easy,Mathematics
2116,Discrete Math & Algebra #3: What is (2 * 7) mod 10?,3,4,5,6,B,easy,Mathematics
2117,Discrete Math & Algebra #3: What is (3 * 7) mod 10?,2,0,1,3,C,easy,Mathematics
2118,Discrete Math & Algebra #3: What is (4 * 7) mod 10?,9,7,8,0,C,easy,Mathematics
2119,Discrete Math & Algebra #3: What is (5 * 7) mod 10?,5,4,7,6,A,easy,Mathematics
2120,Discrete Math & Algebra #3: What is (6 * 7) mod 10?,4,2,1,3,B,easy,Mathematics
2121,Discrete Math & Algebra #3: What is (2 * 7) mod 11?,2,5,4,3,D,easy,Mathematics
2122,Discrete Math & Algebra #3: What is (3 * 7) mod 11?,1,9,0,10,D,easy,Mathematics
2123,Discrete Math & Algebra #3: What is (4 * 7) mod 11?,6,5,8,7,A,easy,Mathematics
2124,Discrete Math & Algebra #3: What is (5 * 7) mod 11?,2,4,1,3,A,easy,Mathematics
2125,Discrete Math & Algebra #3: What is (6 * 7) mod 11?,0,9,8,10,B,easy,Mathematics
2126,Discrete Math & Algebra #3: What is (2 * 7) mod 12?,1,2,3,4,B,easy,Mathematics
2127,Discrete Math & Algebra #3: What is (3 * 7) mod 12?,10,8,9,11,C,easy,Mathematics
2128,Discrete Math & Algebra #3: What is (4 * 7) mod 12?,6,3,5,4,D,easy,Mathematics
2129,Discrete Math & Algebra #3: What is (5 * 7) mod 12?,10,1,0,11,D,easy,Mathematics
2130,Discrete Math & Algebra #3: What is (6 * 7) mod 12?,8,7,6,5,C,easy,Mathematics
2131,Discrete Math & Algebra #3: What is (2 * 7) mod 13?,3,1,0,2,B,easy,Mathematics
2132,Discrete Math & Algebra #3: What is (3 * 7) mod 13?,7,8,10,9,B,easy,Mathematics
2133,Discrete Math & Algebra #3: What is (4 * 7) mod 13?,1,4,3,2,D,easy,Mathematics
2134,Discrete Math & Algebra #3: What is (5 * 7) mod 13?,9,8,11,10,A,easy,Mathematics
2135,Discrete Math & Algebra #3: What is (6 * 7) mod 13?,5,3,4,2,B,easy,Mathematics
2136,Discrete Math & Algebra #3: What is (2 * 7) mod 14?,1,0,2,13,B,easy,Mathematics
2137,Discrete Math & Algebra #3: What is (3 * 7) mod 14?,7,9,6,8,A,easy,Mathematics
2138,Discrete Math & Algebra #3: What is (4 * 7) mod 14?,13,0,2,1,B,easy,Mathematics
2139,Discrete Math & Algebra #3: What is (5 * 7) mod 14?,9,6,8,7,D,easy,Mathematics
2140,Discrete Math & Algebra #4: What is (6 * 7) mod 14?,2,13,1,0,D,easy,Mathematics
2141,"Discrete Math & Algebra #4: What is the contrapositive of the conditional statement 'If P, then Q'?","If not Q, then not P","If Q, then P","If not P, then not Q",P and not Q,A,easy,Mathematics
2142,"Discrete Math & Algebra #4: What is the converse of the conditional statement 'If P, then Q'?","If not Q, then not P","If Q, then P","If not P, then not Q",Not P or Q,B,easy,Mathematics
2143,"Discrete Math & Algebra #4: According to De Morgan's Laws, what is ¬(P ∧ Q) equivalent to?",P ∨ Q,¬P ∨ ¬Q,¬P ∧ ¬Q,¬P → ¬Q,B,medium,Mathematics
2144,"Discrete Math & Algebra #4: According to De Morgan's Laws, what is ¬(P ∨ Q) equivalent to?",¬P ∨ ¬Q,¬P → Q,P ∧ Q,¬P ∧ ¬Q,D,medium,Mathematics
2145,Discrete Math & Algebra #4: How many subsets does a set with n elements have (cardinality of its power set)?,n^2,2n,2^n,n!,C,easy,Mathematics
2146,"Discrete Math & Algebra #4: If set A has 4 elements and set B has 3 elements, how many elements are in the Cartesian product A × B?",81,12,7,64,B,easy,Mathematics
2147,Discrete Math & Algebra #4: A relation R on a set A is an equivalence relation if it is:,"Irreflexive, symmetric, and transitive","Reflexive, antisymmetric, and transitive",Reflexive and symmetric only,"Reflexive, symmetric, and transitive",D,medium,Mathematics
2148,"Discrete Math & Algebra #4: In an undirected graph, the Handshaking Lemma states that the sum of the degrees of all vertices equals:",2 * |V|,|E|,2 * |E| (twice the number of edges),|V| - 1,C,medium,Mathematics
2149,Discrete Math & Algebra #4: A connected undirected graph with V vertices is a tree if and only if it has how many edges?,2V - 1,V + 1,V,V - 1,D,easy,Mathematics
2150,Discrete Math & Algebra #4: What is the sum of the interior angles of a polygon with n sides?,(n - 2) * 180°,(n + 2) * 180°,(n - 1) * 180°,n * 180°,A,easy,Mathematics
2151,Discrete Math & Algebra #4: What is the quadratic formula used to solve ax^2 + bx + c = 0?,x = (-b ± √(b^2 - 4ac)) / (2a),x = (b ± √(b^2 - 4ac)) / (2a),x = (-b ± √(b - 4ac)) / a,x = (-b ± √(b^2 + 4ac)) / (2a),A,easy,Mathematics
2152,Discrete Math & Algebra #4: What is the discriminant of the quadratic equation ax^2 + bx + c = 0?,b^2 + 4ac,√(b^2 - 4ac),4ac - b^2,b^2 - 4ac,D,easy,Mathematics
2153,"Discrete Math & Algebra #4: If the discriminant b^2 - 4ac is greater than zero, what is the nature of the roots?",Two distinct real roots,One repeated real root,Two complex conjugate roots,No solution,A,easy,Mathematics
2154,"Discrete Math & Algebra #4: If the discriminant b^2 - 4ac is equal to zero, what is the nature of the roots?",No real solution,Two complex roots,Two distinct real roots,One repeated real root,D,easy,Mathematics
2155,Discrete Math & Algebra #4: What is log_b(x * y) equal to?,log_b(x) * log_b(y),log_b(x) + log_b(y),log_b(x) / log_b(y),log_b(x) - log_b(y),B,easy,Mathematics
2156,Discrete Math & Algebra #4: What is log_b(x^k) equal to?,(log_b(x))^k,log_b(x) + k,log_b(k * x),k * log_b(x),D,easy,Mathematics
2157,Discrete Math & Algebra #4: What is the value of log10(1000)?,100,2,10,3,D,easy,Mathematics
2158,Discrete Math & Algebra #4: What is the value of log2(64)?,8,5,32,6,D,easy,Mathematics
2159,Discrete Math & Algebra #4: What is the greatest common divisor (GCD) of 48 and 18?,2,6,12,3,B,easy,Mathematics
2160,Discrete Math & Algebra #4: What is the least common multiple (LCM) of 12 and 15?,45,60,30,180,B,easy,Mathematics
2161,Discrete Math & Algebra #4: What is (2 * 7) mod 3?,0,1,1,2,D,easy,Mathematics
2162,Discrete Math & Algebra #4: What is (3 * 7) mod 3?,2,0,2,1,B,easy,Mathematics
2163,Discrete Math & Algebra #4: What is (4 * 7) mod 3?,0,2,0,1,D,easy,Mathematics
2164,Discrete Math & Algebra #4: What is (5 * 7) mod 3?,1,2,1,0,B,easy,Mathematics
2165,Discrete Math & Algebra #4: What is (6 * 7) mod 3?,0,2,1,2,A,easy,Mathematics
2166,Discrete Math & Algebra #4: What is (2 * 7) mod 4?,0,2,3,1,B,easy,Mathematics
2167,Discrete Math & Algebra #4: What is (3 * 7) mod 4?,0,3,2,1,D,easy,Mathematics
2168,Discrete Math & Algebra #4: What is (4 * 7) mod 4?,2,0,1,3,B,easy,Mathematics
2169,Discrete Math & Algebra #4: What is (5 * 7) mod 4?,3,0,1,2,A,easy,Mathematics
2170,Discrete Math & Algebra #4: What is (6 * 7) mod 4?,2,3,0,1,A,easy,Mathematics
2171,Discrete Math & Algebra #4: What is (2 * 7) mod 5?,1,0,3,4,D,easy,Mathematics
2172,Discrete Math & Algebra #4: What is (3 * 7) mod 5?,3,2,0,1,D,easy,Mathematics
2173,Discrete Math & Algebra #4: What is (4 * 7) mod 5?,0,3,2,4,B,easy,Mathematics
2174,Discrete Math & Algebra #4: What is (5 * 7) mod 5?,2,1,4,0,D,easy,Mathematics
2175,Discrete Math & Algebra #4: What is (6 * 7) mod 5?,3,1,4,2,D,easy,Mathematics
2176,Discrete Math & Algebra #4: What is (2 * 7) mod 6?,3,4,2,1,C,easy,Mathematics
2177,Discrete Math & Algebra #4: What is (3 * 7) mod 6?,2,5,4,3,D,easy,Mathematics
2178,Discrete Math & Algebra #4: What is (4 * 7) mod 6?,4,0,3,5,A,easy,Mathematics
2179,Discrete Math & Algebra #4: What is (5 * 7) mod 6?,1,5,0,4,B,easy,Mathematics
2180,Discrete Math & Algebra #4: What is (6 * 7) mod 6?,1,5,0,2,C,easy,Mathematics
2181,Discrete Math & Algebra #4: What is (2 * 7) mod 7?,2,1,6,0,D,easy,Mathematics
2182,Discrete Math & Algebra #4: What is (3 * 7) mod 7?,0,1,2,6,A,easy,Mathematics
2183,Discrete Math & Algebra #4: What is (4 * 7) mod 7?,0,6,1,2,A,easy,Mathematics
2184,Discrete Math & Algebra #4: What is (5 * 7) mod 7?,2,0,1,6,B,easy,Mathematics
2185,Discrete Math & Algebra #4: What is (6 * 7) mod 7?,6,1,0,2,C,easy,Mathematics
2186,Discrete Math & Algebra #4: What is (2 * 7) mod 8?,6,0,5,7,A,easy,Mathematics
2187,Discrete Math & Algebra #4: What is (3 * 7) mod 8?,6,4,5,7,C,easy,Mathematics
2188,Discrete Math & Algebra #4: What is (4 * 7) mod 8?,4,3,5,6,A,easy,Mathematics
2189,Discrete Math & Algebra #4: What is (5 * 7) mod 8?,2,3,5,4,B,easy,Mathematics
2190,Discrete Math & Algebra #4: What is (6 * 7) mod 8?,3,1,2,4,C,easy,Mathematics
2191,Discrete Math & Algebra #4: What is (2 * 7) mod 9?,4,7,5,6,C,easy,Mathematics
2192,Discrete Math & Algebra #4: What is (3 * 7) mod 9?,5,4,2,3,D,easy,Mathematics
2193,Discrete Math & Algebra #4: What is (4 * 7) mod 9?,1,3,0,2,A,easy,Mathematics
2194,Discrete Math & Algebra #4: What is (5 * 7) mod 9?,0,7,8,1,C,easy,Mathematics
2195,Discrete Math & Algebra #4: What is (6 * 7) mod 9?,5,7,8,6,D,easy,Mathematics
2196,Discrete Math & Algebra #4: What is (2 * 7) mod 10?,3,5,4,6,C,easy,Mathematics
2197,Discrete Math & Algebra #4: What is (3 * 7) mod 10?,2,1,3,0,B,easy,Mathematics
2198,Discrete Math & Algebra #4: What is (4 * 7) mod 10?,9,7,8,0,C,easy,Mathematics
2199,Discrete Math & Algebra #4: What is (5 * 7) mod 10?,7,5,6,4,B,easy,Mathematics
2200,Discrete Math & Algebra #4: What is (6 * 7) mod 10?,4,2,3,1,B,easy,Mathematics
2201,What is Newton's First Law of Motion also known as?,Law of Universal Gravitation,Law of Acceleration,Law of Action and Reaction,Law of Inertia,D,easy,Science
2202,"According to Newton's Second Law, what is the formula for force?",F = m * a,F = 0.5 * m * a^2,F = m / a,F = m * v,A,easy,Science
2203,What is the SI unit of force?,Newton (N),Pascal (Pa),Watt (W),Joule (J),A,easy,Science
2204,What is the SI unit of work and energy?,Newton (N),Joule (J),Ampere (A),Watt (W),B,easy,Science
2205,What is the SI unit of power?,Joule (J),Volt (V),Watt (W),Coulomb (C),C,easy,Science
2206,What is the formula for the kinetic energy of an object of mass m moving at velocity v?,KE = m * v^2,KE = (1/2) * m^2 * v,KE = m * v,KE = (1/2) * m * v^2,D,easy,Science
2207,What is the formula for gravitational potential energy near Earth's surface?,PE = (1/2) * m * g * h,PE = m * g * h,PE = m * g * h^2,PE = m * g / h,B,easy,Science
2208,What is the approximate acceleration due to gravity on the surface of Earth?,10.8 m/s^2,9.8 m/s^2,8.9 m/s^2,6.67 m/s^2,B,easy,Science
2209,What is the mathematical equation for Ohm's Law?,V = I / R,R = V * I,V = I * R,I = V * R,C,easy,Science
2210,What is the SI unit of electrical resistance?,Volt (V),Ohm (Ω),Farad (F),Ampere (A),B,easy,Science
2211,What is the SI unit of electric current?,Ohm (Ω),Volt (V),Coulomb (C),Ampere (A),D,easy,Science
2212,What is the SI unit of electrical charge?,Joule (J),Ampere (A),Volt (V),Coulomb (C),D,easy,Science
2213,What is the speed of light in a vacuum (c) approximately?,3.0 x 10^8 m/s,1.5 x 10^8 m/s,3.0 x 10^10 m/s,3.0 x 10^6 m/s,A,easy,Science
2214,"Which law of thermodynamics states that energy cannot be created or destroyed, only transformed?",Zeroth Law of Thermodynamics,Second Law of Thermodynamics,Third Law of Thermodynamics,First Law of Thermodynamics (Conservation of Energy),D,easy,Science
2215,Which law of thermodynamics states that the total entropy of an isolated system always increases over time?,Third Law of Thermodynamics,First Law of Thermodynamics,Second Law of Thermodynamics,Zeroth Law of Thermodynamics,C,medium,Science
2216,"What is the formula relating wave speed (v), frequency (f), and wavelength (λ)?",v = f * λ,v = f^2 * λ,v = f / λ,v = λ / f,A,easy,Science
2217,What type of wave is sound in air?,Torsional wave,Electromagnetic wave,Transverse wave,Longitudinal wave,D,easy,Science
2218,What optical phenomenon causes a pencil to appear bent when partially submerged in water?,Refraction,Polarization,Reflection,Diffraction,A,easy,Science
2219,What law states that the angle of incidence equals the angle of reflection?,Brewster's Law,Snell's Law,Malus's Law,Law of Reflection,D,easy,Science
2220,What law describes the refraction of light at the boundary between two transparent media: n1 * sin(θ1) = n2 * sin(θ2)?,Snell's Law,Huygens' Principle,Brewster's Law,Fermat's Principle,A,medium,Science
2221,What is the formula for linear momentum p of an object of mass m and velocity v?,p = m * v,p = m * a,p = (1/2) * m * v^2,p = m / v,A,easy,Science
2222,What is the centripetal force required to keep an object of mass m moving in a circular path of radius r at velocity v?,Fc = m * v * r,Fc = m * v / r^2,Fc = (m * v^2) / r,Fc = (1/2) * m * v^2 * r,C,medium,Science
2223,Which fundamental force is responsible for holding the atomic nucleus together?,Electromagnetic Force,Gravitational Force,Strong Nuclear Force,Weak Nuclear Force,C,medium,Science
2224,What is the rate of doing work or transferring energy called?,Power,Force,Momentum,Torque,A,easy,Science
2225,Which device converts mechanical energy into electrical energy using electromagnetic induction?,Capacitor,Electric Motor,Transformer,Electric Generator,D,easy,Science
2226,A body of mass 2 kg travels at a velocity of 3 m/s. What is its kinetic energy?,1 Joules,19 Joules,18 Joules,9 Joules,D,easy,Science
2227,A body of mass 2 kg travels at a velocity of 4 m/s. What is its kinetic energy?,32 Joules,16 Joules,26 Joules,8 Joules,B,easy,Science
2228,A body of mass 2 kg travels at a velocity of 5 m/s. What is its kinetic energy?,35 Joules,25 Joules,17 Joules,50 Joules,B,easy,Science
2229,A body of mass 2 kg travels at a velocity of 6 m/s. What is its kinetic energy?,28 Joules,72 Joules,36 Joules,46 Joules,C,easy,Science
2230,A body of mass 2 kg travels at a velocity of 10 m/s. What is its kinetic energy?,100 Joules,110 Joules,200 Joules,92 Joules,A,medium,Science
2231,A body of mass 4 kg travels at a velocity of 3 m/s. What is its kinetic energy?,36 Joules,10 Joules,28 Joules,18 Joules,D,easy,Science
2232,A body of mass 4 kg travels at a velocity of 4 m/s. What is its kinetic energy?,32 Joules,42 Joules,24 Joules,64 Joules,A,easy,Science
2233,A body of mass 4 kg travels at a velocity of 5 m/s. What is its kinetic energy?,100 Joules,42 Joules,50 Joules,60 Joules,C,medium,Science
2234,A body of mass 4 kg travels at a velocity of 6 m/s. What is its kinetic energy?,72 Joules,64 Joules,144 Joules,82 Joules,A,medium,Science
2235,A body of mass 4 kg travels at a velocity of 10 m/s. What is its kinetic energy?,192 Joules,210 Joules,200 Joules,400 Joules,C,medium,Science
2236,A body of mass 6 kg travels at a velocity of 3 m/s. What is its kinetic energy?,19 Joules,37 Joules,27 Joules,54 Joules,C,easy,Science
2237,A body of mass 6 kg travels at a velocity of 4 m/s. What is its kinetic energy?,96 Joules,40 Joules,48 Joules,58 Joules,C,easy,Science
2238,A body of mass 6 kg travels at a velocity of 5 m/s. What is its kinetic energy?,150 Joules,75 Joules,85 Joules,67 Joules,B,medium,Science
2239,A body of mass 6 kg travels at a velocity of 6 m/s. What is its kinetic energy?,108 Joules,118 Joules,216 Joules,100 Joules,A,medium,Science
2240,A body of mass 6 kg travels at a velocity of 10 m/s. What is its kinetic energy?,300 Joules,292 Joules,310 Joules,600 Joules,A,medium,Science
2241,A body of mass 8 kg travels at a velocity of 3 m/s. What is its kinetic energy?,28 Joules,72 Joules,46 Joules,36 Joules,D,easy,Science
2242,A body of mass 8 kg travels at a velocity of 4 m/s. What is its kinetic energy?,74 Joules,128 Joules,64 Joules,56 Joules,C,medium,Science
2243,A body of mass 8 kg travels at a velocity of 5 m/s. What is its kinetic energy?,100 Joules,92 Joules,200 Joules,110 Joules,A,medium,Science
2244,A body of mass 8 kg travels at a velocity of 6 m/s. What is its kinetic energy?,136 Joules,144 Joules,288 Joules,154 Joules,B,medium,Science
2245,A body of mass 8 kg travels at a velocity of 10 m/s. What is its kinetic energy?,800 Joules,392 Joules,410 Joules,400 Joules,D,medium,Science
2246,A body of mass 10 kg travels at a velocity of 3 m/s. What is its kinetic energy?,45 Joules,55 Joules,37 Joules,90 Joules,A,easy,Science
2247,A body of mass 10 kg travels at a velocity of 4 m/s. What is its kinetic energy?,160 Joules,72 Joules,90 Joules,80 Joules,D,medium,Science
2248,A body of mass 10 kg travels at a velocity of 5 m/s. What is its kinetic energy?,135 Joules,250 Joules,117 Joules,125 Joules,D,medium,Science
2249,A body of mass 10 kg travels at a velocity of 6 m/s. What is its kinetic energy?,360 Joules,172 Joules,180 Joules,190 Joules,C,medium,Science
2250,A body of mass 10 kg travels at a velocity of 10 m/s. What is its kinetic energy?,500 Joules,1000 Joules,510 Joules,492 Joules,A,medium,Science
2251,Physics Exercise #2: What is Newton's First Law of Motion also known as?,Law of Inertia,Law of Acceleration,Law of Universal Gravitation,Law of Action and Reaction,A,easy,Science
2252,"Physics Exercise #2: According to Newton's Second Law, what is the formula for force?",F = 0.5 * m * a^2,F = m / a,F = m * v,F = m * a,D,easy,Science
2253,Physics Exercise #2: What is the SI unit of force?,Pascal (Pa),Watt (W),Newton (N),Joule (J),C,easy,Science
2254,Physics Exercise #2: What is the SI unit of work and energy?,Joule (J),Ampere (A),Newton (N),Watt (W),A,easy,Science
2255,Physics Exercise #2: What is the SI unit of power?,Volt (V),Watt (W),Joule (J),Coulomb (C),B,easy,Science
2256,Physics Exercise #2: What is the formula for the kinetic energy of an object of mass m moving at velocity v?,KE = m * v,KE = m * v^2,KE = (1/2) * m^2 * v,KE = (1/2) * m * v^2,D,easy,Science
2257,Physics Exercise #2: What is the formula for gravitational potential energy near Earth's surface?,PE = m * g / h,PE = m * g * h^2,PE = m * g * h,PE = (1/2) * m * g * h,C,easy,Science
2258,Physics Exercise #2: What is the approximate acceleration due to gravity on the surface of Earth?,10.8 m/s^2,9.8 m/s^2,8.9 m/s^2,6.67 m/s^2,B,easy,Science
2259,Physics Exercise #2: What is the mathematical equation for Ohm's Law?,V = I / R,I = V * R,R = V * I,V = I * R,D,easy,Science
2260,Physics Exercise #2: What is the SI unit of electrical resistance?,Ohm (Ω),Volt (V),Ampere (A),Farad (F),A,easy,Science
2261,Physics Exercise #2: What is the SI unit of electric current?,Coulomb (C),Volt (V),Ampere (A),Ohm (Ω),C,easy,Science
2262,Physics Exercise #2: What is the SI unit of electrical charge?,Joule (J),Ampere (A),Coulomb (C),Volt (V),C,easy,Science
2263,Physics Exercise #2: What is the speed of light in a vacuum (c) approximately?,3.0 x 10^6 m/s,3.0 x 10^10 m/s,1.5 x 10^8 m/s,3.0 x 10^8 m/s,D,easy,Science
2264,"Physics Exercise #2: Which law of thermodynamics states that energy cannot be created or destroyed, only transformed?",Zeroth Law of Thermodynamics,Third Law of Thermodynamics,First Law of Thermodynamics (Conservation of Energy),Second Law of Thermodynamics,C,easy,Science
2265,Physics Exercise #2: Which law of thermodynamics states that the total entropy of an isolated system always increases over time?,Third Law of Thermodynamics,Second Law of Thermodynamics,Zeroth Law of Thermodynamics,First Law of Thermodynamics,B,medium,Science
2266,"Physics Exercise #2: What is the formula relating wave speed (v), frequency (f), and wavelength (λ)?",v = f^2 * λ,v = λ / f,v = f * λ,v = f / λ,C,easy,Science
2267,Physics Exercise #2: What type of wave is sound in air?,Transverse wave,Longitudinal wave,Electromagnetic wave,Torsional wave,B,easy,Science
2268,Physics Exercise #2: What optical phenomenon causes a pencil to appear bent when partially submerged in water?,Diffraction,Reflection,Polarization,Refraction,D,easy,Science
2269,Physics Exercise #2: What law states that the angle of incidence equals the angle of reflection?,Snell's Law,Brewster's Law,Law of Reflection,Malus's Law,C,easy,Science
2270,Physics Exercise #2: What law describes the refraction of light at the boundary between two transparent media: n1 * sin(θ1) = n2 * sin(θ2)?,Brewster's Law,Huygens' Principle,Fermat's Principle,Snell's Law,D,medium,Science
2271,Physics Exercise #2: What is the formula for linear momentum p of an object of mass m and velocity v?,p = (1/2) * m * v^2,p = m / v,p = m * v,p = m * a,C,easy,Science
2272,Physics Exercise #2: What is the centripetal force required to keep an object of mass m moving in a circular path of radius r at velocity v?,Fc = m * v / r^2,Fc = m * v * r,Fc = (1/2) * m * v^2 * r,Fc = (m * v^2) / r,D,medium,Science
2273,Physics Exercise #2: Which fundamental force is responsible for holding the atomic nucleus together?,Weak Nuclear Force,Electromagnetic Force,Gravitational Force,Strong Nuclear Force,D,medium,Science
2274,Physics Exercise #2: What is the rate of doing work or transferring energy called?,Torque,Power,Momentum,Force,B,easy,Science
2275,Physics Exercise #2: Which device converts mechanical energy into electrical energy using electromagnetic induction?,Electric Generator,Capacitor,Transformer,Electric Motor,A,easy,Science
2276,Physics Exercise #2: A body of mass 2 kg travels at a velocity of 3 m/s. What is its kinetic energy?,19 Joules,1 Joules,18 Joules,9 Joules,D,easy,Science
2277,Physics Exercise #2: A body of mass 2 kg travels at a velocity of 4 m/s. What is its kinetic energy?,16 Joules,26 Joules,32 Joules,8 Joules,A,easy,Science
2278,Physics Exercise #2: A body of mass 2 kg travels at a velocity of 5 m/s. What is its kinetic energy?,35 Joules,50 Joules,25 Joules,17 Joules,C,easy,Science
2279,Physics Exercise #2: A body of mass 2 kg travels at a velocity of 6 m/s. What is its kinetic energy?,46 Joules,28 Joules,72 Joules,36 Joules,D,easy,Science
2280,Physics Exercise #2: A body of mass 2 kg travels at a velocity of 10 m/s. What is its kinetic energy?,200 Joules,100 Joules,92 Joules,110 Joules,B,medium,Science
2281,Physics Exercise #2: A body of mass 4 kg travels at a velocity of 3 m/s. What is its kinetic energy?,28 Joules,36 Joules,18 Joules,10 Joules,C,easy,Science
2282,Physics Exercise #2: A body of mass 4 kg travels at a velocity of 4 m/s. What is its kinetic energy?,24 Joules,42 Joules,64 Joules,32 Joules,D,easy,Science
2283,Physics Exercise #2: A body of mass 4 kg travels at a velocity of 5 m/s. What is its kinetic energy?,60 Joules,50 Joules,100 Joules,42 Joules,B,medium,Science
2284,Physics Exercise #2: A body of mass 4 kg travels at a velocity of 6 m/s. What is its kinetic energy?,82 Joules,72 Joules,64 Joules,144 Joules,B,medium,Science
2285,Physics Exercise #2: A body of mass 4 kg travels at a velocity of 10 m/s. What is its kinetic energy?,200 Joules,192 Joules,400 Joules,210 Joules,A,medium,Science
2286,Physics Exercise #2: A body of mass 6 kg travels at a velocity of 3 m/s. What is its kinetic energy?,37 Joules,19 Joules,27 Joules,54 Joules,C,easy,Science
2287,Physics Exercise #2: A body of mass 6 kg travels at a velocity of 4 m/s. What is its kinetic energy?,40 Joules,58 Joules,48 Joules,96 Joules,C,easy,Science
2288,Physics Exercise #2: A body of mass 6 kg travels at a velocity of 5 m/s. What is its kinetic energy?,67 Joules,150 Joules,85 Joules,75 Joules,D,medium,Science
2289,Physics Exercise #2: A body of mass 6 kg travels at a velocity of 6 m/s. What is its kinetic energy?,108 Joules,100 Joules,216 Joules,118 Joules,A,medium,Science
2290,Physics Exercise #2: A body of mass 6 kg travels at a velocity of 10 m/s. What is its kinetic energy?,310 Joules,300 Joules,600 Joules,292 Joules,B,medium,Science
2291,Physics Exercise #2: A body of mass 8 kg travels at a velocity of 3 m/s. What is its kinetic energy?,72 Joules,28 Joules,46 Joules,36 Joules,D,easy,Science
2292,Physics Exercise #2: A body of mass 8 kg travels at a velocity of 4 m/s. What is its kinetic energy?,128 Joules,56 Joules,74 Joules,64 Joules,D,medium,Science
2293,Physics Exercise #2: A body of mass 8 kg travels at a velocity of 5 m/s. What is its kinetic energy?,100 Joules,110 Joules,92 Joules,200 Joules,A,medium,Science
2294,Physics Exercise #2: A body of mass 8 kg travels at a velocity of 6 m/s. What is its kinetic energy?,136 Joules,154 Joules,144 Joules,288 Joules,C,medium,Science
2295,Physics Exercise #2: A body of mass 8 kg travels at a velocity of 10 m/s. What is its kinetic energy?,800 Joules,400 Joules,410 Joules,392 Joules,B,medium,Science
2296,Physics Exercise #2: A body of mass 10 kg travels at a velocity of 3 m/s. What is its kinetic energy?,90 Joules,37 Joules,55 Joules,45 Joules,D,easy,Science
2297,Physics Exercise #2: A body of mass 10 kg travels at a velocity of 4 m/s. What is its kinetic energy?,72 Joules,160 Joules,80 Joules,90 Joules,C,medium,Science
2298,Physics Exercise #2: A body of mass 10 kg travels at a velocity of 5 m/s. What is its kinetic energy?,250 Joules,117 Joules,135 Joules,125 Joules,D,medium,Science
2299,Physics Exercise #2: A body of mass 10 kg travels at a velocity of 6 m/s. What is its kinetic energy?,190 Joules,172 Joules,360 Joules,180 Joules,D,medium,Science
2300,Physics Exercise #3: A body of mass 10 kg travels at a velocity of 10 m/s. What is its kinetic energy?,492 Joules,500 Joules,510 Joules,1000 Joules,B,medium,Science
2301,Physics Exercise #3: What is Newton's First Law of Motion also known as?,Law of Action and Reaction,Law of Universal Gravitation,Law of Inertia,Law of Acceleration,C,easy,Science
2302,"Physics Exercise #3: According to Newton's Second Law, what is the formula for force?",F = m * v,F = m * a,F = 0.5 * m * a^2,F = m / a,B,easy,Science
2303,Physics Exercise #3: What is the SI unit of force?,Joule (J),Watt (W),Newton (N),Pascal (Pa),C,easy,Science
2304,Physics Exercise #3: What is the SI unit of work and energy?,Joule (J),Newton (N),Watt (W),Ampere (A),A,easy,Science
2305,Physics Exercise #3: What is the SI unit of power?,Watt (W),Joule (J),Coulomb (C),Volt (V),A,easy,Science
2306,Physics Exercise #3: What is the formula for the kinetic energy of an object of mass m moving at velocity v?,KE = (1/2) * m * v^2,KE = m * v^2,KE = m * v,KE = (1/2) * m^2 * v,A,easy,Science
2307,Physics Exercise #3: What is the formula for gravitational potential energy near Earth's surface?,PE = m * g * h,PE = m * g * h^2,PE = (1/2) * m * g * h,PE = m * g / h,A,easy,Science
2308,Physics Exercise #3: What is the approximate acceleration due to gravity on the surface of Earth?,10.8 m/s^2,9.8 m/s^2,6.67 m/s^2,8.9 m/s^2,B,easy,Science
2309,Physics Exercise #3: What is the mathematical equation for Ohm's Law?,R = V * I,I = V * R,V = I / R,V = I * R,D,easy,Science
2310,Physics Exercise #3: What is the SI unit of electrical resistance?,Ampere (A),Volt (V),Ohm (Ω),Farad (F),C,easy,Science
2311,Physics Exercise #3: What is the SI unit of electric current?,Volt (V),Ohm (Ω),Coulomb (C),Ampere (A),D,easy,Science
2312,Physics Exercise #3: What is the SI unit of electrical charge?,Volt (V),Joule (J),Ampere (A),Coulomb (C),D,easy,Science
2313,Physics Exercise #3: What is the speed of light in a vacuum (c) approximately?,3.0 x 10^8 m/s,1.5 x 10^8 m/s,3.0 x 10^10 m/s,3.0 x 10^6 m/s,A,easy,Science
2314,"Physics Exercise #3: Which law of thermodynamics states that energy cannot be created or destroyed, only transformed?",Third Law of Thermodynamics,First Law of Thermodynamics (Conservation of Energy),Zeroth Law of Thermodynamics,Second Law of Thermodynamics,B,easy,Science
2315,Physics Exercise #3: Which law of thermodynamics states that the total entropy of an isolated system always increases over time?,Zeroth Law of Thermodynamics,First Law of Thermodynamics,Third Law of Thermodynamics,Second Law of Thermodynamics,D,medium,Science
2316,"Physics Exercise #3: What is the formula relating wave speed (v), frequency (f), and wavelength (λ)?",v = λ / f,v = f / λ,v = f * λ,v = f^2 * λ,C,easy,Science
2317,Physics Exercise #3: What type of wave is sound in air?,Longitudinal wave,Electromagnetic wave,Transverse wave,Torsional wave,A,easy,Science
2318,Physics Exercise #3: What optical phenomenon causes a pencil to appear bent when partially submerged in water?,Reflection,Refraction,Polarization,Diffraction,B,easy,Science
2319,Physics Exercise #3: What law states that the angle of incidence equals the angle of reflection?,Brewster's Law,Malus's Law,Snell's Law,Law of Reflection,D,easy,Science
2320,Physics Exercise #3: What law describes the refraction of light at the boundary between two transparent media: n1 * sin(θ1) = n2 * sin(θ2)?,Snell's Law,Huygens' Principle,Brewster's Law,Fermat's Principle,A,medium,Science
2321,Physics Exercise #3: What is the formula for linear momentum p of an object of mass m and velocity v?,p = m * v,p = (1/2) * m * v^2,p = m / v,p = m * a,A,easy,Science
2322,Physics Exercise #3: What is the centripetal force required to keep an object of mass m moving in a circular path of radius r at velocity v?,Fc = m * v * r,Fc = m * v / r^2,Fc = (1/2) * m * v^2 * r,Fc = (m * v^2) / r,D,medium,Science
2323,Physics Exercise #3: Which fundamental force is responsible for holding the atomic nucleus together?,Weak Nuclear Force,Strong Nuclear Force,Gravitational Force,Electromagnetic Force,B,medium,Science
2324,Physics Exercise #3: What is the rate of doing work or transferring energy called?,Momentum,Power,Force,Torque,B,easy,Science
2325,Physics Exercise #3: Which device converts mechanical energy into electrical energy using electromagnetic induction?,Electric Generator,Electric Motor,Capacitor,Transformer,A,easy,Science
2326,Physics Exercise #3: A body of mass 2 kg travels at a velocity of 3 m/s. What is its kinetic energy?,1 Joules,19 Joules,9 Joules,18 Joules,C,easy,Science
2327,Physics Exercise #3: A body of mass 2 kg travels at a velocity of 4 m/s. What is its kinetic energy?,8 Joules,16 Joules,26 Joules,32 Joules,B,easy,Science
2328,Physics Exercise #3: A body of mass 2 kg travels at a velocity of 5 m/s. What is its kinetic energy?,50 Joules,17 Joules,35 Joules,25 Joules,D,easy,Science
2329,Physics Exercise #3: A body of mass 2 kg travels at a velocity of 6 m/s. What is its kinetic energy?,36 Joules,46 Joules,28 Joules,72 Joules,A,easy,Science
2330,Physics Exercise #3: A body of mass 2 kg travels at a velocity of 10 m/s. What is its kinetic energy?,100 Joules,200 Joules,110 Joules,92 Joules,A,medium,Science
2331,Physics Exercise #3: A body of mass 4 kg travels at a velocity of 3 m/s. What is its kinetic energy?,28 Joules,10 Joules,36 Joules,18 Joules,D,easy,Science
2332,Physics Exercise #3: A body of mass 4 kg travels at a velocity of 4 m/s. What is its kinetic energy?,32 Joules,24 Joules,64 Joules,42 Joules,A,easy,Science
2333,Physics Exercise #3: A body of mass 4 kg travels at a velocity of 5 m/s. What is its kinetic energy?,100 Joules,60 Joules,42 Joules,50 Joules,D,medium,Science
2334,Physics Exercise #3: A body of mass 4 kg travels at a velocity of 6 m/s. What is its kinetic energy?,64 Joules,82 Joules,72 Joules,144 Joules,C,medium,Science
2335,Physics Exercise #3: A body of mass 4 kg travels at a velocity of 10 m/s. What is its kinetic energy?,200 Joules,400 Joules,210 Joules,192 Joules,A,medium,Science
2336,Physics Exercise #3: A body of mass 6 kg travels at a velocity of 3 m/s. What is its kinetic energy?,37 Joules,54 Joules,27 Joules,19 Joules,C,easy,Science
2337,Physics Exercise #3: A body of mass 6 kg travels at a velocity of 4 m/s. What is its kinetic energy?,40 Joules,96 Joules,48 Joules,58 Joules,C,easy,Science
2338,Physics Exercise #3: A body of mass 6 kg travels at a velocity of 5 m/s. What is its kinetic energy?,85 Joules,150 Joules,67 Joules,75 Joules,D,medium,Science
2339,Physics Exercise #3: A body of mass 6 kg travels at a velocity of 6 m/s. What is its kinetic energy?,216 Joules,118 Joules,108 Joules,100 Joules,C,medium,Science
2340,Physics Exercise #3: A body of mass 6 kg travels at a velocity of 10 m/s. What is its kinetic energy?,292 Joules,600 Joules,300 Joules,310 Joules,C,medium,Science
2341,Physics Exercise #3: A body of mass 8 kg travels at a velocity of 3 m/s. What is its kinetic energy?,72 Joules,28 Joules,46 Joules,36 Joules,D,easy,Science
2342,Physics Exercise #3: A body of mass 8 kg travels at a velocity of 4 m/s. What is its kinetic energy?,56 Joules,64 Joules,74 Joules,128 Joules,B,medium,Science
2343,Physics Exercise #3: A body of mass 8 kg travels at a velocity of 5 m/s. What is its kinetic energy?,110 Joules,100 Joules,92 Joules,200 Joules,B,medium,Science
2344,Physics Exercise #3: A body of mass 8 kg travels at a velocity of 6 m/s. What is its kinetic energy?,144 Joules,288 Joules,154 Joules,136 Joules,A,medium,Science
2345,Physics Exercise #3: A body of mass 8 kg travels at a velocity of 10 m/s. What is its kinetic energy?,410 Joules,400 Joules,800 Joules,392 Joules,B,medium,Science
2346,Physics Exercise #3: A body of mass 10 kg travels at a velocity of 3 m/s. What is its kinetic energy?,55 Joules,37 Joules,45 Joules,90 Joules,C,easy,Science
2347,Physics Exercise #3: A body of mass 10 kg travels at a velocity of 4 m/s. What is its kinetic energy?,80 Joules,160 Joules,90 Joules,72 Joules,A,medium,Science
2348,Physics Exercise #3: A body of mass 10 kg travels at a velocity of 5 m/s. What is its kinetic energy?,125 Joules,250 Joules,117 Joules,135 Joules,A,medium,Science
2349,Physics Exercise #3: A body of mass 10 kg travels at a velocity of 6 m/s. What is its kinetic energy?,360 Joules,180 Joules,190 Joules,172 Joules,B,medium,Science
2350,Physics Exercise #4: A body of mass 10 kg travels at a velocity of 10 m/s. What is its kinetic energy?,510 Joules,500 Joules,492 Joules,1000 Joules,B,medium,Science
2351,Physics Exercise #4: What is Newton's First Law of Motion also known as?,Law of Inertia,Law of Action and Reaction,Law of Universal Gravitation,Law of Acceleration,A,easy,Science
2352,"Physics Exercise #4: According to Newton's Second Law, what is the formula for force?",F = 0.5 * m * a^2,F = m * v,F = m / a,F = m * a,D,easy,Science
2353,Physics Exercise #4: What is the SI unit of force?,Pascal (Pa),Newton (N),Watt (W),Joule (J),B,easy,Science
2354,Physics Exercise #4: What is the SI unit of work and energy?,Ampere (A),Newton (N),Watt (W),Joule (J),D,easy,Science
2355,Physics Exercise #4: What is the SI unit of power?,Coulomb (C),Joule (J),Watt (W),Volt (V),C,easy,Science
2356,Physics Exercise #4: What is the formula for the kinetic energy of an object of mass m moving at velocity v?,KE = m * v^2,KE = m * v,KE = (1/2) * m * v^2,KE = (1/2) * m^2 * v,C,easy,Science
2357,Physics Exercise #4: What is the formula for gravitational potential energy near Earth's surface?,PE = m * g / h,PE = (1/2) * m * g * h,PE = m * g * h^2,PE = m * g * h,D,easy,Science
2358,Physics Exercise #4: What is the approximate acceleration due to gravity on the surface of Earth?,9.8 m/s^2,6.67 m/s^2,8.9 m/s^2,10.8 m/s^2,A,easy,Science
2359,Physics Exercise #4: What is the mathematical equation for Ohm's Law?,V = I * R,I = V * R,R = V * I,V = I / R,A,easy,Science
2360,Physics Exercise #4: What is the SI unit of electrical resistance?,Ohm (Ω),Ampere (A),Farad (F),Volt (V),A,easy,Science
2361,Physics Exercise #4: What is the SI unit of electric current?,Coulomb (C),Ohm (Ω),Ampere (A),Volt (V),C,easy,Science
2362,Physics Exercise #4: What is the SI unit of electrical charge?,Volt (V),Ampere (A),Coulomb (C),Joule (J),C,easy,Science
2363,Physics Exercise #4: What is the speed of light in a vacuum (c) approximately?,3.0 x 10^8 m/s,3.0 x 10^6 m/s,3.0 x 10^10 m/s,1.5 x 10^8 m/s,A,easy,Science
2364,"Physics Exercise #4: Which law of thermodynamics states that energy cannot be created or destroyed, only transformed?",Second Law of Thermodynamics,Zeroth Law of Thermodynamics,Third Law of Thermodynamics,First Law of Thermodynamics (Conservation of Energy),D,easy,Science
2365,Physics Exercise #4: Which law of thermodynamics states that the total entropy of an isolated system always increases over time?,Zeroth Law of Thermodynamics,Second Law of Thermodynamics,First Law of Thermodynamics,Third Law of Thermodynamics,B,medium,Science
2366,"Physics Exercise #4: What is the formula relating wave speed (v), frequency (f), and wavelength (λ)?",v = λ / f,v = f^2 * λ,v = f * λ,v = f / λ,C,easy,Science
2367,Physics Exercise #4: What type of wave is sound in air?,Longitudinal wave,Electromagnetic wave,Transverse wave,Torsional wave,A,easy,Science
2368,Physics Exercise #4: What optical phenomenon causes a pencil to appear bent when partially submerged in water?,Reflection,Polarization,Diffraction,Refraction,D,easy,Science
2369,Physics Exercise #4: What law states that the angle of incidence equals the angle of reflection?,Law of Reflection,Brewster's Law,Snell's Law,Malus's Law,A,easy,Science
2370,Physics Exercise #4: What law describes the refraction of light at the boundary between two transparent media: n1 * sin(θ1) = n2 * sin(θ2)?,Huygens' Principle,Snell's Law,Fermat's Principle,Brewster's Law,B,medium,Science
2371,Physics Exercise #4: What is the formula for linear momentum p of an object of mass m and velocity v?,p = m / v,p = (1/2) * m * v^2,p = m * v,p = m * a,C,easy,Science
2372,Physics Exercise #4: What is the centripetal force required to keep an object of mass m moving in a circular path of radius r at velocity v?,Fc = (1/2) * m * v^2 * r,Fc = m * v / r^2,Fc = (m * v^2) / r,Fc = m * v * r,C,medium,Science
2373,Physics Exercise #4: Which fundamental force is responsible for holding the atomic nucleus together?,Strong Nuclear Force,Electromagnetic Force,Gravitational Force,Weak Nuclear Force,A,medium,Science
2374,Physics Exercise #4: What is the rate of doing work or transferring energy called?,Power,Force,Momentum,Torque,A,easy,Science
2375,Physics Exercise #4: Which device converts mechanical energy into electrical energy using electromagnetic induction?,Electric Motor,Electric Generator,Transformer,Capacitor,B,easy,Science
2376,Physics Exercise #4: A body of mass 2 kg travels at a velocity of 3 m/s. What is its kinetic energy?,1 Joules,18 Joules,9 Joules,19 Joules,C,easy,Science
2377,Physics Exercise #4: A body of mass 2 kg travels at a velocity of 4 m/s. What is its kinetic energy?,8 Joules,32 Joules,16 Joules,26 Joules,C,easy,Science
2378,Physics Exercise #4: A body of mass 2 kg travels at a velocity of 5 m/s. What is its kinetic energy?,35 Joules,25 Joules,50 Joules,17 Joules,B,easy,Science
2379,Physics Exercise #4: A body of mass 2 kg travels at a velocity of 6 m/s. What is its kinetic energy?,72 Joules,46 Joules,28 Joules,36 Joules,D,easy,Science
2380,Physics Exercise #4: A body of mass 2 kg travels at a velocity of 10 m/s. What is its kinetic energy?,110 Joules,92 Joules,200 Joules,100 Joules,D,medium,Science
2381,Physics Exercise #4: A body of mass 4 kg travels at a velocity of 3 m/s. What is its kinetic energy?,18 Joules,28 Joules,36 Joules,10 Joules,A,easy,Science
2382,Physics Exercise #4: A body of mass 4 kg travels at a velocity of 4 m/s. What is its kinetic energy?,64 Joules,24 Joules,42 Joules,32 Joules,D,easy,Science
2383,Physics Exercise #4: A body of mass 4 kg travels at a velocity of 5 m/s. What is its kinetic energy?,42 Joules,100 Joules,60 Joules,50 Joules,D,medium,Science
2384,Physics Exercise #4: A body of mass 4 kg travels at a velocity of 6 m/s. What is its kinetic energy?,144 Joules,64 Joules,72 Joules,82 Joules,C,medium,Science
2385,Physics Exercise #4: A body of mass 4 kg travels at a velocity of 10 m/s. What is its kinetic energy?,400 Joules,200 Joules,210 Joules,192 Joules,B,medium,Science
2386,Physics Exercise #4: A body of mass 6 kg travels at a velocity of 3 m/s. What is its kinetic energy?,54 Joules,27 Joules,19 Joules,37 Joules,B,easy,Science
2387,Physics Exercise #4: A body of mass 6 kg travels at a velocity of 4 m/s. What is its kinetic energy?,48 Joules,96 Joules,58 Joules,40 Joules,A,easy,Science
2388,Physics Exercise #4: A body of mass 6 kg travels at a velocity of 5 m/s. What is its kinetic energy?,67 Joules,75 Joules,150 Joules,85 Joules,B,medium,Science
2389,Physics Exercise #4: A body of mass 6 kg travels at a velocity of 6 m/s. What is its kinetic energy?,216 Joules,100 Joules,108 Joules,118 Joules,C,medium,Science
2390,Physics Exercise #4: A body of mass 6 kg travels at a velocity of 10 m/s. What is its kinetic energy?,300 Joules,292 Joules,600 Joules,310 Joules,A,medium,Science
2391,Physics Exercise #4: A body of mass 8 kg travels at a velocity of 3 m/s. What is its kinetic energy?,28 Joules,36 Joules,46 Joules,72 Joules,B,easy,Science
2392,Physics Exercise #4: A body of mass 8 kg travels at a velocity of 4 m/s. What is its kinetic energy?,64 Joules,74 Joules,56 Joules,128 Joules,A,medium,Science
2393,Physics Exercise #4: A body of mass 8 kg travels at a velocity of 5 m/s. What is its kinetic energy?,200 Joules,92 Joules,110 Joules,100 Joules,D,medium,Science
2394,Physics Exercise #4: A body of mass 8 kg travels at a velocity of 6 m/s. What is its kinetic energy?,154 Joules,144 Joules,136 Joules,288 Joules,B,medium,Science
2395,Physics Exercise #4: A body of mass 8 kg travels at a velocity of 10 m/s. What is its kinetic energy?,800 Joules,410 Joules,400 Joules,392 Joules,C,medium,Science
2396,Physics Exercise #4: A body of mass 10 kg travels at a velocity of 3 m/s. What is its kinetic energy?,45 Joules,55 Joules,37 Joules,90 Joules,A,easy,Science
2397,Physics Exercise #4: A body of mass 10 kg travels at a velocity of 4 m/s. What is its kinetic energy?,90 Joules,160 Joules,80 Joules,72 Joules,C,medium,Science
2398,Physics Exercise #4: A body of mass 10 kg travels at a velocity of 5 m/s. What is its kinetic energy?,135 Joules,250 Joules,117 Joules,125 Joules,D,medium,Science
2399,Physics Exercise #4: A body of mass 10 kg travels at a velocity of 6 m/s. What is its kinetic energy?,180 Joules,190 Joules,360 Joules,172 Joules,A,medium,Science
2400,Physics Exercise #5: A body of mass 10 kg travels at a velocity of 10 m/s. What is its kinetic energy?,500 Joules,510 Joules,1000 Joules,492 Joules,A,medium,Science
2401,Physics Exercise #5: What is Newton's First Law of Motion also known as?,Law of Acceleration,Law of Universal Gravitation,Law of Action and Reaction,Law of Inertia,D,easy,Science
2402,"Physics Exercise #5: According to Newton's Second Law, what is the formula for force?",F = m * v,F = m * a,F = m / a,F = 0.5 * m * a^2,B,easy,Science
2403,Physics Exercise #5: What is the SI unit of force?,Newton (N),Watt (W),Joule (J),Pascal (Pa),A,easy,Science
2404,Physics Exercise #5: What is the SI unit of work and energy?,Watt (W),Newton (N),Ampere (A),Joule (J),D,easy,Science
2405,Physics Exercise #5: What is the SI unit of power?,Volt (V),Coulomb (C),Watt (W),Joule (J),C,easy,Science
2406,Physics Exercise #5: What is the formula for the kinetic energy of an object of mass m moving at velocity v?,KE = (1/2) * m * v^2,KE = m * v,KE = (1/2) * m^2 * v,KE = m * v^2,A,easy,Science
2407,Physics Exercise #5: What is the formula for gravitational potential energy near Earth's surface?,PE = m * g * h^2,PE = m * g / h,PE = (1/2) * m * g * h,PE = m * g * h,D,easy,Science
2408,Physics Exercise #5: What is the approximate acceleration due to gravity on the surface of Earth?,9.8 m/s^2,10.8 m/s^2,8.9 m/s^2,6.67 m/s^2,A,easy,Science
2409,Physics Exercise #5: What is the mathematical equation for Ohm's Law?,V = I * R,V = I / R,R = V * I,I = V * R,A,easy,Science
2410,Physics Exercise #5: What is the SI unit of electrical resistance?,Volt (V),Ampere (A),Farad (F),Ohm (Ω),D,easy,Science
2411,Physics Exercise #5: What is the SI unit of electric current?,Coulomb (C),Ohm (Ω),Volt (V),Ampere (A),D,easy,Science
2412,Physics Exercise #5: What is the SI unit of electrical charge?,Joule (J),Coulomb (C),Ampere (A),Volt (V),B,easy,Science
2413,Physics Exercise #5: What is the speed of light in a vacuum (c) approximately?,3.0 x 10^6 m/s,3.0 x 10^10 m/s,1.5 x 10^8 m/s,3.0 x 10^8 m/s,D,easy,Science
2414,"Physics Exercise #5: Which law of thermodynamics states that energy cannot be created or destroyed, only transformed?",Second Law of Thermodynamics,First Law of Thermodynamics (Conservation of Energy),Third Law of Thermodynamics,Zeroth Law of Thermodynamics,B,easy,Science
2415,Physics Exercise #5: Which law of thermodynamics states that the total entropy of an isolated system always increases over time?,Third Law of Thermodynamics,Zeroth Law of Thermodynamics,First Law of Thermodynamics,Second Law of Thermodynamics,D,medium,Science
2416,"Physics Exercise #5: What is the formula relating wave speed (v), frequency (f), and wavelength (λ)?",v = f^2 * λ,v = f * λ,v = f / λ,v = λ / f,B,easy,Science
2417,Physics Exercise #5: What type of wave is sound in air?,Transverse wave,Electromagnetic wave,Torsional wave,Longitudinal wave,D,easy,Science
2418,Physics Exercise #5: What optical phenomenon causes a pencil to appear bent when partially submerged in water?,Refraction,Polarization,Diffraction,Reflection,A,easy,Science
2419,Physics Exercise #5: What law states that the angle of incidence equals the angle of reflection?,Law of Reflection,Malus's Law,Snell's Law,Brewster's Law,A,easy,Science
2420,Physics Exercise #5: What law describes the refraction of light at the boundary between two transparent media: n1 * sin(θ1) = n2 * sin(θ2)?,Huygens' Principle,Snell's Law,Fermat's Principle,Brewster's Law,B,medium,Science
2421,Physics Exercise #5: What is the formula for linear momentum p of an object of mass m and velocity v?,p = m * a,p = m * v,p = m / v,p = (1/2) * m * v^2,B,easy,Science
2422,Physics Exercise #5: What is the centripetal force required to keep an object of mass m moving in a circular path of radius r at velocity v?,Fc = (1/2) * m * v^2 * r,Fc = m * v / r^2,Fc = m * v * r,Fc = (m * v^2) / r,D,medium,Science
2423,Physics Exercise #5: Which fundamental force is responsible for holding the atomic nucleus together?,Strong Nuclear Force,Electromagnetic Force,Gravitational Force,Weak Nuclear Force,A,medium,Science
2424,Physics Exercise #5: What is the rate of doing work or transferring energy called?,Torque,Momentum,Power,Force,C,easy,Science
2425,Physics Exercise #5: Which device converts mechanical energy into electrical energy using electromagnetic induction?,Transformer,Capacitor,Electric Generator,Electric Motor,C,easy,Science
2426,Physics Exercise #5: A body of mass 2 kg travels at a velocity of 3 m/s. What is its kinetic energy?,1 Joules,9 Joules,18 Joules,19 Joules,B,easy,Science
2427,Physics Exercise #5: A body of mass 2 kg travels at a velocity of 4 m/s. What is its kinetic energy?,32 Joules,8 Joules,26 Joules,16 Joules,D,easy,Science
2428,Physics Exercise #5: A body of mass 2 kg travels at a velocity of 5 m/s. What is its kinetic energy?,35 Joules,50 Joules,25 Joules,17 Joules,C,easy,Science
2429,Physics Exercise #5: A body of mass 2 kg travels at a velocity of 6 m/s. What is its kinetic energy?,46 Joules,72 Joules,36 Joules,28 Joules,C,easy,Science
2430,Physics Exercise #5: A body of mass 2 kg travels at a velocity of 10 m/s. What is its kinetic energy?,200 Joules,110 Joules,92 Joules,100 Joules,D,medium,Science
2431,Physics Exercise #5: A body of mass 4 kg travels at a velocity of 3 m/s. What is its kinetic energy?,18 Joules,28 Joules,10 Joules,36 Joules,A,easy,Science
2432,Physics Exercise #5: A body of mass 4 kg travels at a velocity of 4 m/s. What is its kinetic energy?,42 Joules,24 Joules,64 Joules,32 Joules,D,easy,Science
2433,Physics Exercise #5: A body of mass 4 kg travels at a velocity of 5 m/s. What is its kinetic energy?,50 Joules,42 Joules,100 Joules,60 Joules,A,medium,Science
2434,Physics Exercise #5: A body of mass 4 kg travels at a velocity of 6 m/s. What is its kinetic energy?,64 Joules,72 Joules,82 Joules,144 Joules,B,medium,Science
2435,Physics Exercise #5: A body of mass 4 kg travels at a velocity of 10 m/s. What is its kinetic energy?,210 Joules,192 Joules,200 Joules,400 Joules,C,medium,Science
2436,Physics Exercise #5: A body of mass 6 kg travels at a velocity of 3 m/s. What is its kinetic energy?,37 Joules,27 Joules,54 Joules,19 Joules,B,easy,Science
2437,Physics Exercise #5: A body of mass 6 kg travels at a velocity of 4 m/s. What is its kinetic energy?,40 Joules,58 Joules,48 Joules,96 Joules,C,easy,Science
2438,Physics Exercise #5: A body of mass 6 kg travels at a velocity of 5 m/s. What is its kinetic energy?,67 Joules,150 Joules,75 Joules,85 Joules,C,medium,Science
2439,Physics Exercise #5: A body of mass 6 kg travels at a velocity of 6 m/s. What is its kinetic energy?,216 Joules,118 Joules,108 Joules,100 Joules,C,medium,Science
2440,Physics Exercise #5: A body of mass 6 kg travels at a velocity of 10 m/s. What is its kinetic energy?,300 Joules,292 Joules,600 Joules,310 Joules,A,medium,Science
2441,Physics Exercise #5: A body of mass 8 kg travels at a velocity of 3 m/s. What is its kinetic energy?,28 Joules,46 Joules,72 Joules,36 Joules,D,easy,Science
2442,Physics Exercise #5: A body of mass 8 kg travels at a velocity of 4 m/s. What is its kinetic energy?,64 Joules,56 Joules,128 Joules,74 Joules,A,medium,Science
2443,Physics Exercise #5: A body of mass 8 kg travels at a velocity of 5 m/s. What is its kinetic energy?,100 Joules,200 Joules,92 Joules,110 Joules,A,medium,Science
2444,Physics Exercise #5: A body of mass 8 kg travels at a velocity of 6 m/s. What is its kinetic energy?,144 Joules,154 Joules,136 Joules,288 Joules,A,medium,Science
2445,Physics Exercise #5: A body of mass 8 kg travels at a velocity of 10 m/s. What is its kinetic energy?,410 Joules,392 Joules,800 Joules,400 Joules,D,medium,Science
2446,Physics Exercise #5: A body of mass 10 kg travels at a velocity of 3 m/s. What is its kinetic energy?,37 Joules,90 Joules,55 Joules,45 Joules,D,easy,Science
2447,Physics Exercise #5: A body of mass 10 kg travels at a velocity of 4 m/s. What is its kinetic energy?,72 Joules,80 Joules,90 Joules,160 Joules,B,medium,Science
2448,Physics Exercise #5: A body of mass 10 kg travels at a velocity of 5 m/s. What is its kinetic energy?,250 Joules,117 Joules,135 Joules,125 Joules,D,medium,Science
2449,Physics Exercise #5: A body of mass 10 kg travels at a velocity of 6 m/s. What is its kinetic energy?,180 Joules,360 Joules,190 Joules,172 Joules,A,medium,Science
2450,Physics Exercise #6: A body of mass 10 kg travels at a velocity of 10 m/s. What is its kinetic energy?,1000 Joules,500 Joules,492 Joules,510 Joules,B,medium,Science
2451,Physics Exercise #6: What is Newton's First Law of Motion also known as?,Law of Action and Reaction,Law of Inertia,Law of Universal Gravitation,Law of Acceleration,B,easy,Science
2452,"Physics Exercise #6: According to Newton's Second Law, what is the formula for force?",F = m * a,F = m * v,F = m / a,F = 0.5 * m * a^2,A,easy,Science
2453,Physics Exercise #6: What is the SI unit of force?,Watt (W),Pascal (Pa),Newton (N),Joule (J),C,easy,Science
2454,Physics Exercise #6: What is the SI unit of work and energy?,Watt (W),Newton (N),Joule (J),Ampere (A),C,easy,Science
2455,Physics Exercise #6: What is the SI unit of power?,Volt (V),Coulomb (C),Joule (J),Watt (W),D,easy,Science
2456,Physics Exercise #6: What is the formula for the kinetic energy of an object of mass m moving at velocity v?,KE = (1/2) * m * v^2,KE = m * v^2,KE = (1/2) * m^2 * v,KE = m * v,A,easy,Science
2457,Physics Exercise #6: What is the formula for gravitational potential energy near Earth's surface?,PE = m * g * h,PE = m * g / h,PE = (1/2) * m * g * h,PE = m * g * h^2,A,easy,Science
2458,Physics Exercise #6: What is the approximate acceleration due to gravity on the surface of Earth?,9.8 m/s^2,8.9 m/s^2,6.67 m/s^2,10.8 m/s^2,A,easy,Science
2459,Physics Exercise #6: What is the mathematical equation for Ohm's Law?,R = V * I,V = I * R,V = I / R,I = V * R,B,easy,Science
2460,Physics Exercise #6: What is the SI unit of electrical resistance?,Ohm (Ω),Ampere (A),Farad (F),Volt (V),A,easy,Science
2461,Physics Exercise #6: What is the SI unit of electric current?,Ampere (A),Coulomb (C),Ohm (Ω),Volt (V),A,easy,Science
2462,Physics Exercise #6: What is the SI unit of electrical charge?,Ampere (A),Volt (V),Joule (J),Coulomb (C),D,easy,Science
2463,Physics Exercise #6: What is the speed of light in a vacuum (c) approximately?,3.0 x 10^6 m/s,1.5 x 10^8 m/s,3.0 x 10^10 m/s,3.0 x 10^8 m/s,D,easy,Science
2464,"Physics Exercise #6: Which law of thermodynamics states that energy cannot be created or destroyed, only transformed?",Zeroth Law of Thermodynamics,Third Law of Thermodynamics,Second Law of Thermodynamics,First Law of Thermodynamics (Conservation of Energy),D,easy,Science
2465,Physics Exercise #6: Which law of thermodynamics states that the total entropy of an isolated system always increases over time?,Second Law of Thermodynamics,Zeroth Law of Thermodynamics,Third Law of Thermodynamics,First Law of Thermodynamics,A,medium,Science
2466,"Physics Exercise #6: What is the formula relating wave speed (v), frequency (f), and wavelength (λ)?",v = λ / f,v = f / λ,v = f * λ,v = f^2 * λ,C,easy,Science
2467,Physics Exercise #6: What type of wave is sound in air?,Torsional wave,Electromagnetic wave,Transverse wave,Longitudinal wave,D,easy,Science
2468,Physics Exercise #6: What optical phenomenon causes a pencil to appear bent when partially submerged in water?,Refraction,Diffraction,Reflection,Polarization,A,easy,Science
2469,Physics Exercise #6: What law states that the angle of incidence equals the angle of reflection?,Snell's Law,Malus's Law,Brewster's Law,Law of Reflection,D,easy,Science
2470,Physics Exercise #6: What law describes the refraction of light at the boundary between two transparent media: n1 * sin(θ1) = n2 * sin(θ2)?,Huygens' Principle,Fermat's Principle,Brewster's Law,Snell's Law,D,medium,Science
2471,Physics Exercise #6: What is the formula for linear momentum p of an object of mass m and velocity v?,p = (1/2) * m * v^2,p = m * v,p = m * a,p = m / v,B,easy,Science
2472,Physics Exercise #6: What is the centripetal force required to keep an object of mass m moving in a circular path of radius r at velocity v?,Fc = (m * v^2) / r,Fc = (1/2) * m * v^2 * r,Fc = m * v / r^2,Fc = m * v * r,A,medium,Science
2473,Physics Exercise #6: Which fundamental force is responsible for holding the atomic nucleus together?,Gravitational Force,Strong Nuclear Force,Electromagnetic Force,Weak Nuclear Force,B,medium,Science
2474,Physics Exercise #6: What is the rate of doing work or transferring energy called?,Momentum,Power,Torque,Force,B,easy,Science
2475,Physics Exercise #6: Which device converts mechanical energy into electrical energy using electromagnetic induction?,Transformer,Electric Generator,Capacitor,Electric Motor,B,easy,Science
2476,Physics Exercise #6: A body of mass 2 kg travels at a velocity of 3 m/s. What is its kinetic energy?,18 Joules,19 Joules,9 Joules,1 Joules,C,easy,Science
2477,Physics Exercise #6: A body of mass 2 kg travels at a velocity of 4 m/s. What is its kinetic energy?,32 Joules,8 Joules,26 Joules,16 Joules,D,easy,Science
2478,Physics Exercise #6: A body of mass 2 kg travels at a velocity of 5 m/s. What is its kinetic energy?,17 Joules,50 Joules,35 Joules,25 Joules,D,easy,Science
2479,Physics Exercise #6: A body of mass 2 kg travels at a velocity of 6 m/s. What is its kinetic energy?,28 Joules,46 Joules,72 Joules,36 Joules,D,easy,Science
2480,Physics Exercise #6: A body of mass 2 kg travels at a velocity of 10 m/s. What is its kinetic energy?,100 Joules,92 Joules,110 Joules,200 Joules,A,medium,Science
2481,Physics Exercise #6: A body of mass 4 kg travels at a velocity of 3 m/s. What is its kinetic energy?,10 Joules,36 Joules,28 Joules,18 Joules,D,easy,Science
2482,Physics Exercise #6: A body of mass 4 kg travels at a velocity of 4 m/s. What is its kinetic energy?,24 Joules,32 Joules,42 Joules,64 Joules,B,easy,Science
2483,Physics Exercise #6: A body of mass 4 kg travels at a velocity of 5 m/s. What is its kinetic energy?,42 Joules,100 Joules,50 Joules,60 Joules,C,medium,Science
2484,Physics Exercise #6: A body of mass 4 kg travels at a velocity of 6 m/s. What is its kinetic energy?,82 Joules,144 Joules,72 Joules,64 Joules,C,medium,Science
2485,Physics Exercise #6: A body of mass 4 kg travels at a velocity of 10 m/s. What is its kinetic energy?,192 Joules,210 Joules,200 Joules,400 Joules,C,medium,Science
2486,Physics Exercise #6: A body of mass 6 kg travels at a velocity of 3 m/s. What is its kinetic energy?,37 Joules,54 Joules,27 Joules,19 Joules,C,easy,Science
2487,Physics Exercise #6: A body of mass 6 kg travels at a velocity of 4 m/s. What is its kinetic energy?,58 Joules,40 Joules,48 Joules,96 Joules,C,easy,Science
2488,Physics Exercise #6: A body of mass 6 kg travels at a velocity of 5 m/s. What is its kinetic energy?,67 Joules,150 Joules,75 Joules,85 Joules,C,medium,Science
2489,Physics Exercise #6: A body of mass 6 kg travels at a velocity of 6 m/s. What is its kinetic energy?,100 Joules,108 Joules,118 Joules,216 Joules,B,medium,Science
2490,Physics Exercise #6: A body of mass 6 kg travels at a velocity of 10 m/s. What is its kinetic energy?,600 Joules,292 Joules,310 Joules,300 Joules,D,medium,Science
2491,Physics Exercise #6: A body of mass 8 kg travels at a velocity of 3 m/s. What is its kinetic energy?,36 Joules,46 Joules,28 Joules,72 Joules,A,easy,Science
2492,Physics Exercise #6: A body of mass 8 kg travels at a velocity of 4 m/s. What is its kinetic energy?,56 Joules,64 Joules,128 Joules,74 Joules,B,medium,Science
2493,Physics Exercise #6: A body of mass 8 kg travels at a velocity of 5 m/s. What is its kinetic energy?,110 Joules,100 Joules,200 Joules,92 Joules,B,medium,Science
2494,Physics Exercise #6: A body of mass 8 kg travels at a velocity of 6 m/s. What is its kinetic energy?,144 Joules,136 Joules,154 Joules,288 Joules,A,medium,Science
2495,Physics Exercise #6: A body of mass 8 kg travels at a velocity of 10 m/s. What is its kinetic energy?,400 Joules,392 Joules,410 Joules,800 Joules,A,medium,Science
2496,Physics Exercise #6: A body of mass 10 kg travels at a velocity of 3 m/s. What is its kinetic energy?,90 Joules,37 Joules,55 Joules,45 Joules,D,easy,Science
2497,Physics Exercise #6: A body of mass 10 kg travels at a velocity of 4 m/s. What is its kinetic energy?,80 Joules,72 Joules,160 Joules,90 Joules,A,medium,Science
2498,Physics Exercise #6: A body of mass 10 kg travels at a velocity of 5 m/s. What is its kinetic energy?,117 Joules,135 Joules,250 Joules,125 Joules,D,medium,Science
2499,Physics Exercise #6: A body of mass 10 kg travels at a velocity of 6 m/s. What is its kinetic energy?,190 Joules,180 Joules,172 Joules,360 Joules,B,medium,Science
2500,Physics Exercise #7: A body of mass 10 kg travels at a velocity of 10 m/s. What is its kinetic energy?,492 Joules,500 Joules,1000 Joules,510 Joules,B,medium,Science
2501,Physics Exercise #7: What is Newton's First Law of Motion also known as?,Law of Inertia,Law of Universal Gravitation,Law of Acceleration,Law of Action and Reaction,A,easy,Science
2502,"Physics Exercise #7: According to Newton's Second Law, what is the formula for force?",F = 0.5 * m * a^2,F = m * v,F = m / a,F = m * a,D,easy,Science
2503,Physics Exercise #7: What is the SI unit of force?,Watt (W),Pascal (Pa),Newton (N),Joule (J),C,easy,Science
2504,Physics Exercise #7: What is the SI unit of work and energy?,Joule (J),Ampere (A),Watt (W),Newton (N),A,easy,Science
2505,Physics Exercise #7: What is the SI unit of power?,Joule (J),Watt (W),Coulomb (C),Volt (V),B,easy,Science
2506,Physics Exercise #7: What is the formula for the kinetic energy of an object of mass m moving at velocity v?,KE = m * v,KE = m * v^2,KE = (1/2) * m^2 * v,KE = (1/2) * m * v^2,D,easy,Science
2507,Physics Exercise #7: What is the formula for gravitational potential energy near Earth's surface?,PE = m * g * h^2,PE = m * g * h,PE = (1/2) * m * g * h,PE = m * g / h,B,easy,Science
2508,Physics Exercise #7: What is the approximate acceleration due to gravity on the surface of Earth?,9.8 m/s^2,8.9 m/s^2,10.8 m/s^2,6.67 m/s^2,A,easy,Science
2509,Physics Exercise #7: What is the mathematical equation for Ohm's Law?,R = V * I,V = I * R,V = I / R,I = V * R,B,easy,Science
2510,Physics Exercise #7: What is the SI unit of electrical resistance?,Volt (V),Ampere (A),Farad (F),Ohm (Ω),D,easy,Science
2511,Physics Exercise #7: What is the SI unit of electric current?,Ohm (Ω),Coulomb (C),Ampere (A),Volt (V),C,easy,Science
2512,Physics Exercise #7: What is the SI unit of electrical charge?,Volt (V),Ampere (A),Joule (J),Coulomb (C),D,easy,Science
2513,Physics Exercise #7: What is the speed of light in a vacuum (c) approximately?,3.0 x 10^8 m/s,3.0 x 10^10 m/s,3.0 x 10^6 m/s,1.5 x 10^8 m/s,A,easy,Science
2514,"Physics Exercise #7: Which law of thermodynamics states that energy cannot be created or destroyed, only transformed?",First Law of Thermodynamics (Conservation of Energy),Second Law of Thermodynamics,Third Law of Thermodynamics,Zeroth Law of Thermodynamics,A,easy,Science
2515,Physics Exercise #7: Which law of thermodynamics states that the total entropy of an isolated system always increases over time?,First Law of Thermodynamics,Zeroth Law of Thermodynamics,Second Law of Thermodynamics,Third Law of Thermodynamics,C,medium,Science
2516,"Physics Exercise #7: What is the formula relating wave speed (v), frequency (f), and wavelength (λ)?",v = λ / f,v = f^2 * λ,v = f * λ,v = f / λ,C,easy,Science
2517,Physics Exercise #7: What type of wave is sound in air?,Electromagnetic wave,Torsional wave,Transverse wave,Longitudinal wave,D,easy,Science
2518,Physics Exercise #7: What optical phenomenon causes a pencil to appear bent when partially submerged in water?,Diffraction,Polarization,Reflection,Refraction,D,easy,Science
2519,Physics Exercise #7: What law states that the angle of incidence equals the angle of reflection?,Brewster's Law,Snell's Law,Malus's Law,Law of Reflection,D,easy,Science
2520,Physics Exercise #7: What law describes the refraction of light at the boundary between two transparent media: n1 * sin(θ1) = n2 * sin(θ2)?,Snell's Law,Brewster's Law,Huygens' Principle,Fermat's Principle,A,medium,Science
2521,Physics Exercise #7: What is the formula for linear momentum p of an object of mass m and velocity v?,p = m * v,p = (1/2) * m * v^2,p = m / v,p = m * a,A,easy,Science
2522,Physics Exercise #7: What is the centripetal force required to keep an object of mass m moving in a circular path of radius r at velocity v?,Fc = m * v / r^2,Fc = (m * v^2) / r,Fc = m * v * r,Fc = (1/2) * m * v^2 * r,B,medium,Science
2523,Physics Exercise #7: Which fundamental force is responsible for holding the atomic nucleus together?,Gravitational Force,Electromagnetic Force,Strong Nuclear Force,Weak Nuclear Force,C,medium,Science
2524,Physics Exercise #7: What is the rate of doing work or transferring energy called?,Torque,Momentum,Power,Force,C,easy,Science
2525,Physics Exercise #7: Which device converts mechanical energy into electrical energy using electromagnetic induction?,Capacitor,Transformer,Electric Generator,Electric Motor,C,easy,Science
2526,Physics Exercise #7: A body of mass 2 kg travels at a velocity of 3 m/s. What is its kinetic energy?,19 Joules,9 Joules,1 Joules,18 Joules,B,easy,Science
2527,Physics Exercise #7: A body of mass 2 kg travels at a velocity of 4 m/s. What is its kinetic energy?,8 Joules,16 Joules,32 Joules,26 Joules,B,easy,Science
2528,Physics Exercise #7: A body of mass 2 kg travels at a velocity of 5 m/s. What is its kinetic energy?,50 Joules,17 Joules,35 Joules,25 Joules,D,easy,Science
2529,Physics Exercise #7: A body of mass 2 kg travels at a velocity of 6 m/s. What is its kinetic energy?,36 Joules,28 Joules,72 Joules,46 Joules,A,easy,Science
2530,Physics Exercise #7: A body of mass 2 kg travels at a velocity of 10 m/s. What is its kinetic energy?,110 Joules,92 Joules,200 Joules,100 Joules,D,medium,Science
2531,Physics Exercise #7: A body of mass 4 kg travels at a velocity of 3 m/s. What is its kinetic energy?,18 Joules,36 Joules,10 Joules,28 Joules,A,easy,Science
2532,Physics Exercise #7: A body of mass 4 kg travels at a velocity of 4 m/s. What is its kinetic energy?,24 Joules,32 Joules,42 Joules,64 Joules,B,easy,Science
2533,Physics Exercise #7: A body of mass 4 kg travels at a velocity of 5 m/s. What is its kinetic energy?,60 Joules,50 Joules,42 Joules,100 Joules,B,medium,Science
2534,Physics Exercise #7: A body of mass 4 kg travels at a velocity of 6 m/s. What is its kinetic energy?,72 Joules,64 Joules,144 Joules,82 Joules,A,medium,Science
2535,Physics Exercise #7: A body of mass 4 kg travels at a velocity of 10 m/s. What is its kinetic energy?,192 Joules,400 Joules,210 Joules,200 Joules,D,medium,Science
2536,Physics Exercise #7: A body of mass 6 kg travels at a velocity of 3 m/s. What is its kinetic energy?,54 Joules,37 Joules,19 Joules,27 Joules,D,easy,Science
2537,Physics Exercise #7: A body of mass 6 kg travels at a velocity of 4 m/s. What is its kinetic energy?,48 Joules,40 Joules,58 Joules,96 Joules,A,easy,Science
2538,Physics Exercise #7: A body of mass 6 kg travels at a velocity of 5 m/s. What is its kinetic energy?,150 Joules,67 Joules,85 Joules,75 Joules,D,medium,Science
2539,Physics Exercise #7: A body of mass 6 kg travels at a velocity of 6 m/s. What is its kinetic energy?,108 Joules,118 Joules,100 Joules,216 Joules,A,medium,Science
2540,Physics Exercise #7: A body of mass 6 kg travels at a velocity of 10 m/s. What is its kinetic energy?,600 Joules,300 Joules,292 Joules,310 Joules,B,medium,Science
2541,Physics Exercise #7: A body of mass 8 kg travels at a velocity of 3 m/s. What is its kinetic energy?,72 Joules,28 Joules,46 Joules,36 Joules,D,easy,Science
2542,Physics Exercise #7: A body of mass 8 kg travels at a velocity of 4 m/s. What is its kinetic energy?,128 Joules,56 Joules,74 Joules,64 Joules,D,medium,Science
2543,Physics Exercise #7: A body of mass 8 kg travels at a velocity of 5 m/s. What is its kinetic energy?,92 Joules,110 Joules,100 Joules,200 Joules,C,medium,Science
2544,Physics Exercise #7: A body of mass 8 kg travels at a velocity of 6 m/s. What is its kinetic energy?,144 Joules,288 Joules,154 Joules,136 Joules,A,medium,Science
2545,Physics Exercise #7: A body of mass 8 kg travels at a velocity of 10 m/s. What is its kinetic energy?,392 Joules,410 Joules,800 Joules,400 Joules,D,medium,Science
2546,Physics Exercise #7: A body of mass 10 kg travels at a velocity of 3 m/s. What is its kinetic energy?,45 Joules,37 Joules,90 Joules,55 Joules,A,easy,Science
2547,Physics Exercise #7: A body of mass 10 kg travels at a velocity of 4 m/s. What is its kinetic energy?,90 Joules,72 Joules,80 Joules,160 Joules,C,medium,Science
2548,Physics Exercise #7: A body of mass 10 kg travels at a velocity of 5 m/s. What is its kinetic energy?,125 Joules,135 Joules,250 Joules,117 Joules,A,medium,Science
2549,Physics Exercise #7: A body of mass 10 kg travels at a velocity of 6 m/s. What is its kinetic energy?,180 Joules,172 Joules,360 Joules,190 Joules,A,medium,Science
2550,Physics Exercise #8: A body of mass 10 kg travels at a velocity of 10 m/s. What is its kinetic energy?,500 Joules,510 Joules,492 Joules,1000 Joules,A,medium,Science
2551,Physics Exercise #8: What is Newton's First Law of Motion also known as?,Law of Acceleration,Law of Action and Reaction,Law of Inertia,Law of Universal Gravitation,C,easy,Science
2552,"Physics Exercise #8: According to Newton's Second Law, what is the formula for force?",F = m / a,F = m * a,F = 0.5 * m * a^2,F = m * v,B,easy,Science
2553,Physics Exercise #8: What is the SI unit of force?,Joule (J),Watt (W),Newton (N),Pascal (Pa),C,easy,Science
2554,Physics Exercise #8: What is the SI unit of work and energy?,Watt (W),Ampere (A),Joule (J),Newton (N),C,easy,Science
2555,Physics Exercise #8: What is the SI unit of power?,Coulomb (C),Volt (V),Joule (J),Watt (W),D,easy,Science
2556,Physics Exercise #8: What is the formula for the kinetic energy of an object of mass m moving at velocity v?,KE = m * v,KE = (1/2) * m^2 * v,KE = (1/2) * m * v^2,KE = m * v^2,C,easy,Science
2557,Physics Exercise #8: What is the formula for gravitational potential energy near Earth's surface?,PE = m * g * h^2,PE = (1/2) * m * g * h,PE = m * g / h,PE = m * g * h,D,easy,Science
2558,Physics Exercise #8: What is the approximate acceleration due to gravity on the surface of Earth?,6.67 m/s^2,9.8 m/s^2,8.9 m/s^2,10.8 m/s^2,B,easy,Science
2559,Physics Exercise #8: What is the mathematical equation for Ohm's Law?,R = V * I,V = I * R,I = V * R,V = I / R,B,easy,Science
2560,Physics Exercise #8: What is the SI unit of electrical resistance?,Farad (F),Volt (V),Ampere (A),Ohm (Ω),D,easy,Science
2561,Physics Exercise #8: What is the SI unit of electric current?,Volt (V),Coulomb (C),Ohm (Ω),Ampere (A),D,easy,Science
2562,Physics Exercise #8: What is the SI unit of electrical charge?,Ampere (A),Joule (J),Volt (V),Coulomb (C),D,easy,Science
2563,Physics Exercise #8: What is the speed of light in a vacuum (c) approximately?,3.0 x 10^8 m/s,1.5 x 10^8 m/s,3.0 x 10^6 m/s,3.0 x 10^10 m/s,A,easy,Science
2564,"Physics Exercise #8: Which law of thermodynamics states that energy cannot be created or destroyed, only transformed?",Zeroth Law of Thermodynamics,Second Law of Thermodynamics,First Law of Thermodynamics (Conservation of Energy),Third Law of Thermodynamics,C,easy,Science
2565,Physics Exercise #8: Which law of thermodynamics states that the total entropy of an isolated system always increases over time?,Zeroth Law of Thermodynamics,Second Law of Thermodynamics,Third Law of Thermodynamics,First Law of Thermodynamics,B,medium,Science
2566,"Physics Exercise #8: What is the formula relating wave speed (v), frequency (f), and wavelength (λ)?",v = f^2 * λ,v = λ / f,v = f / λ,v = f * λ,D,easy,Science
2567,Physics Exercise #8: What type of wave is sound in air?,Transverse wave,Electromagnetic wave,Torsional wave,Longitudinal wave,D,easy,Science
2568,Physics Exercise #8: What optical phenomenon causes a pencil to appear bent when partially submerged in water?,Reflection,Polarization,Diffraction,Refraction,D,easy,Science
2569,Physics Exercise #8: What law states that the angle of incidence equals the angle of reflection?,Malus's Law,Law of Reflection,Brewster's Law,Snell's Law,B,easy,Science
2570,Physics Exercise #8: What law describes the refraction of light at the boundary between two transparent media: n1 * sin(θ1) = n2 * sin(θ2)?,Huygens' Principle,Snell's Law,Fermat's Principle,Brewster's Law,B,medium,Science
2571,Physics Exercise #8: What is the formula for linear momentum p of an object of mass m and velocity v?,p = m * v,p = m / v,p = m * a,p = (1/2) * m * v^2,A,easy,Science
2572,Physics Exercise #8: What is the centripetal force required to keep an object of mass m moving in a circular path of radius r at velocity v?,Fc = m * v * r,Fc = (m * v^2) / r,Fc = m * v / r^2,Fc = (1/2) * m * v^2 * r,B,medium,Science
2573,Physics Exercise #8: Which fundamental force is responsible for holding the atomic nucleus together?,Strong Nuclear Force,Gravitational Force,Electromagnetic Force,Weak Nuclear Force,A,medium,Science
2574,Physics Exercise #8: What is the rate of doing work or transferring energy called?,Force,Torque,Power,Momentum,C,easy,Science
2575,Physics Exercise #8: Which device converts mechanical energy into electrical energy using electromagnetic induction?,Electric Generator,Transformer,Capacitor,Electric Motor,A,easy,Science
2576,Physics Exercise #8: A body of mass 2 kg travels at a velocity of 3 m/s. What is its kinetic energy?,1 Joules,19 Joules,18 Joules,9 Joules,D,easy,Science
2577,Physics Exercise #8: A body of mass 2 kg travels at a velocity of 4 m/s. What is its kinetic energy?,32 Joules,16 Joules,26 Joules,8 Joules,B,easy,Science
2578,Physics Exercise #8: A body of mass 2 kg travels at a velocity of 5 m/s. What is its kinetic energy?,50 Joules,17 Joules,35 Joules,25 Joules,D,easy,Science
2579,Physics Exercise #8: A body of mass 2 kg travels at a velocity of 6 m/s. What is its kinetic energy?,28 Joules,36 Joules,46 Joules,72 Joules,B,easy,Science
2580,Physics Exercise #8: A body of mass 2 kg travels at a velocity of 10 m/s. What is its kinetic energy?,100 Joules,200 Joules,92 Joules,110 Joules,A,medium,Science
2581,What is the chemical symbol for Gold?,Fe,Gd,Au,Ag,C,easy,Science
2582,What is the chemical symbol for Sodium?,Na,Sd,So,K,A,easy,Science
2583,What is the chemical symbol for Potassium?,Pt,P,K,Po,C,easy,Science
2584,What is the chemical symbol for Iron?,Pb,In,Fe,Ir,C,easy,Science
2585,What is the atomic number of Carbon?,8,14,12,6,D,easy,Science
2586,What is the atomic number of Oxygen?,6,16,8,10,C,easy,Science
2587,What is Avogadro's constant approximately?,3.0 x 10^8 mol^-1,1.602 x 10^-19 mol^-1,6.022 x 10^21 mol^-1,6.022 x 10^23 mol^-1,D,easy,Science
2588,What is the pH value of pure neutral water at 25°C?,1,7,14,0,B,easy,Science
2589,A solution with a pH of 3 is classified as:,Strongly acidic,Neutral,Weakly basic,Strongly basic,A,easy,Science
2590,A solution with a pH of 12 is classified as:,Strongly basic (alkaline),Acidic,Amphoteric,Neutral,A,easy,Science
2591,What type of chemical bond is formed by the sharing of electron pairs between atoms?,Hydrogen bond,Ionic bond,Covalent bond,Metallic bond,C,easy,Science
2592,What type of chemical bond is formed by the complete transfer of electrons from a metal to a non-metal?,Ionic bond,Van der Waals bond,Hydrogen bond,Covalent bond,A,easy,Science
2593,Which gas makes up the largest percentage of Earth's atmosphere by volume?,"Oxygen (O2, ~21%)","Nitrogen (N2, ~78%)",Carbon dioxide (CO2),Argon (Ar),B,easy,Science
2594,What is the molecular formula of table salt?,NaCl,KCl,CaCl2,Na2SO4,A,easy,Science
2595,What is the chemical formula of Sulfuric Acid?,HNO3,HCl,H2SO4,H3PO4,C,easy,Science
2596,What is the chemical formula of Hydrochloric Acid?,HF,H2SO4,HClO4,HCl,D,easy,Science
2597,Which group in the Periodic Table contains the chemically inert Noble Gases?,Group 1,Group 18 (VIII A),Group 17,Group 2,B,easy,Science
2598,"Which group in the Periodic Table contains the Halogens (Fluorine, Chlorine, Bromine, Iodine)?",Group 1,Group 16,Group 17 (VII A),Group 2,C,easy,Science
2599,What is the term for a substance that speeds up a chemical reaction without being consumed?,Catalyst,Inhibitor,Intermediate,Substrate,A,easy,Science
2600,What is an isotope of an element?,Positively charged ions,Atoms with the same mass number but different atomic numbers,Atoms with the same number of protons but different numbers of neutrons,Atoms with different numbers of protons,C,medium,Science
2601,What type of chemical reaction releases heat energy to the surroundings (negative ΔH)?,Electrolytic reaction,Endothermic reaction,Exothermic reaction,Adiabatic reaction,C,easy,Science
2602,What type of chemical reaction absorbs heat energy from the surroundings (positive ΔH)?,Exothermic reaction,Endothermic reaction,Combustion reaction,Precipitation reaction,B,easy,Science
2603,"What principle states that if a dynamic equilibrium is disturbed, the position of equilibrium shifts to counteract the change?",Raoult's Law,Henry's Law,Hess's Law,Le Chatelier's Principle,D,medium,Science
2604,What is the general formula for saturated hydrocarbons (alkanes)?,C_n H_(2n),C_n H_n,C_n H_(2n+2),C_n H_(2n-2),C,medium,Science
2605,What functional group characterizes organic alcohols?,-NH2 (Amino group),-CHO (Aldehyde group),-COOH (Carboxyl group),-OH (Hydroxyl group),D,easy,Science
2606,What is the atomic number of Hydrogen (H)?,6,3,3,1,D,easy,Science
2607,What is the atomic number of Helium (He)?,7,2,1,4,B,easy,Science
2608,What is the atomic number of Lithium (Li)?,3,8,5,2,A,easy,Science
2609,What is the atomic number of Beryllium (Be)?,4,9,3,6,A,easy,Science
2610,What is the atomic number of Boron (B)?,4,10,5,7,C,easy,Science
2611,What is the atomic number of Nitrogen (N)?,7,6,12,9,A,easy,Science
2612,What is the atomic number of Fluorine (F)?,8,11,14,9,D,easy,Science
2613,What is the atomic number of Neon (Ne)?,12,9,10,15,C,easy,Science
2614,What is the atomic number of Magnesium (Mg)?,11,17,14,12,D,easy,Science
2615,What is the atomic number of Aluminum (Al)?,12,15,13,18,C,easy,Science
2616,What is the atomic number of Silicon (Si)?,19,13,16,14,D,easy,Science
2617,What is the atomic number of Phosphorus (P)?,15,14,17,20,A,easy,Science
2618,What is the atomic number of Sulfur (S)?,16,15,18,21,A,easy,Science
2619,What is the atomic number of Chlorine (Cl)?,19,16,17,22,C,easy,Science
2620,What is the atomic number of Argon (Ar)?,18,17,23,20,A,easy,Science
2621,What is the atomic number of Calcium (Ca)?,25,20,19,22,B,easy,Science
2622,Chemistry Topic #2: What is the chemical symbol for Gold?,Au,Fe,Gd,Ag,A,easy,Science
2623,Chemistry Topic #2: What is the chemical symbol for Sodium?,So,K,Sd,Na,D,easy,Science
2624,Chemistry Topic #2: What is the chemical symbol for Potassium?,Pt,P,K,Po,C,easy,Science
2625,Chemistry Topic #2: What is the chemical symbol for Iron?,In,Ir,Pb,Fe,D,easy,Science
2626,Chemistry Topic #2: What is the atomic number of Carbon?,12,8,6,14,C,easy,Science
2627,Chemistry Topic #2: What is the atomic number of Oxygen?,10,6,16,8,D,easy,Science
2628,Chemistry Topic #2: What is Avogadro's constant approximately?,6.022 x 10^23 mol^-1,1.602 x 10^-19 mol^-1,6.022 x 10^21 mol^-1,3.0 x 10^8 mol^-1,A,easy,Science
2629,Chemistry Topic #2: What is the pH value of pure neutral water at 25°C?,0,14,7,1,C,easy,Science
2630,Chemistry Topic #2: A solution with a pH of 3 is classified as:,Strongly acidic,Neutral,Strongly basic,Weakly basic,A,easy,Science
2631,Chemistry Topic #2: A solution with a pH of 12 is classified as:,Amphoteric,Neutral,Acidic,Strongly basic (alkaline),D,easy,Science
2632,Chemistry Topic #2: What type of chemical bond is formed by the sharing of electron pairs between atoms?,Metallic bond,Hydrogen bond,Covalent bond,Ionic bond,C,easy,Science
2633,Chemistry Topic #2: What type of chemical bond is formed by the complete transfer of electrons from a metal to a non-metal?,Hydrogen bond,Covalent bond,Van der Waals bond,Ionic bond,D,easy,Science
2634,Chemistry Topic #2: Which gas makes up the largest percentage of Earth's atmosphere by volume?,Carbon dioxide (CO2),"Oxygen (O2, ~21%)",Argon (Ar),"Nitrogen (N2, ~78%)",D,easy,Science
2635,Chemistry Topic #2: What is the molecular formula of table salt?,NaCl,KCl,CaCl2,Na2SO4,A,easy,Science
2636,Chemistry Topic #2: What is the chemical formula of Sulfuric Acid?,H2SO4,HNO3,HCl,H3PO4,A,easy,Science
2637,Chemistry Topic #2: What is the chemical formula of Hydrochloric Acid?,H2SO4,HCl,HF,HClO4,B,easy,Science
2638,Chemistry Topic #2: Which group in the Periodic Table contains the chemically inert Noble Gases?,Group 18 (VIII A),Group 2,Group 17,Group 1,A,easy,Science
2639,"Chemistry Topic #2: Which group in the Periodic Table contains the Halogens (Fluorine, Chlorine, Bromine, Iodine)?",Group 17 (VII A),Group 1,Group 2,Group 16,A,easy,Science
2640,Chemistry Topic #2: What is the term for a substance that speeds up a chemical reaction without being consumed?,Catalyst,Intermediate,Substrate,Inhibitor,A,easy,Science
2641,Chemistry Topic #2: What is an isotope of an element?,Positively charged ions,Atoms with different numbers of protons,Atoms with the same mass number but different atomic numbers,Atoms with the same number of protons but different numbers of neutrons,D,medium,Science
2642,Chemistry Topic #2: What type of chemical reaction releases heat energy to the surroundings (negative ΔH)?,Adiabatic reaction,Endothermic reaction,Exothermic reaction,Electrolytic reaction,C,easy,Science
2643,Chemistry Topic #2: What type of chemical reaction absorbs heat energy from the surroundings (positive ΔH)?,Exothermic reaction,Endothermic reaction,Precipitation reaction,Combustion reaction,B,easy,Science
2644,"Chemistry Topic #2: What principle states that if a dynamic equilibrium is disturbed, the position of equilibrium shifts to counteract the change?",Le Chatelier's Principle,Hess's Law,Henry's Law,Raoult's Law,A,medium,Science
2645,Chemistry Topic #2: What is the general formula for saturated hydrocarbons (alkanes)?,C_n H_(2n),C_n H_(2n-2),C_n H_n,C_n H_(2n+2),D,medium,Science
2646,Chemistry Topic #2: What functional group characterizes organic alcohols?,-COOH (Carboxyl group),-OH (Hydroxyl group),-NH2 (Amino group),-CHO (Aldehyde group),B,easy,Science
2647,Chemistry Topic #2: What is the atomic number of Hydrogen (H)?,3,3,6,1,D,easy,Science
2648,Chemistry Topic #2: What is the atomic number of Helium (He)?,1,2,7,4,B,easy,Science
2649,Chemistry Topic #2: What is the atomic number of Lithium (Li)?,5,8,2,3,D,easy,Science
2650,Chemistry Topic #2: What is the atomic number of Beryllium (Be)?,3,9,6,4,D,easy,Science
2651,Chemistry Topic #2: What is the atomic number of Boron (B)?,5,10,4,7,A,easy,Science
2652,Chemistry Topic #2: What is the atomic number of Nitrogen (N)?,12,9,6,7,D,easy,Science
2653,Chemistry Topic #2: What is the atomic number of Fluorine (F)?,11,9,8,14,B,easy,Science
2654,Chemistry Topic #2: What is the atomic number of Neon (Ne)?,9,12,10,15,C,easy,Science
2655,Chemistry Topic #2: What is the atomic number of Magnesium (Mg)?,11,14,12,17,C,easy,Science
2656,Chemistry Topic #2: What is the atomic number of Aluminum (Al)?,18,15,12,13,D,easy,Science
2657,Chemistry Topic #2: What is the atomic number of Silicon (Si)?,13,14,16,19,B,easy,Science
2658,Chemistry Topic #2: What is the atomic number of Phosphorus (P)?,17,14,20,15,D,easy,Science
2659,Chemistry Topic #2: What is the atomic number of Sulfur (S)?,18,21,16,15,C,easy,Science
2660,Chemistry Topic #2: What is the atomic number of Chlorine (Cl)?,19,22,17,16,C,easy,Science
2661,Chemistry Topic #2: What is the atomic number of Argon (Ar)?,23,18,20,17,B,easy,Science
2662,Chemistry Topic #3: What is the atomic number of Calcium (Ca)?,25,22,19,20,D,easy,Science
2663,Chemistry Topic #3: What is the chemical symbol for Gold?,Gd,Fe,Au,Ag,C,easy,Science
2664,Chemistry Topic #3: What is the chemical symbol for Sodium?,K,Na,So,Sd,B,easy,Science
2665,Chemistry Topic #3: What is the chemical symbol for Potassium?,Pt,P,K,Po,C,easy,Science
2666,Chemistry Topic #3: What is the chemical symbol for Iron?,Fe,Pb,Ir,In,A,easy,Science
2667,Chemistry Topic #3: What is the atomic number of Carbon?,12,14,8,6,D,easy,Science
2668,Chemistry Topic #3: What is the atomic number of Oxygen?,10,8,6,16,B,easy,Science
2669,Chemistry Topic #3: What is Avogadro's constant approximately?,6.022 x 10^23 mol^-1,6.022 x 10^21 mol^-1,3.0 x 10^8 mol^-1,1.602 x 10^-19 mol^-1,A,easy,Science
2670,Chemistry Topic #3: What is the pH value of pure neutral water at 25°C?,14,1,0,7,D,easy,Science
2671,Chemistry Topic #3: A solution with a pH of 3 is classified as:,Strongly acidic,Neutral,Weakly basic,Strongly basic,A,easy,Science
2672,Chemistry Topic #3: A solution with a pH of 12 is classified as:,Neutral,Amphoteric,Acidic,Strongly basic (alkaline),D,easy,Science
2673,Chemistry Topic #3: What type of chemical bond is formed by the sharing of electron pairs between atoms?,Ionic bond,Covalent bond,Metallic bond,Hydrogen bond,B,easy,Science
2674,Chemistry Topic #3: What type of chemical bond is formed by the complete transfer of electrons from a metal to a non-metal?,Hydrogen bond,Van der Waals bond,Covalent bond,Ionic bond,D,easy,Science
2675,Chemistry Topic #3: Which gas makes up the largest percentage of Earth's atmosphere by volume?,Argon (Ar),"Nitrogen (N2, ~78%)",Carbon dioxide (CO2),"Oxygen (O2, ~21%)",B,easy,Science
2676,Chemistry Topic #3: What is the molecular formula of table salt?,NaCl,KCl,Na2SO4,CaCl2,A,easy,Science
2677,Chemistry Topic #3: What is the chemical formula of Sulfuric Acid?,HCl,HNO3,H2SO4,H3PO4,C,easy,Science
2678,Chemistry Topic #3: What is the chemical formula of Hydrochloric Acid?,HF,HCl,HClO4,H2SO4,B,easy,Science
2679,Chemistry Topic #3: Which group in the Periodic Table contains the chemically inert Noble Gases?,Group 18 (VIII A),Group 2,Group 17,Group 1,A,easy,Science
2680,"Chemistry Topic #3: Which group in the Periodic Table contains the Halogens (Fluorine, Chlorine, Bromine, Iodine)?",Group 1,Group 2,Group 17 (VII A),Group 16,C,easy,Science
2681,Chemistry Topic #3: What is the term for a substance that speeds up a chemical reaction without being consumed?,Catalyst,Inhibitor,Substrate,Intermediate,A,easy,Science
2682,Chemistry Topic #3: What is an isotope of an element?,Positively charged ions,Atoms with the same mass number but different atomic numbers,Atoms with the same number of protons but different numbers of neutrons,Atoms with different numbers of protons,C,medium,Science
2683,Chemistry Topic #3: What type of chemical reaction releases heat energy to the surroundings (negative ΔH)?,Exothermic reaction,Adiabatic reaction,Endothermic reaction,Electrolytic reaction,A,easy,Science
2684,Chemistry Topic #3: What type of chemical reaction absorbs heat energy from the surroundings (positive ΔH)?,Combustion reaction,Endothermic reaction,Exothermic reaction,Precipitation reaction,B,easy,Science
2685,"Chemistry Topic #3: What principle states that if a dynamic equilibrium is disturbed, the position of equilibrium shifts to counteract the change?",Hess's Law,Raoult's Law,Le Chatelier's Principle,Henry's Law,C,medium,Science
2686,Chemistry Topic #3: What is the general formula for saturated hydrocarbons (alkanes)?,C_n H_(2n-2),C_n H_n,C_n H_(2n),C_n H_(2n+2),D,medium,Science
2687,Chemistry Topic #3: What functional group characterizes organic alcohols?,-COOH (Carboxyl group),-OH (Hydroxyl group),-CHO (Aldehyde group),-NH2 (Amino group),B,easy,Science
2688,Chemistry Topic #3: What is the atomic number of Hydrogen (H)?,1,6,3,3,A,easy,Science
2689,Chemistry Topic #3: What is the atomic number of Helium (He)?,1,4,2,7,C,easy,Science
2690,Chemistry Topic #3: What is the atomic number of Lithium (Li)?,3,5,8,2,A,easy,Science
2691,Chemistry Topic #3: What is the atomic number of Beryllium (Be)?,3,4,6,9,B,easy,Science
2692,Chemistry Topic #3: What is the atomic number of Boron (B)?,10,5,7,4,B,easy,Science
2693,Chemistry Topic #3: What is the atomic number of Nitrogen (N)?,7,9,6,12,A,easy,Science
2694,Chemistry Topic #3: What is the atomic number of Fluorine (F)?,11,14,8,9,D,easy,Science
2695,Chemistry Topic #3: What is the atomic number of Neon (Ne)?,15,12,9,10,D,easy,Science
2696,Chemistry Topic #3: What is the atomic number of Magnesium (Mg)?,14,11,17,12,D,easy,Science
2697,Chemistry Topic #3: What is the atomic number of Aluminum (Al)?,13,15,12,18,A,easy,Science
2698,Chemistry Topic #3: What is the atomic number of Silicon (Si)?,16,14,13,19,B,easy,Science
2699,Chemistry Topic #3: What is the atomic number of Phosphorus (P)?,17,20,14,15,D,easy,Science
2700,Chemistry Topic #3: What is the atomic number of Sulfur (S)?,18,16,15,21,B,easy,Science
2701,Chemistry Topic #3: What is the atomic number of Chlorine (Cl)?,17,22,19,16,A,easy,Science
2702,Chemistry Topic #3: What is the atomic number of Argon (Ar)?,20,17,18,23,C,easy,Science
2703,Chemistry Topic #4: What is the atomic number of Calcium (Ca)?,25,19,22,20,D,easy,Science
2704,Chemistry Topic #4: What is the chemical symbol for Gold?,Fe,Au,Gd,Ag,B,easy,Science
2705,Chemistry Topic #4: What is the chemical symbol for Sodium?,K,Na,Sd,So,B,easy,Science
2706,Chemistry Topic #4: What is the chemical symbol for Potassium?,K,P,Pt,Po,A,easy,Science
2707,Chemistry Topic #4: What is the chemical symbol for Iron?,In,Pb,Fe,Ir,C,easy,Science
2708,Chemistry Topic #4: What is the atomic number of Carbon?,14,8,6,12,C,easy,Science
2709,Chemistry Topic #4: What is the atomic number of Oxygen?,10,16,8,6,C,easy,Science
2710,Chemistry Topic #4: What is Avogadro's constant approximately?,6.022 x 10^21 mol^-1,6.022 x 10^23 mol^-1,3.0 x 10^8 mol^-1,1.602 x 10^-19 mol^-1,B,easy,Science
2711,Chemistry Topic #4: What is the pH value of pure neutral water at 25°C?,14,0,1,7,D,easy,Science
2712,Chemistry Topic #4: A solution with a pH of 3 is classified as:,Neutral,Strongly basic,Weakly basic,Strongly acidic,D,easy,Science
2713,Chemistry Topic #4: A solution with a pH of 12 is classified as:,Amphoteric,Strongly basic (alkaline),Neutral,Acidic,B,easy,Science
2714,Chemistry Topic #4: What type of chemical bond is formed by the sharing of electron pairs between atoms?,Hydrogen bond,Metallic bond,Covalent bond,Ionic bond,C,easy,Science
2715,Chemistry Topic #4: What type of chemical bond is formed by the complete transfer of electrons from a metal to a non-metal?,Hydrogen bond,Covalent bond,Van der Waals bond,Ionic bond,D,easy,Science
2716,Chemistry Topic #4: Which gas makes up the largest percentage of Earth's atmosphere by volume?,"Nitrogen (N2, ~78%)",Argon (Ar),Carbon dioxide (CO2),"Oxygen (O2, ~21%)",A,easy,Science
2717,Chemistry Topic #4: What is the molecular formula of table salt?,Na2SO4,NaCl,CaCl2,KCl,B,easy,Science
2718,Chemistry Topic #4: What is the chemical formula of Sulfuric Acid?,H2SO4,HCl,H3PO4,HNO3,A,easy,Science
2719,Chemistry Topic #4: What is the chemical formula of Hydrochloric Acid?,HF,HClO4,H2SO4,HCl,D,easy,Science
2720,Chemistry Topic #4: Which group in the Periodic Table contains the chemically inert Noble Gases?,Group 18 (VIII A),Group 2,Group 1,Group 17,A,easy,Science
2721,"Chemistry Topic #4: Which group in the Periodic Table contains the Halogens (Fluorine, Chlorine, Bromine, Iodine)?",Group 16,Group 1,Group 17 (VII A),Group 2,C,easy,Science
2722,Chemistry Topic #4: What is the term for a substance that speeds up a chemical reaction without being consumed?,Substrate,Catalyst,Inhibitor,Intermediate,B,easy,Science
2723,Chemistry Topic #4: What is an isotope of an element?,Atoms with the same mass number but different atomic numbers,Positively charged ions,Atoms with the same number of protons but different numbers of neutrons,Atoms with different numbers of protons,C,medium,Science
2724,Chemistry Topic #4: What type of chemical reaction releases heat energy to the surroundings (negative ΔH)?,Exothermic reaction,Endothermic reaction,Adiabatic reaction,Electrolytic reaction,A,easy,Science
2725,Chemistry Topic #4: What type of chemical reaction absorbs heat energy from the surroundings (positive ΔH)?,Precipitation reaction,Exothermic reaction,Endothermic reaction,Combustion reaction,C,easy,Science
2726,"Chemistry Topic #4: What principle states that if a dynamic equilibrium is disturbed, the position of equilibrium shifts to counteract the change?",Henry's Law,Le Chatelier's Principle,Raoult's Law,Hess's Law,B,medium,Science
2727,Chemistry Topic #4: What is the general formula for saturated hydrocarbons (alkanes)?,C_n H_(2n),C_n H_n,C_n H_(2n-2),C_n H_(2n+2),D,medium,Science
2728,Chemistry Topic #4: What functional group characterizes organic alcohols?,-COOH (Carboxyl group),-CHO (Aldehyde group),-OH (Hydroxyl group),-NH2 (Amino group),C,easy,Science
2729,Chemistry Topic #4: What is the atomic number of Hydrogen (H)?,3,6,1,3,C,easy,Science
2730,Chemistry Topic #4: What is the atomic number of Helium (He)?,4,7,2,1,C,easy,Science
2731,Chemistry Topic #4: What is the atomic number of Lithium (Li)?,8,2,5,3,D,easy,Science
2732,Chemistry Topic #4: What is the atomic number of Beryllium (Be)?,9,6,3,4,D,easy,Science
2733,Chemistry Topic #4: What is the atomic number of Boron (B)?,7,10,5,4,C,easy,Science
2734,Chemistry Topic #4: What is the atomic number of Nitrogen (N)?,6,9,7,12,C,easy,Science
2735,Chemistry Topic #4: What is the atomic number of Fluorine (F)?,8,14,11,9,D,easy,Science
2736,Chemistry Topic #4: What is the atomic number of Neon (Ne)?,15,12,9,10,D,easy,Science
2737,Chemistry Topic #4: What is the atomic number of Magnesium (Mg)?,17,14,11,12,D,easy,Science
2738,Chemistry Topic #4: What is the atomic number of Aluminum (Al)?,15,12,18,13,D,easy,Science
2739,Chemistry Topic #4: What is the atomic number of Silicon (Si)?,19,13,16,14,D,easy,Science
2740,Chemistry Topic #4: What is the atomic number of Phosphorus (P)?,17,14,20,15,D,easy,Science
2741,Chemistry Topic #4: What is the atomic number of Sulfur (S)?,15,18,16,21,C,easy,Science
2742,Chemistry Topic #4: What is the atomic number of Chlorine (Cl)?,19,16,17,22,C,easy,Science
2743,Chemistry Topic #4: What is the atomic number of Argon (Ar)?,20,23,17,18,D,easy,Science
2744,Chemistry Topic #5: What is the atomic number of Calcium (Ca)?,20,25,22,19,A,easy,Science
2745,Chemistry Topic #5: What is the chemical symbol for Gold?,Gd,Ag,Fe,Au,D,easy,Science
2746,Chemistry Topic #5: What is the chemical symbol for Sodium?,K,Na,Sd,So,B,easy,Science
2747,Chemistry Topic #5: What is the chemical symbol for Potassium?,K,Po,P,Pt,A,easy,Science
2748,Chemistry Topic #5: What is the chemical symbol for Iron?,Ir,Fe,In,Pb,B,easy,Science
2749,Chemistry Topic #5: What is the atomic number of Carbon?,12,6,8,14,B,easy,Science
2750,Chemistry Topic #5: What is the atomic number of Oxygen?,8,16,6,10,A,easy,Science
2751,Chemistry Topic #5: What is Avogadro's constant approximately?,1.602 x 10^-19 mol^-1,3.0 x 10^8 mol^-1,6.022 x 10^23 mol^-1,6.022 x 10^21 mol^-1,C,easy,Science
2752,Chemistry Topic #5: What is the pH value of pure neutral water at 25°C?,0,1,14,7,D,easy,Science
2753,Chemistry Topic #5: A solution with a pH of 3 is classified as:,Neutral,Strongly acidic,Strongly basic,Weakly basic,B,easy,Science
2754,Chemistry Topic #5: A solution with a pH of 12 is classified as:,Strongly basic (alkaline),Amphoteric,Acidic,Neutral,A,easy,Science
2755,Chemistry Topic #5: What type of chemical bond is formed by the sharing of electron pairs between atoms?,Covalent bond,Ionic bond,Metallic bond,Hydrogen bond,A,easy,Science
2756,Chemistry Topic #5: What type of chemical bond is formed by the complete transfer of electrons from a metal to a non-metal?,Van der Waals bond,Hydrogen bond,Ionic bond,Covalent bond,C,easy,Science
2757,Chemistry Topic #5: Which gas makes up the largest percentage of Earth's atmosphere by volume?,"Oxygen (O2, ~21%)",Carbon dioxide (CO2),Argon (Ar),"Nitrogen (N2, ~78%)",D,easy,Science
2758,Chemistry Topic #5: What is the molecular formula of table salt?,NaCl,KCl,Na2SO4,CaCl2,A,easy,Science
2759,Chemistry Topic #5: What is the chemical formula of Sulfuric Acid?,H3PO4,H2SO4,HCl,HNO3,B,easy,Science
2760,Chemistry Topic #5: What is the chemical formula of Hydrochloric Acid?,HCl,HF,HClO4,H2SO4,A,easy,Science
2761,Chemistry Topic #5: Which group in the Periodic Table contains the chemically inert Noble Gases?,Group 18 (VIII A),Group 2,Group 1,Group 17,A,easy,Science
2762,"Chemistry Topic #5: Which group in the Periodic Table contains the Halogens (Fluorine, Chlorine, Bromine, Iodine)?",Group 1,Group 16,Group 2,Group 17 (VII A),D,easy,Science
2763,Chemistry Topic #5: What is the term for a substance that speeds up a chemical reaction without being consumed?,Inhibitor,Substrate,Intermediate,Catalyst,D,easy,Science
2764,Chemistry Topic #5: What is an isotope of an element?,Atoms with the same mass number but different atomic numbers,Atoms with the same number of protons but different numbers of neutrons,Atoms with different numbers of protons,Positively charged ions,B,medium,Science
2765,Chemistry Topic #5: What type of chemical reaction releases heat energy to the surroundings (negative ΔH)?,Electrolytic reaction,Exothermic reaction,Adiabatic reaction,Endothermic reaction,B,easy,Science
2766,Chemistry Topic #5: What type of chemical reaction absorbs heat energy from the surroundings (positive ΔH)?,Combustion reaction,Precipitation reaction,Exothermic reaction,Endothermic reaction,D,easy,Science
2767,"Chemistry Topic #5: What principle states that if a dynamic equilibrium is disturbed, the position of equilibrium shifts to counteract the change?",Le Chatelier's Principle,Hess's Law,Henry's Law,Raoult's Law,A,medium,Science
2768,Chemistry Topic #5: What is the general formula for saturated hydrocarbons (alkanes)?,C_n H_(2n+2),C_n H_(2n),C_n H_n,C_n H_(2n-2),A,medium,Science
2769,Chemistry Topic #5: What functional group characterizes organic alcohols?,-OH (Hydroxyl group),-NH2 (Amino group),-COOH (Carboxyl group),-CHO (Aldehyde group),A,easy,Science
2770,Chemistry Topic #5: What is the atomic number of Hydrogen (H)?,3,6,1,3,C,easy,Science
2771,Chemistry Topic #5: What is the atomic number of Helium (He)?,1,7,4,2,D,easy,Science
2772,Chemistry Topic #5: What is the atomic number of Lithium (Li)?,5,8,2,3,D,easy,Science
2773,Chemistry Topic #5: What is the atomic number of Beryllium (Be)?,3,4,9,6,B,easy,Science
2774,Chemistry Topic #5: What is the atomic number of Boron (B)?,5,4,10,7,A,easy,Science
2775,Chemistry Topic #5: What is the atomic number of Nitrogen (N)?,6,9,7,12,C,easy,Science
2776,Chemistry Topic #5: What is the atomic number of Fluorine (F)?,8,14,9,11,C,easy,Science
2777,Chemistry Topic #5: What is the atomic number of Neon (Ne)?,9,12,15,10,D,easy,Science
2778,Chemistry Topic #5: What is the atomic number of Magnesium (Mg)?,14,17,11,12,D,easy,Science
2779,Chemistry Topic #5: What is the atomic number of Aluminum (Al)?,13,12,18,15,A,easy,Science
2780,Chemistry Topic #5: What is the atomic number of Silicon (Si)?,14,19,13,16,A,easy,Science
2781,Chemistry Topic #5: What is the atomic number of Phosphorus (P)?,17,14,20,15,D,easy,Science
2782,Chemistry Topic #5: What is the atomic number of Sulfur (S)?,15,16,21,18,B,easy,Science
2783,Chemistry Topic #5: What is the atomic number of Chlorine (Cl)?,16,17,22,19,B,easy,Science
2784,Chemistry Topic #5: What is the atomic number of Argon (Ar)?,20,18,23,17,B,easy,Science
2785,Chemistry Topic #6: What is the atomic number of Calcium (Ca)?,25,19,20,22,C,easy,Science
2786,Chemistry Topic #6: What is the chemical symbol for Gold?,Fe,Au,Gd,Ag,B,easy,Science
2787,Chemistry Topic #6: What is the chemical symbol for Sodium?,So,K,Sd,Na,D,easy,Science
2788,Chemistry Topic #6: What is the chemical symbol for Potassium?,P,K,Po,Pt,B,easy,Science
2789,Chemistry Topic #6: What is the chemical symbol for Iron?,Pb,Ir,Fe,In,C,easy,Science
2790,Chemistry Topic #6: What is the atomic number of Carbon?,14,12,6,8,C,easy,Science
2791,Chemistry Topic #6: What is the atomic number of Oxygen?,16,8,10,6,B,easy,Science
2792,Chemistry Topic #6: What is Avogadro's constant approximately?,6.022 x 10^21 mol^-1,6.022 x 10^23 mol^-1,3.0 x 10^8 mol^-1,1.602 x 10^-19 mol^-1,B,easy,Science
2793,Chemistry Topic #6: What is the pH value of pure neutral water at 25°C?,0,14,1,7,D,easy,Science
2794,Chemistry Topic #6: A solution with a pH of 3 is classified as:,Strongly basic,Neutral,Strongly acidic,Weakly basic,C,easy,Science
2795,Chemistry Topic #6: A solution with a pH of 12 is classified as:,Strongly basic (alkaline),Amphoteric,Acidic,Neutral,A,easy,Science
2796,Chemistry Topic #6: What type of chemical bond is formed by the sharing of electron pairs between atoms?,Hydrogen bond,Metallic bond,Covalent bond,Ionic bond,C,easy,Science
2797,Chemistry Topic #6: What type of chemical bond is formed by the complete transfer of electrons from a metal to a non-metal?,Van der Waals bond,Covalent bond,Ionic bond,Hydrogen bond,C,easy,Science
2798,Chemistry Topic #6: Which gas makes up the largest percentage of Earth's atmosphere by volume?,Carbon dioxide (CO2),Argon (Ar),"Nitrogen (N2, ~78%)","Oxygen (O2, ~21%)",C,easy,Science
2799,Chemistry Topic #6: What is the molecular formula of table salt?,NaCl,Na2SO4,CaCl2,KCl,A,easy,Science
2800,Chemistry Topic #6: What is the chemical formula of Sulfuric Acid?,H3PO4,H2SO4,HNO3,HCl,B,easy,Science
2801,Chemistry Topic #6: What is the chemical formula of Hydrochloric Acid?,H2SO4,HCl,HF,HClO4,B,easy,Science
2802,Chemistry Topic #6: Which group in the Periodic Table contains the chemically inert Noble Gases?,Group 18 (VIII A),Group 2,Group 17,Group 1,A,easy,Science
2803,"Chemistry Topic #6: Which group in the Periodic Table contains the Halogens (Fluorine, Chlorine, Bromine, Iodine)?",Group 17 (VII A),Group 16,Group 1,Group 2,A,easy,Science
2804,Chemistry Topic #6: What is the term for a substance that speeds up a chemical reaction without being consumed?,Catalyst,Substrate,Intermediate,Inhibitor,A,easy,Science
2805,Chemistry Topic #6: What is an isotope of an element?,Atoms with the same number of protons but different numbers of neutrons,Atoms with different numbers of protons,Atoms with the same mass number but different atomic numbers,Positively charged ions,A,medium,Science
2806,Chemistry Topic #6: What type of chemical reaction releases heat energy to the surroundings (negative ΔH)?,Exothermic reaction,Adiabatic reaction,Endothermic reaction,Electrolytic reaction,A,easy,Science
2807,Chemistry Topic #6: What type of chemical reaction absorbs heat energy from the surroundings (positive ΔH)?,Exothermic reaction,Combustion reaction,Precipitation reaction,Endothermic reaction,D,easy,Science
2808,"Chemistry Topic #6: What principle states that if a dynamic equilibrium is disturbed, the position of equilibrium shifts to counteract the change?",Henry's Law,Le Chatelier's Principle,Raoult's Law,Hess's Law,B,medium,Science
2809,Chemistry Topic #6: What is the general formula for saturated hydrocarbons (alkanes)?,C_n H_(2n-2),C_n H_(2n),C_n H_(2n+2),C_n H_n,C,medium,Science
2810,Chemistry Topic #6: What functional group characterizes organic alcohols?,-CHO (Aldehyde group),-OH (Hydroxyl group),-COOH (Carboxyl group),-NH2 (Amino group),B,easy,Science
2811,Chemistry Topic #6: What is the atomic number of Hydrogen (H)?,6,1,3,3,B,easy,Science
2812,Chemistry Topic #6: What is the atomic number of Helium (He)?,1,7,2,4,C,easy,Science
2813,Chemistry Topic #6: What is the atomic number of Lithium (Li)?,3,5,2,8,A,easy,Science
2814,Chemistry Topic #6: What is the atomic number of Beryllium (Be)?,9,4,3,6,B,easy,Science
2815,Chemistry Topic #6: What is the atomic number of Boron (B)?,5,7,4,10,A,easy,Science
2816,Chemistry Topic #6: What is the atomic number of Nitrogen (N)?,7,6,9,12,A,easy,Science
2817,Chemistry Topic #6: What is the atomic number of Fluorine (F)?,9,8,11,14,A,easy,Science
2818,Chemistry Topic #6: What is the atomic number of Neon (Ne)?,10,9,12,15,A,easy,Science
2819,Chemistry Topic #6: What is the atomic number of Magnesium (Mg)?,14,11,12,17,C,easy,Science
2820,Chemistry Topic #6: What is the atomic number of Aluminum (Al)?,12,15,13,18,C,easy,Science
2821,Chemistry Topic #6: What is the atomic number of Silicon (Si)?,13,19,16,14,D,easy,Science
2822,Chemistry Topic #6: What is the atomic number of Phosphorus (P)?,17,15,20,14,B,easy,Science
2823,Chemistry Topic #6: What is the atomic number of Sulfur (S)?,18,21,16,15,C,easy,Science
2824,Chemistry Topic #6: What is the atomic number of Chlorine (Cl)?,16,19,22,17,D,easy,Science
2825,Chemistry Topic #6: What is the atomic number of Argon (Ar)?,20,23,17,18,D,easy,Science
2826,Chemistry Topic #7: What is the atomic number of Calcium (Ca)?,25,22,20,19,C,easy,Science
2827,Chemistry Topic #7: What is the chemical symbol for Gold?,Au,Gd,Ag,Fe,A,easy,Science
2828,Chemistry Topic #7: What is the chemical symbol for Sodium?,K,Na,Sd,So,B,easy,Science
2829,Chemistry Topic #7: What is the chemical symbol for Potassium?,Pt,P,K,Po,C,easy,Science
2830,Chemistry Topic #7: What is the chemical symbol for Iron?,Fe,Pb,Ir,In,A,easy,Science
2831,Chemistry Topic #7: What is the atomic number of Carbon?,12,6,14,8,B,easy,Science
2832,Chemistry Topic #7: What is the atomic number of Oxygen?,16,8,6,10,B,easy,Science
2833,Chemistry Topic #7: What is Avogadro's constant approximately?,6.022 x 10^21 mol^-1,3.0 x 10^8 mol^-1,6.022 x 10^23 mol^-1,1.602 x 10^-19 mol^-1,C,easy,Science
2834,Chemistry Topic #7: What is the pH value of pure neutral water at 25°C?,14,7,1,0,B,easy,Science
2835,Chemistry Topic #7: A solution with a pH of 3 is classified as:,Strongly acidic,Weakly basic,Strongly basic,Neutral,A,easy,Science
2836,Chemistry Topic #7: A solution with a pH of 12 is classified as:,Amphoteric,Acidic,Strongly basic (alkaline),Neutral,C,easy,Science
2837,Chemistry Topic #7: What type of chemical bond is formed by the sharing of electron pairs between atoms?,Covalent bond,Metallic bond,Hydrogen bond,Ionic bond,A,easy,Science
2838,Chemistry Topic #7: What type of chemical bond is formed by the complete transfer of electrons from a metal to a non-metal?,Ionic bond,Hydrogen bond,Van der Waals bond,Covalent bond,A,easy,Science
2839,Chemistry Topic #7: Which gas makes up the largest percentage of Earth's atmosphere by volume?,Carbon dioxide (CO2),Argon (Ar),"Oxygen (O2, ~21%)","Nitrogen (N2, ~78%)",D,easy,Science
2840,Chemistry Topic #7: What is the molecular formula of table salt?,CaCl2,NaCl,Na2SO4,KCl,B,easy,Science
2841,Chemistry Topic #7: What is the chemical formula of Sulfuric Acid?,H2SO4,HCl,HNO3,H3PO4,A,easy,Science
2842,Chemistry Topic #7: What is the chemical formula of Hydrochloric Acid?,HClO4,H2SO4,HCl,HF,C,easy,Science
2843,Chemistry Topic #7: Which group in the Periodic Table contains the chemically inert Noble Gases?,Group 18 (VIII A),Group 1,Group 17,Group 2,A,easy,Science
2844,"Chemistry Topic #7: Which group in the Periodic Table contains the Halogens (Fluorine, Chlorine, Bromine, Iodine)?",Group 16,Group 17 (VII A),Group 1,Group 2,B,easy,Science
2845,Chemistry Topic #7: What is the term for a substance that speeds up a chemical reaction without being consumed?,Inhibitor,Substrate,Intermediate,Catalyst,D,easy,Science
2846,Chemistry Topic #7: What is an isotope of an element?,Atoms with the same number of protons but different numbers of neutrons,Atoms with different numbers of protons,Positively charged ions,Atoms with the same mass number but different atomic numbers,A,medium,Science
2847,Chemistry Topic #7: What type of chemical reaction releases heat energy to the surroundings (negative ΔH)?,Adiabatic reaction,Endothermic reaction,Exothermic reaction,Electrolytic reaction,C,easy,Science
2848,Chemistry Topic #7: What type of chemical reaction absorbs heat energy from the surroundings (positive ΔH)?,Precipitation reaction,Exothermic reaction,Combustion reaction,Endothermic reaction,D,easy,Science
2849,"Chemistry Topic #7: What principle states that if a dynamic equilibrium is disturbed, the position of equilibrium shifts to counteract the change?",Henry's Law,Le Chatelier's Principle,Raoult's Law,Hess's Law,B,medium,Science
2850,Chemistry Topic #7: What is the general formula for saturated hydrocarbons (alkanes)?,C_n H_(2n+2),C_n H_(2n),C_n H_n,C_n H_(2n-2),A,medium,Science
2851,Chemistry Topic #7: What functional group characterizes organic alcohols?,-COOH (Carboxyl group),-NH2 (Amino group),-OH (Hydroxyl group),-CHO (Aldehyde group),C,easy,Science
2852,Chemistry Topic #7: What is the atomic number of Hydrogen (H)?,3,6,3,1,D,easy,Science
2853,Chemistry Topic #7: What is the atomic number of Helium (He)?,7,4,1,2,D,easy,Science
2854,Chemistry Topic #7: What is the atomic number of Lithium (Li)?,5,2,8,3,D,easy,Science
2855,Chemistry Topic #7: What is the atomic number of Beryllium (Be)?,9,3,6,4,D,easy,Science
2856,Chemistry Topic #7: What is the atomic number of Boron (B)?,4,10,5,7,C,easy,Science
2857,Chemistry Topic #7: What is the atomic number of Nitrogen (N)?,6,12,9,7,D,easy,Science
2858,Chemistry Topic #7: What is the atomic number of Fluorine (F)?,11,9,14,8,B,easy,Science
2859,Chemistry Topic #7: What is the atomic number of Neon (Ne)?,10,9,15,12,A,easy,Science
2860,Chemistry Topic #7: What is the atomic number of Magnesium (Mg)?,14,11,12,17,C,easy,Science
2861,Chemistry Topic #7: What is the atomic number of Aluminum (Al)?,13,18,12,15,A,easy,Science
2862,Chemistry Topic #7: What is the atomic number of Silicon (Si)?,16,14,13,19,B,easy,Science
2863,Chemistry Topic #7: What is the atomic number of Phosphorus (P)?,17,14,15,20,C,easy,Science
2864,Chemistry Topic #7: What is the atomic number of Sulfur (S)?,16,15,21,18,A,easy,Science
2865,Chemistry Topic #7: What is the atomic number of Chlorine (Cl)?,16,19,17,22,C,easy,Science
2866,Chemistry Topic #7: What is the atomic number of Argon (Ar)?,18,23,17,20,A,easy,Science
2867,Chemistry Topic #8: What is the atomic number of Calcium (Ca)?,22,25,20,19,C,easy,Science
2868,Chemistry Topic #8: What is the chemical symbol for Gold?,Fe,Au,Gd,Ag,B,easy,Science
2869,Chemistry Topic #8: What is the chemical symbol for Sodium?,So,Na,Sd,K,B,easy,Science
2870,Chemistry Topic #8: What is the chemical symbol for Potassium?,K,P,Pt,Po,A,easy,Science
2871,Chemistry Topic #8: What is the chemical symbol for Iron?,In,Fe,Ir,Pb,B,easy,Science
2872,Chemistry Topic #8: What is the atomic number of Carbon?,8,14,12,6,D,easy,Science
2873,Chemistry Topic #8: What is the atomic number of Oxygen?,8,16,10,6,A,easy,Science
2874,Chemistry Topic #8: What is Avogadro's constant approximately?,6.022 x 10^21 mol^-1,6.022 x 10^23 mol^-1,3.0 x 10^8 mol^-1,1.602 x 10^-19 mol^-1,B,easy,Science
2875,Chemistry Topic #8: What is the pH value of pure neutral water at 25°C?,0,14,7,1,C,easy,Science
2876,Chemistry Topic #8: A solution with a pH of 3 is classified as:,Strongly acidic,Strongly basic,Weakly basic,Neutral,A,easy,Science
2877,Chemistry Topic #8: A solution with a pH of 12 is classified as:,Amphoteric,Strongly basic (alkaline),Neutral,Acidic,B,easy,Science
2878,Chemistry Topic #8: What type of chemical bond is formed by the sharing of electron pairs between atoms?,Ionic bond,Covalent bond,Metallic bond,Hydrogen bond,B,easy,Science
2879,Chemistry Topic #8: What type of chemical bond is formed by the complete transfer of electrons from a metal to a non-metal?,Hydrogen bond,Van der Waals bond,Ionic bond,Covalent bond,C,easy,Science
2880,Chemistry Topic #8: Which gas makes up the largest percentage of Earth's atmosphere by volume?,"Oxygen (O2, ~21%)","Nitrogen (N2, ~78%)",Argon (Ar),Carbon dioxide (CO2),B,easy,Science
2881,Chemistry Topic #8: What is the molecular formula of table salt?,NaCl,CaCl2,Na2SO4,KCl,A,easy,Science
2882,Chemistry Topic #8: What is the chemical formula of Sulfuric Acid?,HNO3,H3PO4,HCl,H2SO4,D,easy,Science
2883,Chemistry Topic #8: What is the chemical formula of Hydrochloric Acid?,HClO4,H2SO4,HF,HCl,D,easy,Science
2884,Chemistry Topic #8: Which group in the Periodic Table contains the chemically inert Noble Gases?,Group 17,Group 18 (VIII A),Group 1,Group 2,B,easy,Science
2885,"Chemistry Topic #8: Which group in the Periodic Table contains the Halogens (Fluorine, Chlorine, Bromine, Iodine)?",Group 1,Group 16,Group 17 (VII A),Group 2,C,easy,Science
2886,Chemistry Topic #8: What is the term for a substance that speeds up a chemical reaction without being consumed?,Inhibitor,Substrate,Catalyst,Intermediate,C,easy,Science
2887,Chemistry Topic #8: What is an isotope of an element?,Atoms with the same number of protons but different numbers of neutrons,Atoms with the same mass number but different atomic numbers,Atoms with different numbers of protons,Positively charged ions,A,medium,Science
2888,Chemistry Topic #8: What type of chemical reaction releases heat energy to the surroundings (negative ΔH)?,Adiabatic reaction,Endothermic reaction,Exothermic reaction,Electrolytic reaction,C,easy,Science
2889,Chemistry Topic #8: What type of chemical reaction absorbs heat energy from the surroundings (positive ΔH)?,Combustion reaction,Exothermic reaction,Precipitation reaction,Endothermic reaction,D,easy,Science
2890,"Chemistry Topic #8: What principle states that if a dynamic equilibrium is disturbed, the position of equilibrium shifts to counteract the change?",Hess's Law,Raoult's Law,Henry's Law,Le Chatelier's Principle,D,medium,Science
2891,Chemistry Topic #8: What is the general formula for saturated hydrocarbons (alkanes)?,C_n H_(2n+2),C_n H_(2n),C_n H_n,C_n H_(2n-2),A,medium,Science
2892,Chemistry Topic #8: What functional group characterizes organic alcohols?,-CHO (Aldehyde group),-OH (Hydroxyl group),-COOH (Carboxyl group),-NH2 (Amino group),B,easy,Science
2893,Chemistry Topic #8: What is the atomic number of Hydrogen (H)?,3,6,3,1,D,easy,Science
2894,Chemistry Topic #8: What is the atomic number of Helium (He)?,1,4,2,7,C,easy,Science
2895,Chemistry Topic #8: What is the atomic number of Lithium (Li)?,5,8,3,2,C,easy,Science
2896,Chemistry Topic #8: What is the atomic number of Beryllium (Be)?,6,9,3,4,D,easy,Science
2897,Chemistry Topic #8: What is the atomic number of Boron (B)?,4,5,10,7,B,easy,Science
2898,Chemistry Topic #8: What is the atomic number of Nitrogen (N)?,9,6,7,12,C,easy,Science
2899,Chemistry Topic #8: What is the atomic number of Fluorine (F)?,14,11,8,9,D,easy,Science
2900,Chemistry Topic #8: What is the atomic number of Neon (Ne)?,10,9,15,12,A,easy,Science
2901,Chemistry Topic #8: What is the atomic number of Magnesium (Mg)?,17,11,12,14,C,easy,Science
2902,Chemistry Topic #8: What is the atomic number of Aluminum (Al)?,12,13,18,15,B,easy,Science
2903,Chemistry Topic #8: What is the atomic number of Silicon (Si)?,19,13,16,14,D,easy,Science
2904,Chemistry Topic #8: What is the atomic number of Phosphorus (P)?,17,14,15,20,C,easy,Science
2905,Chemistry Topic #8: What is the atomic number of Sulfur (S)?,15,21,18,16,D,easy,Science
2906,Chemistry Topic #8: What is the atomic number of Chlorine (Cl)?,16,17,22,19,B,easy,Science
2907,Chemistry Topic #8: What is the atomic number of Argon (Ar)?,23,17,18,20,C,easy,Science
2908,Chemistry Topic #9: What is the atomic number of Calcium (Ca)?,22,19,20,25,C,easy,Science
2909,Chemistry Topic #9: What is the chemical symbol for Gold?,Ag,Gd,Au,Fe,C,easy,Science
2910,Chemistry Topic #9: What is the chemical symbol for Sodium?,K,Sd,Na,So,C,easy,Science
2911,Chemistry Topic #9: What is the chemical symbol for Potassium?,Po,Pt,K,P,C,easy,Science
2912,Chemistry Topic #9: What is the chemical symbol for Iron?,Pb,In,Ir,Fe,D,easy,Science
2913,Chemistry Topic #9: What is the atomic number of Carbon?,8,6,14,12,B,easy,Science
2914,Chemistry Topic #9: What is the atomic number of Oxygen?,6,8,16,10,B,easy,Science
2915,Chemistry Topic #9: What is Avogadro's constant approximately?,1.602 x 10^-19 mol^-1,3.0 x 10^8 mol^-1,6.022 x 10^23 mol^-1,6.022 x 10^21 mol^-1,C,easy,Science
2916,Chemistry Topic #9: What is the pH value of pure neutral water at 25°C?,1,7,0,14,B,easy,Science
2917,Chemistry Topic #9: A solution with a pH of 3 is classified as:,Neutral,Strongly basic,Weakly basic,Strongly acidic,D,easy,Science
2918,Chemistry Topic #9: A solution with a pH of 12 is classified as:,Neutral,Amphoteric,Acidic,Strongly basic (alkaline),D,easy,Science
2919,Chemistry Topic #9: What type of chemical bond is formed by the sharing of electron pairs between atoms?,Ionic bond,Metallic bond,Covalent bond,Hydrogen bond,C,easy,Science
2920,Chemistry Topic #9: What type of chemical bond is formed by the complete transfer of electrons from a metal to a non-metal?,Ionic bond,Covalent bond,Van der Waals bond,Hydrogen bond,A,easy,Science
2921,Chemistry Topic #9: Which gas makes up the largest percentage of Earth's atmosphere by volume?,"Oxygen (O2, ~21%)",Carbon dioxide (CO2),Argon (Ar),"Nitrogen (N2, ~78%)",D,easy,Science
2922,Chemistry Topic #9: What is the molecular formula of table salt?,NaCl,CaCl2,KCl,Na2SO4,A,easy,Science
2923,Chemistry Topic #9: What is the chemical formula of Sulfuric Acid?,HCl,H3PO4,HNO3,H2SO4,D,easy,Science
2924,Chemistry Topic #9: What is the chemical formula of Hydrochloric Acid?,HClO4,H2SO4,HCl,HF,C,easy,Science
2925,Chemistry Topic #9: Which group in the Periodic Table contains the chemically inert Noble Gases?,Group 1,Group 18 (VIII A),Group 17,Group 2,B,easy,Science
2926,"Chemistry Topic #9: Which group in the Periodic Table contains the Halogens (Fluorine, Chlorine, Bromine, Iodine)?",Group 16,Group 1,Group 17 (VII A),Group 2,C,easy,Science
2927,Chemistry Topic #9: What is the term for a substance that speeds up a chemical reaction without being consumed?,Substrate,Inhibitor,Catalyst,Intermediate,C,easy,Science
2928,Chemistry Topic #9: What is an isotope of an element?,Positively charged ions,Atoms with different numbers of protons,Atoms with the same mass number but different atomic numbers,Atoms with the same number of protons but different numbers of neutrons,D,medium,Science
2929,Chemistry Topic #9: What type of chemical reaction releases heat energy to the surroundings (negative ΔH)?,Endothermic reaction,Exothermic reaction,Adiabatic reaction,Electrolytic reaction,B,easy,Science
2930,Chemistry Topic #9: What type of chemical reaction absorbs heat energy from the surroundings (positive ΔH)?,Exothermic reaction,Combustion reaction,Precipitation reaction,Endothermic reaction,D,easy,Science
2931,"Chemistry Topic #9: What principle states that if a dynamic equilibrium is disturbed, the position of equilibrium shifts to counteract the change?",Henry's Law,Raoult's Law,Hess's Law,Le Chatelier's Principle,D,medium,Science
2932,Chemistry Topic #9: What is the general formula for saturated hydrocarbons (alkanes)?,C_n H_(2n),C_n H_(2n-2),C_n H_(2n+2),C_n H_n,C,medium,Science
2933,Chemistry Topic #9: What functional group characterizes organic alcohols?,-CHO (Aldehyde group),-COOH (Carboxyl group),-NH2 (Amino group),-OH (Hydroxyl group),D,easy,Science
2934,Chemistry Topic #9: What is the atomic number of Hydrogen (H)?,3,1,3,6,B,easy,Science
2935,Chemistry Topic #9: What is the atomic number of Helium (He)?,1,2,7,4,B,easy,Science
2936,Chemistry Topic #9: What is the atomic number of Lithium (Li)?,2,5,8,3,D,easy,Science
2937,Chemistry Topic #9: What is the atomic number of Beryllium (Be)?,9,6,4,3,C,easy,Science
2938,Chemistry Topic #9: What is the atomic number of Boron (B)?,7,5,10,4,B,easy,Science
2939,Chemistry Topic #9: What is the atomic number of Nitrogen (N)?,7,9,6,12,A,easy,Science
2940,Chemistry Topic #9: What is the atomic number of Fluorine (F)?,8,11,14,9,D,easy,Science
2941,Chemistry Topic #9: What is the atomic number of Neon (Ne)?,12,15,10,9,C,easy,Science
2942,Chemistry Topic #9: What is the atomic number of Magnesium (Mg)?,14,17,11,12,D,easy,Science
2943,Chemistry Topic #9: What is the atomic number of Aluminum (Al)?,13,18,12,15,A,easy,Science
2944,Chemistry Topic #9: What is the atomic number of Silicon (Si)?,19,16,14,13,C,easy,Science
2945,Chemistry Topic #9: What is the atomic number of Phosphorus (P)?,14,17,20,15,D,easy,Science
2946,Chemistry Topic #9: What is the atomic number of Sulfur (S)?,18,15,21,16,D,easy,Science
2947,Chemistry Topic #9: What is the atomic number of Chlorine (Cl)?,22,16,17,19,C,easy,Science
2948,Chemistry Topic #9: What is the atomic number of Argon (Ar)?,20,17,23,18,D,easy,Science
2949,Chemistry Topic #10: What is the atomic number of Calcium (Ca)?,25,20,19,22,B,easy,Science
2950,Chemistry Topic #10: What is the chemical symbol for Gold?,Au,Ag,Fe,Gd,A,easy,Science
2951,Chemistry Topic #10: What is the chemical symbol for Sodium?,So,K,Na,Sd,C,easy,Science
2952,Chemistry Topic #10: What is the chemical symbol for Potassium?,Po,K,Pt,P,B,easy,Science
2953,Chemistry Topic #10: What is the chemical symbol for Iron?,Fe,In,Pb,Ir,A,easy,Science
2954,Chemistry Topic #10: What is the atomic number of Carbon?,12,6,14,8,B,easy,Science
2955,Chemistry Topic #10: What is the atomic number of Oxygen?,10,8,16,6,B,easy,Science
2956,Chemistry Topic #10: What is Avogadro's constant approximately?,6.022 x 10^23 mol^-1,1.602 x 10^-19 mol^-1,6.022 x 10^21 mol^-1,3.0 x 10^8 mol^-1,A,easy,Science
2957,Chemistry Topic #10: What is the pH value of pure neutral water at 25°C?,7,14,1,0,A,easy,Science
2958,Chemistry Topic #10: A solution with a pH of 3 is classified as:,Strongly acidic,Weakly basic,Strongly basic,Neutral,A,easy,Science
2959,Chemistry Topic #10: A solution with a pH of 12 is classified as:,Neutral,Strongly basic (alkaline),Amphoteric,Acidic,B,easy,Science
2960,Chemistry Topic #10: What type of chemical bond is formed by the sharing of electron pairs between atoms?,Metallic bond,Covalent bond,Ionic bond,Hydrogen bond,B,easy,Science
2961,What organelle is known as the 'powerhouse of the cell' for producing ATP via cellular respiration?,Chloroplast,Mitochondria,Ribosome,Nucleus,B,easy,Science
2962,Which organelle is the site of photosynthesis in plant cells?,Chloroplast,Vacuole,Golgi apparatus,Mitochondria,A,easy,Science
2963,Which organelle contains the hereditary genetic material (DNA) in eukaryotic cells?,Nucleus,Endoplasmic Reticulum,Cytoplasm,Lysosome,A,easy,Science
2964,Which organelle is responsible for synthesizing proteins in the cell?,Ribosome,Centrosome,Mitochondria,Peroxisome,A,easy,Science
2965,What is the primary carbohydrate produced during photosynthesis?,Sucrose,Cellulose,Fructose,Glucose (C6H12O6),D,easy,Science
2966,Which green pigment absorbs light energy to drive photosynthesis?,Carotenoid,Anthocyanin,Chlorophyll,Hemoglobin,C,easy,Science
2967,What are the four nitrogenous bases found in DNA?,"Cytosine, Guanine, Uracil, Thymine","Adenine, Thymine, Uracil, Guanine","Adenine, Thymine, Cytosine, Guanine","Adenine, Uracil, Cytosine, Guanine",C,easy,Science
2968,Which nitrogenous base pairs with Adenine in RNA instead of Thymine?,Uracil,Thymine,Cytosine,Guanine,A,easy,Science
2969,"According to Chargaff's rules of DNA base pairing, Adenine pairs with:",Thymine (with 2 hydrogen bonds),Guanine,Cytosine,Uracil,A,easy,Science
2970,"According to Chargaff's rules of DNA base pairing, Cytosine pairs with:",Guanine (with 3 hydrogen bonds),Adenine,Thymine,Uracil,A,easy,Science
2971,What process synthesizes messenger RNA (mRNA) from a DNA template in the nucleus?,Replication,Transduction,Translation,Transcription,D,medium,Science
2972,What process decodes mRNA into an amino acid sequence (polypeptide) at the ribosome?,Reverse transcription,Conjugation,Transcription,Translation,D,medium,Science
2973,What is the universal energy currency molecule of biological cells?,ATP (Adenosine Triphosphate),NADH,Glucose,DNA,A,easy,Science
2974,Which blood cells are responsible for transporting oxygen throughout the human body?,Red Blood Cells (Erythrocytes),White Blood Cells (Leukocytes),Plasma cells,Platelets (Thrombocytes),A,easy,Science
2975,Which iron-containing protein in red blood cells binds and carries oxygen?,Myoglobin,Hemoglobin,Fibrinogen,Albumin,B,easy,Science
2976,Which blood type is known as the universal donor in the ABO blood group system?,A positive (A+),O negative (O-),AB positive (AB+),B negative (B-),B,medium,Science
2977,Which blood type is known as the universal recipient in the ABO blood group system?,A negative (A-),AB positive (AB+),B positive (B+),O negative (O-),B,medium,Science
2978,Which hormone produced by beta cells in the pancreas lowers blood glucose levels?,Glucagon,Insulin,Thyroxine,Adrenaline,B,easy,Science
2979,Which hormone produced by alpha cells in the pancreas raises blood glucose levels?,Glucagon,Cortisol,Estrogen,Insulin,A,medium,Science
2980,What type of cell division produces two genetically identical diploid daughter cells?,Binary fission,Mitosis,Budding,Meiosis,B,easy,Science
2981,What type of cell division produces four genetically diverse haploid gametes?,Regeneration,Conjugation,Meiosis,Mitosis,C,easy,Science
2982,What is the primary mechanism of evolutionary change proposed by Charles Darwin?,Artificial Selection,Lamarckian inheritance,Genetic Drift,Natural Selection,D,easy,Science
2983,"What ecological relationship benefits both participating species (e.g., bees and flowering plants)?",Commensalism,Mutualism,Parasitism,Predation,B,easy,Science
2984,What ecological relationship benefits one organism while having no significant effect on the other?,Parasitism,Commensalism,Competition,Mutualism,B,medium,Science
2985,What percentage of energy is typically transferred from one trophic level to the next in an ecological pyramid?,~10%,~1%,~50%,~25%,A,medium,Science
2986,Biology & Life Sciences #2: What organelle is known as the 'powerhouse of the cell' for producing ATP via cellular respiration?,Mitochondria,Chloroplast,Nucleus,Ribosome,A,easy,Science
2987,Biology & Life Sciences #2: Which organelle is the site of photosynthesis in plant cells?,Mitochondria,Chloroplast,Vacuole,Golgi apparatus,B,easy,Science
2988,Biology & Life Sciences #2: Which organelle contains the hereditary genetic material (DNA) in eukaryotic cells?,Lysosome,Cytoplasm,Endoplasmic Reticulum,Nucleus,D,easy,Science
2989,Biology & Life Sciences #2: Which organelle is responsible for synthesizing proteins in the cell?,Peroxisome,Ribosome,Centrosome,Mitochondria,B,easy,Science
2990,Biology & Life Sciences #2: What is the primary carbohydrate produced during photosynthesis?,Glucose (C6H12O6),Fructose,Sucrose,Cellulose,A,easy,Science
2991,Biology & Life Sciences #2: Which green pigment absorbs light energy to drive photosynthesis?,Anthocyanin,Carotenoid,Hemoglobin,Chlorophyll,D,easy,Science
2992,Biology & Life Sciences #2: What are the four nitrogenous bases found in DNA?,"Adenine, Uracil, Cytosine, Guanine","Adenine, Thymine, Uracil, Guanine","Cytosine, Guanine, Uracil, Thymine","Adenine, Thymine, Cytosine, Guanine",D,easy,Science
2993,Biology & Life Sciences #2: Which nitrogenous base pairs with Adenine in RNA instead of Thymine?,Uracil,Cytosine,Guanine,Thymine,A,easy,Science
2994,"Biology & Life Sciences #2: According to Chargaff's rules of DNA base pairing, Adenine pairs with:",Thymine (with 2 hydrogen bonds),Cytosine,Uracil,Guanine,A,easy,Science
2995,"Biology & Life Sciences #2: According to Chargaff's rules of DNA base pairing, Cytosine pairs with:",Adenine,Uracil,Guanine (with 3 hydrogen bonds),Thymine,C,easy,Science
2996,Biology & Life Sciences #2: What process synthesizes messenger RNA (mRNA) from a DNA template in the nucleus?,Transduction,Transcription,Replication,Translation,B,medium,Science
2997,Biology & Life Sciences #2: What process decodes mRNA into an amino acid sequence (polypeptide) at the ribosome?,Reverse transcription,Translation,Conjugation,Transcription,B,medium,Science
2998,Biology & Life Sciences #2: What is the universal energy currency molecule of biological cells?,NADH,Glucose,DNA,ATP (Adenosine Triphosphate),D,easy,Science
2999,Biology & Life Sciences #2: Which blood cells are responsible for transporting oxygen throughout the human body?,Plasma cells,Platelets (Thrombocytes),Red Blood Cells (Erythrocytes),White Blood Cells (Leukocytes),C,easy,Science
3000,Biology & Life Sciences #2: Which iron-containing protein in red blood cells binds and carries oxygen?,Albumin,Fibrinogen,Hemoglobin,Myoglobin,C,easy,Science
3001,Biology & Life Sciences #2: Which blood type is known as the universal donor in the ABO blood group system?,A positive (A+),O negative (O-),AB positive (AB+),B negative (B-),B,medium,Science
3002,Biology & Life Sciences #2: Which blood type is known as the universal recipient in the ABO blood group system?,A negative (A-),B positive (B+),AB positive (AB+),O negative (O-),C,medium,Science
3003,Biology & Life Sciences #2: Which hormone produced by beta cells in the pancreas lowers blood glucose levels?,Adrenaline,Thyroxine,Glucagon,Insulin,D,easy,Science
3004,Biology & Life Sciences #2: Which hormone produced by alpha cells in the pancreas raises blood glucose levels?,Estrogen,Insulin,Glucagon,Cortisol,C,medium,Science
3005,Biology & Life Sciences #2: What type of cell division produces two genetically identical diploid daughter cells?,Meiosis,Budding,Binary fission,Mitosis,D,easy,Science
3006,Biology & Life Sciences #2: What type of cell division produces four genetically diverse haploid gametes?,Conjugation,Meiosis,Mitosis,Regeneration,B,easy,Science
3007,Biology & Life Sciences #2: What is the primary mechanism of evolutionary change proposed by Charles Darwin?,Genetic Drift,Lamarckian inheritance,Artificial Selection,Natural Selection,D,easy,Science
3008,"Biology & Life Sciences #2: What ecological relationship benefits both participating species (e.g., bees and flowering plants)?",Commensalism,Predation,Parasitism,Mutualism,D,easy,Science
3009,Biology & Life Sciences #2: What ecological relationship benefits one organism while having no significant effect on the other?,Mutualism,Parasitism,Competition,Commensalism,D,medium,Science
3010,Biology & Life Sciences #3: What percentage of energy is typically transferred from one trophic level to the next in an ecological pyramid?,~10%,~50%,~1%,~25%,A,medium,Science
3011,Biology & Life Sciences #3: What organelle is known as the 'powerhouse of the cell' for producing ATP via cellular respiration?,Mitochondria,Nucleus,Chloroplast,Ribosome,A,easy,Science
3012,Biology & Life Sciences #3: Which organelle is the site of photosynthesis in plant cells?,Chloroplast,Vacuole,Mitochondria,Golgi apparatus,A,easy,Science
3013,Biology & Life Sciences #3: Which organelle contains the hereditary genetic material (DNA) in eukaryotic cells?,Lysosome,Nucleus,Cytoplasm,Endoplasmic Reticulum,B,easy,Science
3014,Biology & Life Sciences #3: Which organelle is responsible for synthesizing proteins in the cell?,Ribosome,Mitochondria,Centrosome,Peroxisome,A,easy,Science
3015,Biology & Life Sciences #3: What is the primary carbohydrate produced during photosynthesis?,Fructose,Glucose (C6H12O6),Sucrose,Cellulose,B,easy,Science
3016,Biology & Life Sciences #3: Which green pigment absorbs light energy to drive photosynthesis?,Hemoglobin,Chlorophyll,Carotenoid,Anthocyanin,B,easy,Science
3017,Biology & Life Sciences #3: What are the four nitrogenous bases found in DNA?,"Cytosine, Guanine, Uracil, Thymine","Adenine, Thymine, Uracil, Guanine","Adenine, Uracil, Cytosine, Guanine","Adenine, Thymine, Cytosine, Guanine",D,easy,Science
3018,Biology & Life Sciences #3: Which nitrogenous base pairs with Adenine in RNA instead of Thymine?,Thymine,Guanine,Uracil,Cytosine,C,easy,Science
3019,"Biology & Life Sciences #3: According to Chargaff's rules of DNA base pairing, Adenine pairs with:",Cytosine,Thymine (with 2 hydrogen bonds),Uracil,Guanine,B,easy,Science
3020,"Biology & Life Sciences #3: According to Chargaff's rules of DNA base pairing, Cytosine pairs with:",Guanine (with 3 hydrogen bonds),Uracil,Thymine,Adenine,A,easy,Science
3021,Biology & Life Sciences #3: What process synthesizes messenger RNA (mRNA) from a DNA template in the nucleus?,Translation,Transcription,Replication,Transduction,B,medium,Science
3022,Biology & Life Sciences #3: What process decodes mRNA into an amino acid sequence (polypeptide) at the ribosome?,Conjugation,Transcription,Reverse transcription,Translation,D,medium,Science
3023,Biology & Life Sciences #3: What is the universal energy currency molecule of biological cells?,Glucose,DNA,NADH,ATP (Adenosine Triphosphate),D,easy,Science
3024,Biology & Life Sciences #3: Which blood cells are responsible for transporting oxygen throughout the human body?,Plasma cells,White Blood Cells (Leukocytes),Platelets (Thrombocytes),Red Blood Cells (Erythrocytes),D,easy,Science
3025,Biology & Life Sciences #3: Which iron-containing protein in red blood cells binds and carries oxygen?,Albumin,Myoglobin,Hemoglobin,Fibrinogen,C,easy,Science
3026,Biology & Life Sciences #3: Which blood type is known as the universal donor in the ABO blood group system?,AB positive (AB+),O negative (O-),A positive (A+),B negative (B-),B,medium,Science
3027,Biology & Life Sciences #3: Which blood type is known as the universal recipient in the ABO blood group system?,AB positive (AB+),B positive (B+),O negative (O-),A negative (A-),A,medium,Science
3028,Biology & Life Sciences #3: Which hormone produced by beta cells in the pancreas lowers blood glucose levels?,Thyroxine,Glucagon,Adrenaline,Insulin,D,easy,Science
3029,Biology & Life Sciences #3: Which hormone produced by alpha cells in the pancreas raises blood glucose levels?,Insulin,Glucagon,Estrogen,Cortisol,B,medium,Science
3030,Biology & Life Sciences #3: What type of cell division produces two genetically identical diploid daughter cells?,Budding,Mitosis,Binary fission,Meiosis,B,easy,Science
3031,Biology & Life Sciences #3: What type of cell division produces four genetically diverse haploid gametes?,Conjugation,Meiosis,Regeneration,Mitosis,B,easy,Science
3032,Biology & Life Sciences #3: What is the primary mechanism of evolutionary change proposed by Charles Darwin?,Natural Selection,Lamarckian inheritance,Artificial Selection,Genetic Drift,A,easy,Science
3033,"Biology & Life Sciences #3: What ecological relationship benefits both participating species (e.g., bees and flowering plants)?",Parasitism,Mutualism,Predation,Commensalism,B,easy,Science
3034,Biology & Life Sciences #3: What ecological relationship benefits one organism while having no significant effect on the other?,Mutualism,Commensalism,Parasitism,Competition,B,medium,Science
3035,Biology & Life Sciences #4: What percentage of energy is typically transferred from one trophic level to the next in an ecological pyramid?,~25%,~1%,~10%,~50%,C,medium,Science
3036,Biology & Life Sciences #4: What organelle is known as the 'powerhouse of the cell' for producing ATP via cellular respiration?,Nucleus,Chloroplast,Ribosome,Mitochondria,D,easy,Science
3037,Biology & Life Sciences #4: Which organelle is the site of photosynthesis in plant cells?,Vacuole,Mitochondria,Golgi apparatus,Chloroplast,D,easy,Science
3038,Biology & Life Sciences #4: Which organelle contains the hereditary genetic material (DNA) in eukaryotic cells?,Endoplasmic Reticulum,Nucleus,Cytoplasm,Lysosome,B,easy,Science
3039,Biology & Life Sciences #4: Which organelle is responsible for synthesizing proteins in the cell?,Ribosome,Mitochondria,Centrosome,Peroxisome,A,easy,Science
3040,Biology & Life Sciences #4: What is the primary carbohydrate produced during photosynthesis?,Fructose,Cellulose,Sucrose,Glucose (C6H12O6),D,easy,Science
3041,Biology & Life Sciences #4: Which green pigment absorbs light energy to drive photosynthesis?,Anthocyanin,Carotenoid,Chlorophyll,Hemoglobin,C,easy,Science
3042,Biology & Life Sciences #4: What are the four nitrogenous bases found in DNA?,"Cytosine, Guanine, Uracil, Thymine","Adenine, Thymine, Cytosine, Guanine","Adenine, Thymine, Uracil, Guanine","Adenine, Uracil, Cytosine, Guanine",B,easy,Science
3043,Biology & Life Sciences #4: Which nitrogenous base pairs with Adenine in RNA instead of Thymine?,Uracil,Thymine,Cytosine,Guanine,A,easy,Science
3044,"Biology & Life Sciences #4: According to Chargaff's rules of DNA base pairing, Adenine pairs with:",Cytosine,Guanine,Thymine (with 2 hydrogen bonds),Uracil,C,easy,Science
3045,"Biology & Life Sciences #4: According to Chargaff's rules of DNA base pairing, Cytosine pairs with:",Uracil,Thymine,Guanine (with 3 hydrogen bonds),Adenine,C,easy,Science
3046,Biology & Life Sciences #4: What process synthesizes messenger RNA (mRNA) from a DNA template in the nucleus?,Translation,Replication,Transduction,Transcription,D,medium,Science
3047,Biology & Life Sciences #4: What process decodes mRNA into an amino acid sequence (polypeptide) at the ribosome?,Transcription,Translation,Conjugation,Reverse transcription,B,medium,Science
3048,Biology & Life Sciences #4: What is the universal energy currency molecule of biological cells?,Glucose,DNA,NADH,ATP (Adenosine Triphosphate),D,easy,Science
3049,Biology & Life Sciences #4: Which blood cells are responsible for transporting oxygen throughout the human body?,Red Blood Cells (Erythrocytes),Platelets (Thrombocytes),Plasma cells,White Blood Cells (Leukocytes),A,easy,Science
3050,Biology & Life Sciences #4: Which iron-containing protein in red blood cells binds and carries oxygen?,Albumin,Fibrinogen,Myoglobin,Hemoglobin,D,easy,Science
3051,Biology & Life Sciences #4: Which blood type is known as the universal donor in the ABO blood group system?,O negative (O-),A positive (A+),B negative (B-),AB positive (AB+),A,medium,Science
3052,Biology & Life Sciences #4: Which blood type is known as the universal recipient in the ABO blood group system?,B positive (B+),AB positive (AB+),O negative (O-),A negative (A-),B,medium,Science
3053,Biology & Life Sciences #4: Which hormone produced by beta cells in the pancreas lowers blood glucose levels?,Adrenaline,Thyroxine,Insulin,Glucagon,C,easy,Science
3054,Biology & Life Sciences #4: Which hormone produced by alpha cells in the pancreas raises blood glucose levels?,Estrogen,Insulin,Cortisol,Glucagon,D,medium,Science
3055,Biology & Life Sciences #4: What type of cell division produces two genetically identical diploid daughter cells?,Budding,Meiosis,Mitosis,Binary fission,C,easy,Science
3056,Biology & Life Sciences #4: What type of cell division produces four genetically diverse haploid gametes?,Meiosis,Conjugation,Regeneration,Mitosis,A,easy,Science
3057,Biology & Life Sciences #4: What is the primary mechanism of evolutionary change proposed by Charles Darwin?,Natural Selection,Artificial Selection,Genetic Drift,Lamarckian inheritance,A,easy,Science
3058,"Biology & Life Sciences #4: What ecological relationship benefits both participating species (e.g., bees and flowering plants)?",Predation,Mutualism,Parasitism,Commensalism,B,easy,Science
3059,Biology & Life Sciences #4: What ecological relationship benefits one organism while having no significant effect on the other?,Competition,Commensalism,Mutualism,Parasitism,B,medium,Science
3060,Biology & Life Sciences #5: What percentage of energy is typically transferred from one trophic level to the next in an ecological pyramid?,~10%,~50%,~25%,~1%,A,medium,Science
3061,Biology & Life Sciences #5: What organelle is known as the 'powerhouse of the cell' for producing ATP via cellular respiration?,Mitochondria,Nucleus,Ribosome,Chloroplast,A,easy,Science
3062,Biology & Life Sciences #5: Which organelle is the site of photosynthesis in plant cells?,Vacuole,Mitochondria,Chloroplast,Golgi apparatus,C,easy,Science
3063,Biology & Life Sciences #5: Which organelle contains the hereditary genetic material (DNA) in eukaryotic cells?,Lysosome,Nucleus,Endoplasmic Reticulum,Cytoplasm,B,easy,Science
3064,Biology & Life Sciences #5: Which organelle is responsible for synthesizing proteins in the cell?,Centrosome,Ribosome,Peroxisome,Mitochondria,B,easy,Science
3065,Biology & Life Sciences #5: What is the primary carbohydrate produced during photosynthesis?,Glucose (C6H12O6),Sucrose,Cellulose,Fructose,A,easy,Science
3066,Biology & Life Sciences #5: Which green pigment absorbs light energy to drive photosynthesis?,Carotenoid,Chlorophyll,Hemoglobin,Anthocyanin,B,easy,Science
3067,Biology & Life Sciences #5: What are the four nitrogenous bases found in DNA?,"Cytosine, Guanine, Uracil, Thymine","Adenine, Uracil, Cytosine, Guanine","Adenine, Thymine, Uracil, Guanine","Adenine, Thymine, Cytosine, Guanine",D,easy,Science
3068,Biology & Life Sciences #5: Which nitrogenous base pairs with Adenine in RNA instead of Thymine?,Uracil,Thymine,Cytosine,Guanine,A,easy,Science
3069,"Biology & Life Sciences #5: According to Chargaff's rules of DNA base pairing, Adenine pairs with:",Thymine (with 2 hydrogen bonds),Uracil,Cytosine,Guanine,A,easy,Science
3070,"Biology & Life Sciences #5: According to Chargaff's rules of DNA base pairing, Cytosine pairs with:",Uracil,Thymine,Adenine,Guanine (with 3 hydrogen bonds),D,easy,Science
3071,Biology & Life Sciences #5: What process synthesizes messenger RNA (mRNA) from a DNA template in the nucleus?,Translation,Transcription,Transduction,Replication,B,medium,Science
3072,Biology & Life Sciences #5: What process decodes mRNA into an amino acid sequence (polypeptide) at the ribosome?,Transcription,Reverse transcription,Translation,Conjugation,C,medium,Science
3073,Biology & Life Sciences #5: What is the universal energy currency molecule of biological cells?,DNA,ATP (Adenosine Triphosphate),Glucose,NADH,B,easy,Science
3074,Biology & Life Sciences #5: Which blood cells are responsible for transporting oxygen throughout the human body?,Plasma cells,Red Blood Cells (Erythrocytes),White Blood Cells (Leukocytes),Platelets (Thrombocytes),B,easy,Science
3075,Biology & Life Sciences #5: Which iron-containing protein in red blood cells binds and carries oxygen?,Hemoglobin,Albumin,Fibrinogen,Myoglobin,A,easy,Science
3076,Biology & Life Sciences #5: Which blood type is known as the universal donor in the ABO blood group system?,AB positive (AB+),B negative (B-),O negative (O-),A positive (A+),C,medium,Science
3077,Biology & Life Sciences #5: Which blood type is known as the universal recipient in the ABO blood group system?,B positive (B+),AB positive (AB+),A negative (A-),O negative (O-),B,medium,Science
3078,Biology & Life Sciences #5: Which hormone produced by beta cells in the pancreas lowers blood glucose levels?,Adrenaline,Thyroxine,Glucagon,Insulin,D,easy,Science
3079,Biology & Life Sciences #5: Which hormone produced by alpha cells in the pancreas raises blood glucose levels?,Glucagon,Cortisol,Estrogen,Insulin,A,medium,Science
3080,Biology & Life Sciences #5: What type of cell division produces two genetically identical diploid daughter cells?,Budding,Binary fission,Mitosis,Meiosis,C,easy,Science
3081,Biology & Life Sciences #5: What type of cell division produces four genetically diverse haploid gametes?,Regeneration,Meiosis,Mitosis,Conjugation,B,easy,Science
3082,Biology & Life Sciences #5: What is the primary mechanism of evolutionary change proposed by Charles Darwin?,Genetic Drift,Lamarckian inheritance,Artificial Selection,Natural Selection,D,easy,Science
3083,"Biology & Life Sciences #5: What ecological relationship benefits both participating species (e.g., bees and flowering plants)?",Parasitism,Commensalism,Mutualism,Predation,C,easy,Science
3084,Biology & Life Sciences #5: What ecological relationship benefits one organism while having no significant effect on the other?,Competition,Parasitism,Commensalism,Mutualism,C,medium,Science
3085,Biology & Life Sciences #6: What percentage of energy is typically transferred from one trophic level to the next in an ecological pyramid?,~10%,~1%,~25%,~50%,A,medium,Science
3086,Biology & Life Sciences #6: What organelle is known as the 'powerhouse of the cell' for producing ATP via cellular respiration?,Chloroplast,Mitochondria,Ribosome,Nucleus,B,easy,Science
3087,Biology & Life Sciences #6: Which organelle is the site of photosynthesis in plant cells?,Mitochondria,Chloroplast,Vacuole,Golgi apparatus,B,easy,Science
3088,Biology & Life Sciences #6: Which organelle contains the hereditary genetic material (DNA) in eukaryotic cells?,Nucleus,Cytoplasm,Endoplasmic Reticulum,Lysosome,A,easy,Science
3089,Biology & Life Sciences #6: Which organelle is responsible for synthesizing proteins in the cell?,Ribosome,Mitochondria,Centrosome,Peroxisome,A,easy,Science
3090,Biology & Life Sciences #6: What is the primary carbohydrate produced during photosynthesis?,Fructose,Cellulose,Glucose (C6H12O6),Sucrose,C,easy,Science
3091,Biology & Life Sciences #6: Which green pigment absorbs light energy to drive photosynthesis?,Carotenoid,Anthocyanin,Hemoglobin,Chlorophyll,D,easy,Science
3092,Biology & Life Sciences #6: What are the four nitrogenous bases found in DNA?,"Adenine, Uracil, Cytosine, Guanine","Adenine, Thymine, Cytosine, Guanine","Adenine, Thymine, Uracil, Guanine","Cytosine, Guanine, Uracil, Thymine",B,easy,Science
3093,Biology & Life Sciences #6: Which nitrogenous base pairs with Adenine in RNA instead of Thymine?,Thymine,Cytosine,Guanine,Uracil,D,easy,Science
3094,"Biology & Life Sciences #6: According to Chargaff's rules of DNA base pairing, Adenine pairs with:",Cytosine,Thymine (with 2 hydrogen bonds),Uracil,Guanine,B,easy,Science
3095,"Biology & Life Sciences #6: According to Chargaff's rules of DNA base pairing, Cytosine pairs with:",Guanine (with 3 hydrogen bonds),Adenine,Uracil,Thymine,A,easy,Science
3096,Biology & Life Sciences #6: What process synthesizes messenger RNA (mRNA) from a DNA template in the nucleus?,Replication,Transcription,Translation,Transduction,B,medium,Science
3097,Biology & Life Sciences #6: What process decodes mRNA into an amino acid sequence (polypeptide) at the ribosome?,Reverse transcription,Conjugation,Transcription,Translation,D,medium,Science
3098,Biology & Life Sciences #6: What is the universal energy currency molecule of biological cells?,NADH,ATP (Adenosine Triphosphate),Glucose,DNA,B,easy,Science
3099,Biology & Life Sciences #6: Which blood cells are responsible for transporting oxygen throughout the human body?,Red Blood Cells (Erythrocytes),White Blood Cells (Leukocytes),Platelets (Thrombocytes),Plasma cells,A,easy,Science
3100,Biology & Life Sciences #6: Which iron-containing protein in red blood cells binds and carries oxygen?,Myoglobin,Fibrinogen,Albumin,Hemoglobin,D,easy,Science
3101,Biology & Life Sciences #6: Which blood type is known as the universal donor in the ABO blood group system?,B negative (B-),O negative (O-),A positive (A+),AB positive (AB+),B,medium,Science
3102,Biology & Life Sciences #6: Which blood type is known as the universal recipient in the ABO blood group system?,B positive (B+),AB positive (AB+),A negative (A-),O negative (O-),B,medium,Science
3103,Biology & Life Sciences #6: Which hormone produced by beta cells in the pancreas lowers blood glucose levels?,Thyroxine,Glucagon,Adrenaline,Insulin,D,easy,Science
3104,Biology & Life Sciences #6: Which hormone produced by alpha cells in the pancreas raises blood glucose levels?,Insulin,Estrogen,Glucagon,Cortisol,C,medium,Science
3105,Biology & Life Sciences #6: What type of cell division produces two genetically identical diploid daughter cells?,Budding,Mitosis,Binary fission,Meiosis,B,easy,Science
3106,Biology & Life Sciences #6: What type of cell division produces four genetically diverse haploid gametes?,Conjugation,Regeneration,Meiosis,Mitosis,C,easy,Science
3107,Biology & Life Sciences #6: What is the primary mechanism of evolutionary change proposed by Charles Darwin?,Lamarckian inheritance,Genetic Drift,Artificial Selection,Natural Selection,D,easy,Science
3108,"Biology & Life Sciences #6: What ecological relationship benefits both participating species (e.g., bees and flowering plants)?",Predation,Mutualism,Commensalism,Parasitism,B,easy,Science
3109,Biology & Life Sciences #6: What ecological relationship benefits one organism while having no significant effect on the other?,Mutualism,Commensalism,Parasitism,Competition,B,medium,Science
3110,Biology & Life Sciences #7: What percentage of energy is typically transferred from one trophic level to the next in an ecological pyramid?,~1%,~10%,~25%,~50%,B,medium,Science
3111,Biology & Life Sciences #7: What organelle is known as the 'powerhouse of the cell' for producing ATP via cellular respiration?,Mitochondria,Chloroplast,Ribosome,Nucleus,A,easy,Science
3112,Biology & Life Sciences #7: Which organelle is the site of photosynthesis in plant cells?,Chloroplast,Golgi apparatus,Vacuole,Mitochondria,A,easy,Science
3113,Biology & Life Sciences #7: Which organelle contains the hereditary genetic material (DNA) in eukaryotic cells?,Nucleus,Cytoplasm,Lysosome,Endoplasmic Reticulum,A,easy,Science
3114,Biology & Life Sciences #7: Which organelle is responsible for synthesizing proteins in the cell?,Centrosome,Ribosome,Peroxisome,Mitochondria,B,easy,Science
3115,Biology & Life Sciences #7: What is the primary carbohydrate produced during photosynthesis?,Fructose,Sucrose,Cellulose,Glucose (C6H12O6),D,easy,Science
3116,Biology & Life Sciences #7: Which green pigment absorbs light energy to drive photosynthesis?,Anthocyanin,Hemoglobin,Chlorophyll,Carotenoid,C,easy,Science
3117,Biology & Life Sciences #7: What are the four nitrogenous bases found in DNA?,"Cytosine, Guanine, Uracil, Thymine","Adenine, Thymine, Uracil, Guanine","Adenine, Thymine, Cytosine, Guanine","Adenine, Uracil, Cytosine, Guanine",C,easy,Science
3118,Biology & Life Sciences #7: Which nitrogenous base pairs with Adenine in RNA instead of Thymine?,Thymine,Uracil,Cytosine,Guanine,B,easy,Science
3119,"Biology & Life Sciences #7: According to Chargaff's rules of DNA base pairing, Adenine pairs with:",Guanine,Cytosine,Thymine (with 2 hydrogen bonds),Uracil,C,easy,Science
3120,"Biology & Life Sciences #7: According to Chargaff's rules of DNA base pairing, Cytosine pairs with:",Uracil,Guanine (with 3 hydrogen bonds),Thymine,Adenine,B,easy,Science
3121,Biology & Life Sciences #7: What process synthesizes messenger RNA (mRNA) from a DNA template in the nucleus?,Replication,Transcription,Translation,Transduction,B,medium,Science
3122,Biology & Life Sciences #7: What process decodes mRNA into an amino acid sequence (polypeptide) at the ribosome?,Translation,Transcription,Conjugation,Reverse transcription,A,medium,Science
3123,Biology & Life Sciences #7: What is the universal energy currency molecule of biological cells?,Glucose,ATP (Adenosine Triphosphate),NADH,DNA,B,easy,Science
3124,Biology & Life Sciences #7: Which blood cells are responsible for transporting oxygen throughout the human body?,Plasma cells,White Blood Cells (Leukocytes),Platelets (Thrombocytes),Red Blood Cells (Erythrocytes),D,easy,Science
3125,Biology & Life Sciences #7: Which iron-containing protein in red blood cells binds and carries oxygen?,Hemoglobin,Fibrinogen,Albumin,Myoglobin,A,easy,Science
3126,Biology & Life Sciences #7: Which blood type is known as the universal donor in the ABO blood group system?,A positive (A+),O negative (O-),B negative (B-),AB positive (AB+),B,medium,Science
3127,Biology & Life Sciences #7: Which blood type is known as the universal recipient in the ABO blood group system?,AB positive (AB+),B positive (B+),O negative (O-),A negative (A-),A,medium,Science
3128,Biology & Life Sciences #7: Which hormone produced by beta cells in the pancreas lowers blood glucose levels?,Glucagon,Thyroxine,Adrenaline,Insulin,D,easy,Science
3129,Biology & Life Sciences #7: Which hormone produced by alpha cells in the pancreas raises blood glucose levels?,Cortisol,Estrogen,Insulin,Glucagon,D,medium,Science
3130,Biology & Life Sciences #7: What type of cell division produces two genetically identical diploid daughter cells?,Budding,Meiosis,Binary fission,Mitosis,D,easy,Science
3131,Biology & Life Sciences #7: What type of cell division produces four genetically diverse haploid gametes?,Conjugation,Regeneration,Mitosis,Meiosis,D,easy,Science
3132,Biology & Life Sciences #7: What is the primary mechanism of evolutionary change proposed by Charles Darwin?,Natural Selection,Artificial Selection,Lamarckian inheritance,Genetic Drift,A,easy,Science
3133,"Biology & Life Sciences #7: What ecological relationship benefits both participating species (e.g., bees and flowering plants)?",Parasitism,Predation,Mutualism,Commensalism,C,easy,Science
3134,Biology & Life Sciences #7: What ecological relationship benefits one organism while having no significant effect on the other?,Parasitism,Mutualism,Competition,Commensalism,D,medium,Science
3135,Biology & Life Sciences #8: What percentage of energy is typically transferred from one trophic level to the next in an ecological pyramid?,~1%,~10%,~25%,~50%,B,medium,Science
3136,Biology & Life Sciences #8: What organelle is known as the 'powerhouse of the cell' for producing ATP via cellular respiration?,Nucleus,Chloroplast,Ribosome,Mitochondria,D,easy,Science
3137,Biology & Life Sciences #8: Which organelle is the site of photosynthesis in plant cells?,Vacuole,Mitochondria,Chloroplast,Golgi apparatus,C,easy,Science
3138,Biology & Life Sciences #8: Which organelle contains the hereditary genetic material (DNA) in eukaryotic cells?,Nucleus,Cytoplasm,Lysosome,Endoplasmic Reticulum,A,easy,Science
3139,Biology & Life Sciences #8: Which organelle is responsible for synthesizing proteins in the cell?,Mitochondria,Peroxisome,Centrosome,Ribosome,D,easy,Science
3140,Biology & Life Sciences #8: What is the primary carbohydrate produced during photosynthesis?,Cellulose,Glucose (C6H12O6),Fructose,Sucrose,B,easy,Science
3141,Biology & Life Sciences #8: Which green pigment absorbs light energy to drive photosynthesis?,Chlorophyll,Carotenoid,Hemoglobin,Anthocyanin,A,easy,Science
3142,Biology & Life Sciences #8: What are the four nitrogenous bases found in DNA?,"Adenine, Uracil, Cytosine, Guanine","Adenine, Thymine, Cytosine, Guanine","Adenine, Thymine, Uracil, Guanine","Cytosine, Guanine, Uracil, Thymine",B,easy,Science
3143,Biology & Life Sciences #8: Which nitrogenous base pairs with Adenine in RNA instead of Thymine?,Cytosine,Thymine,Uracil,Guanine,C,easy,Science
3144,"Biology & Life Sciences #8: According to Chargaff's rules of DNA base pairing, Adenine pairs with:",Guanine,Uracil,Thymine (with 2 hydrogen bonds),Cytosine,C,easy,Science
3145,"Biology & Life Sciences #8: According to Chargaff's rules of DNA base pairing, Cytosine pairs with:",Uracil,Thymine,Guanine (with 3 hydrogen bonds),Adenine,C,easy,Science
3146,Biology & Life Sciences #8: What process synthesizes messenger RNA (mRNA) from a DNA template in the nucleus?,Transcription,Transduction,Replication,Translation,A,medium,Science
3147,Biology & Life Sciences #8: What process decodes mRNA into an amino acid sequence (polypeptide) at the ribosome?,Reverse transcription,Transcription,Translation,Conjugation,C,medium,Science
3148,Biology & Life Sciences #8: What is the universal energy currency molecule of biological cells?,ATP (Adenosine Triphosphate),Glucose,DNA,NADH,A,easy,Science
3149,Biology & Life Sciences #8: Which blood cells are responsible for transporting oxygen throughout the human body?,Plasma cells,Red Blood Cells (Erythrocytes),White Blood Cells (Leukocytes),Platelets (Thrombocytes),B,easy,Science
3150,Biology & Life Sciences #8: Which iron-containing protein in red blood cells binds and carries oxygen?,Myoglobin,Hemoglobin,Fibrinogen,Albumin,B,easy,Science
3151,Biology & Life Sciences #8: Which blood type is known as the universal donor in the ABO blood group system?,O negative (O-),B negative (B-),AB positive (AB+),A positive (A+),A,medium,Science
3152,Biology & Life Sciences #8: Which blood type is known as the universal recipient in the ABO blood group system?,O negative (O-),B positive (B+),A negative (A-),AB positive (AB+),D,medium,Science
3153,Biology & Life Sciences #8: Which hormone produced by beta cells in the pancreas lowers blood glucose levels?,Glucagon,Thyroxine,Adrenaline,Insulin,D,easy,Science
3154,Biology & Life Sciences #8: Which hormone produced by alpha cells in the pancreas raises blood glucose levels?,Insulin,Cortisol,Estrogen,Glucagon,D,medium,Science
3155,Biology & Life Sciences #8: What type of cell division produces two genetically identical diploid daughter cells?,Budding,Meiosis,Binary fission,Mitosis,D,easy,Science
3156,Biology & Life Sciences #8: What type of cell division produces four genetically diverse haploid gametes?,Conjugation,Mitosis,Meiosis,Regeneration,C,easy,Science
3157,Biology & Life Sciences #8: What is the primary mechanism of evolutionary change proposed by Charles Darwin?,Natural Selection,Genetic Drift,Artificial Selection,Lamarckian inheritance,A,easy,Science
3158,"Biology & Life Sciences #8: What ecological relationship benefits both participating species (e.g., bees and flowering plants)?",Parasitism,Predation,Commensalism,Mutualism,D,easy,Science
3159,Biology & Life Sciences #8: What ecological relationship benefits one organism while having no significant effect on the other?,Competition,Commensalism,Parasitism,Mutualism,B,medium,Science
3160,Biology & Life Sciences #9: What percentage of energy is typically transferred from one trophic level to the next in an ecological pyramid?,~10%,~50%,~1%,~25%,A,medium,Science
3161,Biology & Life Sciences #9: What organelle is known as the 'powerhouse of the cell' for producing ATP via cellular respiration?,Ribosome,Mitochondria,Nucleus,Chloroplast,B,easy,Science
3162,Biology & Life Sciences #9: Which organelle is the site of photosynthesis in plant cells?,Mitochondria,Vacuole,Chloroplast,Golgi apparatus,C,easy,Science
3163,Biology & Life Sciences #9: Which organelle contains the hereditary genetic material (DNA) in eukaryotic cells?,Endoplasmic Reticulum,Lysosome,Nucleus,Cytoplasm,C,easy,Science
3164,Biology & Life Sciences #9: Which organelle is responsible for synthesizing proteins in the cell?,Ribosome,Centrosome,Peroxisome,Mitochondria,A,easy,Science
3165,Biology & Life Sciences #9: What is the primary carbohydrate produced during photosynthesis?,Cellulose,Sucrose,Fructose,Glucose (C6H12O6),D,easy,Science
3166,Biology & Life Sciences #9: Which green pigment absorbs light energy to drive photosynthesis?,Anthocyanin,Carotenoid,Chlorophyll,Hemoglobin,C,easy,Science
3167,Biology & Life Sciences #9: What are the four nitrogenous bases found in DNA?,"Adenine, Thymine, Uracil, Guanine","Cytosine, Guanine, Uracil, Thymine","Adenine, Uracil, Cytosine, Guanine","Adenine, Thymine, Cytosine, Guanine",D,easy,Science
3168,Biology & Life Sciences #9: Which nitrogenous base pairs with Adenine in RNA instead of Thymine?,Thymine,Guanine,Cytosine,Uracil,D,easy,Science
3169,"Biology & Life Sciences #9: According to Chargaff's rules of DNA base pairing, Adenine pairs with:",Thymine (with 2 hydrogen bonds),Guanine,Cytosine,Uracil,A,easy,Science
3170,"Biology & Life Sciences #9: According to Chargaff's rules of DNA base pairing, Cytosine pairs with:",Adenine,Uracil,Guanine (with 3 hydrogen bonds),Thymine,C,easy,Science
3171,Biology & Life Sciences #9: What process synthesizes messenger RNA (mRNA) from a DNA template in the nucleus?,Replication,Transcription,Transduction,Translation,B,medium,Science
3172,Biology & Life Sciences #9: What process decodes mRNA into an amino acid sequence (polypeptide) at the ribosome?,Translation,Transcription,Reverse transcription,Conjugation,A,medium,Science
3173,Biology & Life Sciences #9: What is the universal energy currency molecule of biological cells?,NADH,Glucose,DNA,ATP (Adenosine Triphosphate),D,easy,Science
3174,Biology & Life Sciences #9: Which blood cells are responsible for transporting oxygen throughout the human body?,Red Blood Cells (Erythrocytes),Platelets (Thrombocytes),White Blood Cells (Leukocytes),Plasma cells,A,easy,Science
3175,Biology & Life Sciences #9: Which iron-containing protein in red blood cells binds and carries oxygen?,Myoglobin,Fibrinogen,Hemoglobin,Albumin,C,easy,Science
3176,Biology & Life Sciences #9: Which blood type is known as the universal donor in the ABO blood group system?,AB positive (AB+),O negative (O-),B negative (B-),A positive (A+),B,medium,Science
3177,Biology & Life Sciences #9: Which blood type is known as the universal recipient in the ABO blood group system?,A negative (A-),AB positive (AB+),O negative (O-),B positive (B+),B,medium,Science
3178,Biology & Life Sciences #9: Which hormone produced by beta cells in the pancreas lowers blood glucose levels?,Thyroxine,Adrenaline,Glucagon,Insulin,D,easy,Science
3179,Biology & Life Sciences #9: Which hormone produced by alpha cells in the pancreas raises blood glucose levels?,Estrogen,Cortisol,Glucagon,Insulin,C,medium,Science
3180,Biology & Life Sciences #9: What type of cell division produces two genetically identical diploid daughter cells?,Binary fission,Meiosis,Mitosis,Budding,C,easy,Science
3181,Biology & Life Sciences #9: What type of cell division produces four genetically diverse haploid gametes?,Conjugation,Mitosis,Regeneration,Meiosis,D,easy,Science
3182,Biology & Life Sciences #9: What is the primary mechanism of evolutionary change proposed by Charles Darwin?,Natural Selection,Genetic Drift,Artificial Selection,Lamarckian inheritance,A,easy,Science
3183,"Biology & Life Sciences #9: What ecological relationship benefits both participating species (e.g., bees and flowering plants)?",Mutualism,Predation,Commensalism,Parasitism,A,easy,Science
3184,Biology & Life Sciences #9: What ecological relationship benefits one organism while having no significant effect on the other?,Parasitism,Mutualism,Commensalism,Competition,C,medium,Science
3185,Biology & Life Sciences #10: What percentage of energy is typically transferred from one trophic level to the next in an ecological pyramid?,~25%,~1%,~50%,~10%,D,medium,Science
3186,Biology & Life Sciences #10: What organelle is known as the 'powerhouse of the cell' for producing ATP via cellular respiration?,Nucleus,Ribosome,Mitochondria,Chloroplast,C,easy,Science
3187,Biology & Life Sciences #10: Which organelle is the site of photosynthesis in plant cells?,Vacuole,Mitochondria,Chloroplast,Golgi apparatus,C,easy,Science
3188,Biology & Life Sciences #10: Which organelle contains the hereditary genetic material (DNA) in eukaryotic cells?,Lysosome,Endoplasmic Reticulum,Nucleus,Cytoplasm,C,easy,Science
3189,Biology & Life Sciences #10: Which organelle is responsible for synthesizing proteins in the cell?,Mitochondria,Centrosome,Ribosome,Peroxisome,C,easy,Science
3190,Biology & Life Sciences #10: What is the primary carbohydrate produced during photosynthesis?,Glucose (C6H12O6),Sucrose,Fructose,Cellulose,A,easy,Science
3191,Biology & Life Sciences #10: Which green pigment absorbs light energy to drive photosynthesis?,Carotenoid,Anthocyanin,Hemoglobin,Chlorophyll,D,easy,Science
3192,Biology & Life Sciences #10: What are the four nitrogenous bases found in DNA?,"Adenine, Thymine, Cytosine, Guanine","Adenine, Uracil, Cytosine, Guanine","Adenine, Thymine, Uracil, Guanine","Cytosine, Guanine, Uracil, Thymine",A,easy,Science
3193,Biology & Life Sciences #10: Which nitrogenous base pairs with Adenine in RNA instead of Thymine?,Thymine,Guanine,Cytosine,Uracil,D,easy,Science
3194,"Biology & Life Sciences #10: According to Chargaff's rules of DNA base pairing, Adenine pairs with:",Cytosine,Thymine (with 2 hydrogen bonds),Guanine,Uracil,B,easy,Science
3195,"Biology & Life Sciences #10: According to Chargaff's rules of DNA base pairing, Cytosine pairs with:",Guanine (with 3 hydrogen bonds),Uracil,Thymine,Adenine,A,easy,Science
3196,Biology & Life Sciences #10: What process synthesizes messenger RNA (mRNA) from a DNA template in the nucleus?,Transduction,Replication,Transcription,Translation,C,medium,Science
3197,Biology & Life Sciences #10: What process decodes mRNA into an amino acid sequence (polypeptide) at the ribosome?,Transcription,Reverse transcription,Conjugation,Translation,D,medium,Science
3198,Biology & Life Sciences #10: What is the universal energy currency molecule of biological cells?,DNA,ATP (Adenosine Triphosphate),Glucose,NADH,B,easy,Science
3199,Biology & Life Sciences #10: Which blood cells are responsible for transporting oxygen throughout the human body?,Platelets (Thrombocytes),Plasma cells,Red Blood Cells (Erythrocytes),White Blood Cells (Leukocytes),C,easy,Science
3200,Biology & Life Sciences #10: Which iron-containing protein in red blood cells binds and carries oxygen?,Myoglobin,Hemoglobin,Albumin,Fibrinogen,B,easy,Science
3201,Biology & Life Sciences #10: Which blood type is known as the universal donor in the ABO blood group system?,O negative (O-),A positive (A+),AB positive (AB+),B negative (B-),A,medium,Science
3202,Biology & Life Sciences #10: Which blood type is known as the universal recipient in the ABO blood group system?,B positive (B+),AB positive (AB+),O negative (O-),A negative (A-),B,medium,Science
3203,Biology & Life Sciences #10: Which hormone produced by beta cells in the pancreas lowers blood glucose levels?,Glucagon,Adrenaline,Insulin,Thyroxine,C,easy,Science
3204,Biology & Life Sciences #10: Which hormone produced by alpha cells in the pancreas raises blood glucose levels?,Cortisol,Estrogen,Glucagon,Insulin,C,medium,Science
3205,Biology & Life Sciences #10: What type of cell division produces two genetically identical diploid daughter cells?,Binary fission,Budding,Meiosis,Mitosis,D,easy,Science
3206,Biology & Life Sciences #10: What type of cell division produces four genetically diverse haploid gametes?,Conjugation,Mitosis,Meiosis,Regeneration,C,easy,Science
3207,Biology & Life Sciences #10: What is the primary mechanism of evolutionary change proposed by Charles Darwin?,Lamarckian inheritance,Artificial Selection,Genetic Drift,Natural Selection,D,easy,Science
3208,"Biology & Life Sciences #10: What ecological relationship benefits both participating species (e.g., bees and flowering plants)?",Predation,Mutualism,Parasitism,Commensalism,B,easy,Science
3209,Biology & Life Sciences #10: What ecological relationship benefits one organism while having no significant effect on the other?,Competition,Parasitism,Commensalism,Mutualism,C,medium,Science
3210,Biology & Life Sciences #11: What percentage of energy is typically transferred from one trophic level to the next in an ecological pyramid?,~1%,~50%,~10%,~25%,C,medium,Science
3211,Biology & Life Sciences #11: What organelle is known as the 'powerhouse of the cell' for producing ATP via cellular respiration?,Nucleus,Ribosome,Mitochondria,Chloroplast,C,easy,Science
3212,Biology & Life Sciences #11: Which organelle is the site of photosynthesis in plant cells?,Mitochondria,Golgi apparatus,Vacuole,Chloroplast,D,easy,Science
3213,Biology & Life Sciences #11: Which organelle contains the hereditary genetic material (DNA) in eukaryotic cells?,Endoplasmic Reticulum,Cytoplasm,Lysosome,Nucleus,D,easy,Science
3214,Biology & Life Sciences #11: Which organelle is responsible for synthesizing proteins in the cell?,Ribosome,Mitochondria,Peroxisome,Centrosome,A,easy,Science
3215,Biology & Life Sciences #11: What is the primary carbohydrate produced during photosynthesis?,Sucrose,Cellulose,Glucose (C6H12O6),Fructose,C,easy,Science
3216,Biology & Life Sciences #11: Which green pigment absorbs light energy to drive photosynthesis?,Anthocyanin,Chlorophyll,Carotenoid,Hemoglobin,B,easy,Science
3217,Biology & Life Sciences #11: What are the four nitrogenous bases found in DNA?,"Adenine, Uracil, Cytosine, Guanine","Adenine, Thymine, Cytosine, Guanine","Adenine, Thymine, Uracil, Guanine","Cytosine, Guanine, Uracil, Thymine",B,easy,Science
3218,Biology & Life Sciences #11: Which nitrogenous base pairs with Adenine in RNA instead of Thymine?,Thymine,Cytosine,Uracil,Guanine,C,easy,Science
3219,"Biology & Life Sciences #11: According to Chargaff's rules of DNA base pairing, Adenine pairs with:",Thymine (with 2 hydrogen bonds),Uracil,Cytosine,Guanine,A,easy,Science
3220,"Biology & Life Sciences #11: According to Chargaff's rules of DNA base pairing, Cytosine pairs with:",Adenine,Thymine,Guanine (with 3 hydrogen bonds),Uracil,C,easy,Science
3221,Biology & Life Sciences #11: What process synthesizes messenger RNA (mRNA) from a DNA template in the nucleus?,Translation,Replication,Transduction,Transcription,D,medium,Science
3222,Biology & Life Sciences #11: What process decodes mRNA into an amino acid sequence (polypeptide) at the ribosome?,Reverse transcription,Transcription,Conjugation,Translation,D,medium,Science
3223,Biology & Life Sciences #11: What is the universal energy currency molecule of biological cells?,ATP (Adenosine Triphosphate),NADH,Glucose,DNA,A,easy,Science
3224,Biology & Life Sciences #11: Which blood cells are responsible for transporting oxygen throughout the human body?,White Blood Cells (Leukocytes),Red Blood Cells (Erythrocytes),Plasma cells,Platelets (Thrombocytes),B,easy,Science
3225,Biology & Life Sciences #11: Which iron-containing protein in red blood cells binds and carries oxygen?,Albumin,Myoglobin,Hemoglobin,Fibrinogen,C,easy,Science
3226,Biology & Life Sciences #11: Which blood type is known as the universal donor in the ABO blood group system?,O negative (O-),A positive (A+),AB positive (AB+),B negative (B-),A,medium,Science
3227,Biology & Life Sciences #11: Which blood type is known as the universal recipient in the ABO blood group system?,O negative (O-),B positive (B+),AB positive (AB+),A negative (A-),C,medium,Science
3228,Biology & Life Sciences #11: Which hormone produced by beta cells in the pancreas lowers blood glucose levels?,Glucagon,Thyroxine,Adrenaline,Insulin,D,easy,Science
3229,Biology & Life Sciences #11: Which hormone produced by alpha cells in the pancreas raises blood glucose levels?,Glucagon,Estrogen,Insulin,Cortisol,A,medium,Science
3230,Biology & Life Sciences #11: What type of cell division produces two genetically identical diploid daughter cells?,Budding,Meiosis,Mitosis,Binary fission,C,easy,Science
3231,Biology & Life Sciences #11: What type of cell division produces four genetically diverse haploid gametes?,Meiosis,Regeneration,Conjugation,Mitosis,A,easy,Science
3232,Biology & Life Sciences #11: What is the primary mechanism of evolutionary change proposed by Charles Darwin?,Lamarckian inheritance,Genetic Drift,Artificial Selection,Natural Selection,D,easy,Science
3233,"Biology & Life Sciences #11: What ecological relationship benefits both participating species (e.g., bees and flowering plants)?",Commensalism,Parasitism,Predation,Mutualism,D,easy,Science
3234,Biology & Life Sciences #11: What ecological relationship benefits one organism while having no significant effect on the other?,Commensalism,Competition,Parasitism,Mutualism,A,medium,Science
3235,Biology & Life Sciences #12: What percentage of energy is typically transferred from one trophic level to the next in an ecological pyramid?,~1%,~50%,~25%,~10%,D,medium,Science
3236,Biology & Life Sciences #12: What organelle is known as the 'powerhouse of the cell' for producing ATP via cellular respiration?,Mitochondria,Chloroplast,Ribosome,Nucleus,A,easy,Science
3237,Biology & Life Sciences #12: Which organelle is the site of photosynthesis in plant cells?,Golgi apparatus,Chloroplast,Vacuole,Mitochondria,B,easy,Science
3238,Biology & Life Sciences #12: Which organelle contains the hereditary genetic material (DNA) in eukaryotic cells?,Cytoplasm,Endoplasmic Reticulum,Lysosome,Nucleus,D,easy,Science
3239,Biology & Life Sciences #12: Which organelle is responsible for synthesizing proteins in the cell?,Ribosome,Mitochondria,Peroxisome,Centrosome,A,easy,Science
3240,Biology & Life Sciences #12: What is the primary carbohydrate produced during photosynthesis?,Glucose (C6H12O6),Cellulose,Fructose,Sucrose,A,easy,Science
3241,Biology & Life Sciences #12: Which green pigment absorbs light energy to drive photosynthesis?,Anthocyanin,Hemoglobin,Carotenoid,Chlorophyll,D,easy,Science
3242,Biology & Life Sciences #12: What are the four nitrogenous bases found in DNA?,"Adenine, Thymine, Uracil, Guanine","Adenine, Thymine, Cytosine, Guanine","Adenine, Uracil, Cytosine, Guanine","Cytosine, Guanine, Uracil, Thymine",B,easy,Science
3243,Biology & Life Sciences #12: Which nitrogenous base pairs with Adenine in RNA instead of Thymine?,Uracil,Thymine,Guanine,Cytosine,A,easy,Science
3244,"Biology & Life Sciences #12: According to Chargaff's rules of DNA base pairing, Adenine pairs with:",Guanine,Thymine (with 2 hydrogen bonds),Uracil,Cytosine,B,easy,Science
3245,"Biology & Life Sciences #12: According to Chargaff's rules of DNA base pairing, Cytosine pairs with:",Thymine,Uracil,Adenine,Guanine (with 3 hydrogen bonds),D,easy,Science
3246,Biology & Life Sciences #12: What process synthesizes messenger RNA (mRNA) from a DNA template in the nucleus?,Replication,Transcription,Translation,Transduction,B,medium,Science
3247,Biology & Life Sciences #12: What process decodes mRNA into an amino acid sequence (polypeptide) at the ribosome?,Translation,Reverse transcription,Conjugation,Transcription,A,medium,Science
3248,Biology & Life Sciences #12: What is the universal energy currency molecule of biological cells?,ATP (Adenosine Triphosphate),NADH,DNA,Glucose,A,easy,Science
3249,Biology & Life Sciences #12: Which blood cells are responsible for transporting oxygen throughout the human body?,Plasma cells,Platelets (Thrombocytes),Red Blood Cells (Erythrocytes),White Blood Cells (Leukocytes),C,easy,Science
3250,Biology & Life Sciences #12: Which iron-containing protein in red blood cells binds and carries oxygen?,Fibrinogen,Hemoglobin,Albumin,Myoglobin,B,easy,Science
3251,Biology & Life Sciences #12: Which blood type is known as the universal donor in the ABO blood group system?,B negative (B-),AB positive (AB+),A positive (A+),O negative (O-),D,medium,Science
3252,Biology & Life Sciences #12: Which blood type is known as the universal recipient in the ABO blood group system?,B positive (B+),AB positive (AB+),O negative (O-),A negative (A-),B,medium,Science
3253,Biology & Life Sciences #12: Which hormone produced by beta cells in the pancreas lowers blood glucose levels?,Insulin,Glucagon,Thyroxine,Adrenaline,A,easy,Science
3254,Biology & Life Sciences #12: Which hormone produced by alpha cells in the pancreas raises blood glucose levels?,Insulin,Cortisol,Estrogen,Glucagon,D,medium,Science
3255,Biology & Life Sciences #12: What type of cell division produces two genetically identical diploid daughter cells?,Meiosis,Budding,Binary fission,Mitosis,D,easy,Science
3256,Biology & Life Sciences #12: What type of cell division produces four genetically diverse haploid gametes?,Mitosis,Regeneration,Meiosis,Conjugation,C,easy,Science
3257,Biology & Life Sciences #12: What is the primary mechanism of evolutionary change proposed by Charles Darwin?,Artificial Selection,Lamarckian inheritance,Natural Selection,Genetic Drift,C,easy,Science
3258,"Biology & Life Sciences #12: What ecological relationship benefits both participating species (e.g., bees and flowering plants)?",Commensalism,Predation,Parasitism,Mutualism,D,easy,Science
3259,Biology & Life Sciences #12: What ecological relationship benefits one organism while having no significant effect on the other?,Competition,Commensalism,Parasitism,Mutualism,B,medium,Science
3260,Biology & Life Sciences #13: What percentage of energy is typically transferred from one trophic level to the next in an ecological pyramid?,~25%,~50%,~1%,~10%,D,medium,Science
3261,Biology & Life Sciences #13: What organelle is known as the 'powerhouse of the cell' for producing ATP via cellular respiration?,Ribosome,Mitochondria,Chloroplast,Nucleus,B,easy,Science
3262,Biology & Life Sciences #13: Which organelle is the site of photosynthesis in plant cells?,Mitochondria,Chloroplast,Golgi apparatus,Vacuole,B,easy,Science
3263,Biology & Life Sciences #13: Which organelle contains the hereditary genetic material (DNA) in eukaryotic cells?,Nucleus,Cytoplasm,Endoplasmic Reticulum,Lysosome,A,easy,Science
3264,Biology & Life Sciences #13: Which organelle is responsible for synthesizing proteins in the cell?,Mitochondria,Centrosome,Ribosome,Peroxisome,C,easy,Science
3265,Biology & Life Sciences #13: What is the primary carbohydrate produced during photosynthesis?,Cellulose,Fructose,Glucose (C6H12O6),Sucrose,C,easy,Science
3266,Biology & Life Sciences #13: Which green pigment absorbs light energy to drive photosynthesis?,Anthocyanin,Chlorophyll,Hemoglobin,Carotenoid,B,easy,Science
3267,Biology & Life Sciences #13: What are the four nitrogenous bases found in DNA?,"Cytosine, Guanine, Uracil, Thymine","Adenine, Uracil, Cytosine, Guanine","Adenine, Thymine, Uracil, Guanine","Adenine, Thymine, Cytosine, Guanine",D,easy,Science
3268,Biology & Life Sciences #13: Which nitrogenous base pairs with Adenine in RNA instead of Thymine?,Cytosine,Uracil,Thymine,Guanine,B,easy,Science
3269,"Biology & Life Sciences #13: According to Chargaff's rules of DNA base pairing, Adenine pairs with:",Guanine,Cytosine,Thymine (with 2 hydrogen bonds),Uracil,C,easy,Science
3270,"Biology & Life Sciences #13: According to Chargaff's rules of DNA base pairing, Cytosine pairs with:",Uracil,Thymine,Guanine (with 3 hydrogen bonds),Adenine,C,easy,Science
3271,Biology & Life Sciences #13: What process synthesizes messenger RNA (mRNA) from a DNA template in the nucleus?,Replication,Transcription,Transduction,Translation,B,medium,Science
3272,Biology & Life Sciences #13: What process decodes mRNA into an amino acid sequence (polypeptide) at the ribosome?,Reverse transcription,Translation,Transcription,Conjugation,B,medium,Science
3273,Biology & Life Sciences #13: What is the universal energy currency molecule of biological cells?,NADH,DNA,ATP (Adenosine Triphosphate),Glucose,C,easy,Science
3274,Biology & Life Sciences #13: Which blood cells are responsible for transporting oxygen throughout the human body?,Platelets (Thrombocytes),Red Blood Cells (Erythrocytes),Plasma cells,White Blood Cells (Leukocytes),B,easy,Science
3275,Biology & Life Sciences #13: Which iron-containing protein in red blood cells binds and carries oxygen?,Albumin,Fibrinogen,Hemoglobin,Myoglobin,C,easy,Science
3276,Biology & Life Sciences #13: Which blood type is known as the universal donor in the ABO blood group system?,O negative (O-),B negative (B-),A positive (A+),AB positive (AB+),A,medium,Science
3277,Biology & Life Sciences #13: Which blood type is known as the universal recipient in the ABO blood group system?,A negative (A-),B positive (B+),O negative (O-),AB positive (AB+),D,medium,Science
3278,Biology & Life Sciences #13: Which hormone produced by beta cells in the pancreas lowers blood glucose levels?,Adrenaline,Insulin,Thyroxine,Glucagon,B,easy,Science
3279,Biology & Life Sciences #13: Which hormone produced by alpha cells in the pancreas raises blood glucose levels?,Insulin,Cortisol,Estrogen,Glucagon,D,medium,Science
3280,Biology & Life Sciences #13: What type of cell division produces two genetically identical diploid daughter cells?,Binary fission,Meiosis,Mitosis,Budding,C,easy,Science
3281,Biology & Life Sciences #13: What type of cell division produces four genetically diverse haploid gametes?,Mitosis,Conjugation,Meiosis,Regeneration,C,easy,Science
3282,Biology & Life Sciences #13: What is the primary mechanism of evolutionary change proposed by Charles Darwin?,Lamarckian inheritance,Artificial Selection,Genetic Drift,Natural Selection,D,easy,Science
3283,"Biology & Life Sciences #13: What ecological relationship benefits both participating species (e.g., bees and flowering plants)?",Parasitism,Mutualism,Commensalism,Predation,B,easy,Science
3284,Biology & Life Sciences #13: What ecological relationship benefits one organism while having no significant effect on the other?,Mutualism,Parasitism,Competition,Commensalism,D,medium,Science
3285,Biology & Life Sciences #14: What percentage of energy is typically transferred from one trophic level to the next in an ecological pyramid?,~25%,~1%,~10%,~50%,C,medium,Science
3286,Biology & Life Sciences #14: What organelle is known as the 'powerhouse of the cell' for producing ATP via cellular respiration?,Chloroplast,Ribosome,Mitochondria,Nucleus,C,easy,Science
3287,Biology & Life Sciences #14: Which organelle is the site of photosynthesis in plant cells?,Vacuole,Mitochondria,Golgi apparatus,Chloroplast,D,easy,Science
3288,Biology & Life Sciences #14: Which organelle contains the hereditary genetic material (DNA) in eukaryotic cells?,Cytoplasm,Endoplasmic Reticulum,Lysosome,Nucleus,D,easy,Science
3289,Biology & Life Sciences #14: Which organelle is responsible for synthesizing proteins in the cell?,Ribosome,Mitochondria,Peroxisome,Centrosome,A,easy,Science
3290,Biology & Life Sciences #14: What is the primary carbohydrate produced during photosynthesis?,Glucose (C6H12O6),Sucrose,Cellulose,Fructose,A,easy,Science
3291,Biology & Life Sciences #14: Which green pigment absorbs light energy to drive photosynthesis?,Carotenoid,Anthocyanin,Chlorophyll,Hemoglobin,C,easy,Science
3292,Biology & Life Sciences #14: What are the four nitrogenous bases found in DNA?,"Cytosine, Guanine, Uracil, Thymine","Adenine, Uracil, Cytosine, Guanine","Adenine, Thymine, Uracil, Guanine","Adenine, Thymine, Cytosine, Guanine",D,easy,Science
3293,Biology & Life Sciences #14: Which nitrogenous base pairs with Adenine in RNA instead of Thymine?,Cytosine,Guanine,Thymine,Uracil,D,easy,Science
3294,"Biology & Life Sciences #14: According to Chargaff's rules of DNA base pairing, Adenine pairs with:",Uracil,Cytosine,Guanine,Thymine (with 2 hydrogen bonds),D,easy,Science
3295,"Biology & Life Sciences #14: According to Chargaff's rules of DNA base pairing, Cytosine pairs with:",Uracil,Thymine,Adenine,Guanine (with 3 hydrogen bonds),D,easy,Science
3296,Biology & Life Sciences #14: What process synthesizes messenger RNA (mRNA) from a DNA template in the nucleus?,Transduction,Replication,Transcription,Translation,C,medium,Science
3297,Biology & Life Sciences #14: What process decodes mRNA into an amino acid sequence (polypeptide) at the ribosome?,Reverse transcription,Transcription,Conjugation,Translation,D,medium,Science
3298,Biology & Life Sciences #14: What is the universal energy currency molecule of biological cells?,NADH,DNA,ATP (Adenosine Triphosphate),Glucose,C,easy,Science
3299,Biology & Life Sciences #14: Which blood cells are responsible for transporting oxygen throughout the human body?,Plasma cells,White Blood Cells (Leukocytes),Red Blood Cells (Erythrocytes),Platelets (Thrombocytes),C,easy,Science
3300,Biology & Life Sciences #14: Which iron-containing protein in red blood cells binds and carries oxygen?,Albumin,Fibrinogen,Myoglobin,Hemoglobin,D,easy,Science
